t,fx,fy,fz,fmag
-36.390,0.00,-0.01,5.07,5.07
-36.385,0.00,-0.01,5.08,5.08
-36.375,0.00,-0.01,5.09,5.09
-36.365,0.00,-0.01,5.09,5.09
-36.355,0.00,-0.01,5.10,5.10
-36.345,0.00,-0.01,5.09,5.09
-36.334,0.00,-0.01,5.09,5.09
-36.325,0.00,-0.01,5.08,5.08
-36.315,0.00,-0.01,5.07,5.07
-36.305,0.00,-0.01,5.07,5.07
-36.295,0.00,-0.01,5.08,5.08
-36.285,0.00,-0.01,5.08,5.08
-36.275,0.00,-0.01,5.09,5.09
-36.265,0.00,-0.01,5.09,5.09
-36.255,0.00,-0.01,5.09,5.09
-36.245,0.00,-0.01,5.09,5.09
-36.235,0.00,-0.01,5.09,5.09
-36.225,0.00,-0.01,5.09,5.09
-36.215,0.00,-0.01,5.09,5.09
-36.205,0.00,-0.01,5.09,5.09
-36.195,0.00,-0.01,5.09,5.09
-36.185,0.00,-0.01,5.09,5.09
-36.175,0.00,-0.01,5.09,5.09
-36.165,0.00,-0.01,5.09,5.09
-36.155,0.00,-0.01,5.09,5.09
-36.145,0.00,-0.01,5.09,5.09
-36.135,0.00,-0.01,5.09,5.09
-36.125,0.00,-0.01,5.09,5.09
-36.115,0.00,-0.01,5.09,5.09
-36.105,0.00,-0.01,5.09,5.09
-36.095,0.00,-0.01,5.10,5.10
-36.085,0.00,-0.01,5.10,5.10
-36.075,0.00,-0.01,5.09,5.09
-36.065,0.00,-0.01,5.09,5.09
-36.055,0.00,-0.01,5.09,5.09
-36.045,0.00,-0.01,5.09,5.09
-36.035,0.00,-0.01,5.08,5.08
-36.025,0.00,-0.01,5.09,5.09
-36.015,0.00,-0.01,5.09,5.09
-36.005,0.00,-0.01,5.09,5.09
-35.995,0.00,-0.01,5.09,5.09
-35.985,0.00,-0.01,5.09,5.09
-35.975,0.00,-0.01,5.09,5.09
-35.965,0.00,-0.01,5.09,5.09
-35.955,0.00,-0.01,5.09,5.09
-35.945,0.00,-0.01,5.09,5.09
-35.935,0.00,-0.01,5.09,5.09
-35.925,0.00,-0.01,5.10,5.10
-35.915,0.00,-0.01,5.10,5.10
-35.905,0.00,-0.01,5.10,5.10
-35.895,0.00,-0.01,5.10,5.10
-35.885,0.00,-0.01,5.10,5.10
-35.875,0.00,-0.01,5.09,5.09
-35.865,0.00,-0.01,5.09,5.09
-35.855,0.00,-0.01,5.09,5.09
-35.845,0.00,-0.01,5.09,5.09
-35.835,0.00,-0.01,5.10,5.10
-35.825,0.00,-0.01,5.10,5.10
-35.815,0.00,-0.01,5.10,5.10
-35.805,0.00,-0.01,5.10,5.10
-35.795,0.00,-0.01,5.09,5.09
-35.785,0.00,-0.01,5.09,5.09
-35.775,0.00,-0.01,5.09,5.09
-35.765,0.00,-0.01,5.10,5.10
-35.755,0.00,-0.01,5.10,5.10
-35.745,0.00,-0.01,5.10,5.10
-35.735,0.00,-0.01,5.10,5.10
-35.725,0.00,-0.01,5.10,5.10
-35.715,0.00,-0.01,5.10,5.10
-35.705,0.00,-0.01,5.09,5.09
-35.695,0.00,-0.01,5.09,5.09
-35.685,0.00,-0.01,5.09,5.09
-35.675,0.00,-0.01,5.09,5.09
-35.665,0.00,-0.01,5.10,5.10
-35.655,0.00,-0.01,5.10,5.10
-35.645,0.00,-0.01,5.10,5.10
-35.635,0.00,-0.01,5.10,5.10
-35.625,0.00,-0.01,5.09,5.09
-35.615,0.00,-0.01,5.09,5.09
-35.605,0.00,-0.01,5.08,5.08
-35.595,0.00,-0.01,5.09,5.09
-35.585,0.00,-0.01,5.09,5.09
-35.575,0.00,-0.01,5.10,5.10
-35.565,0.00,-0.01,5.10,5.10
-35.555,0.00,-0.01,5.09,5.09
-35.545,0.00,-0.01,5.09,5.09
-35.535,0.00,-0.01,5.09,5.09
-35.525,0.00,-0.01,5.09,5.09
-35.515,0.00,-0.01,5.09,5.09
-35.505,0.00,-0.01,5.09,5.09
-35.495,0.00,-0.01,5.09,5.09
-35.485,0.00,-0.01,5.09,5.09
-35.475,0.00,-0.01,5.09,5.09
-35.465,0.00,-0.01,5.08,5.08
-35.455,0.00,-0.01,5.08,5.08
-35.445,0.00,-0.01,5.08,5.08
-35.435,0.00,-0.01,5.09,5.09
-35.425,0.00,-0.01,5.09,5.09
-35.415,0.00,-0.01,5.09,5.09
-35.405,0.00,-0.01,5.09,5.09
-35.395,0.00,-0.01,5.09,5.09
-35.385,0.00,-0.01,5.09,5.09
-35.375,0.00,-0.01,5.08,5.08
-35.365,0.00,-0.01,5.08,5.08
-35.355,0.00,-0.01,5.08,5.08
-35.345,0.00,-0.01,5.09,5.09
-35.335,0.00,-0.01,5.09,5.09
-35.325,0.00,-0.01,5.09,5.09
-35.315,0.00,-0.01,5.09,5.09
-35.305,0.00,-0.01,5.09,5.09
-35.295,0.00,-0.01,5.08,5.08
-35.285,0.00,-0.01,5.08,5.08
-35.275,0.00,-0.01,5.08,5.08
-35.265,0.00,-0.01,5.08,5.08
-35.255,0.00,-0.01,5.08,5.08
-35.245,0.00,-0.01,5.09,5.09
-35.235,0.00,-0.01,5.09,5.09
-35.225,0.00,-0.01,5.09,5.09
-35.215,0.00,-0.01,5.09,5.09
-35.205,0.00,-0.01,5.09,5.09
-35.195,0.00,-0.01,5.09,5.09
-35.185,0.00,-0.01,5.09,5.09
-35.175,0.00,-0.01,5.09,5.09
-35.165,0.00,-0.01,5.09,5.09
-35.155,0.00,-0.01,5.09,5.09
-35.145,0.00,-0.01,5.09,5.09
-35.135,0.00,-0.01,5.09,5.09
-35.125,0.00,-0.01,5.08,5.08
-35.115,0.00,-0.01,5.08,5.08
-35.105,0.00,-0.01,5.09,5.09
-35.095,0.00,-0.01,5.09,5.09
-35.085,0.00,-0.01,5.09,5.09
-35.075,0.00,-0.01,5.09,5.09
-35.065,0.00,-0.01,5.09,5.09
-35.055,0.00,-0.01,5.09,5.09
-35.045,0.00,-0.01,5.09,5.09
-35.035,0.00,-0.01,5.09,5.09
-35.025,0.00,-0.01,5.09,5.09
-35.015,0.00,-0.01,5.09,5.09
-35.005,0.00,-0.01,5.09,5.09
-34.995,0.00,-0.01,5.09,5.09
-34.985,0.00,-0.01,5.09,5.09
-34.975,0.00,-0.01,5.09,5.09
-34.965,0.00,-0.01,5.09,5.09
-34.955,0.00,-0.01,5.09,5.09
-34.945,0.00,-0.01,5.09,5.09
-34.935,0.00,-0.01,5.09,5.09
-34.925,0.00,-0.01,5.09,5.09
-34.915,0.00,-0.01,5.09,5.09
-34.905,0.00,-0.01,5.09,5.09
-34.895,0.00,-0.01,5.09,5.09
-34.885,0.00,-0.01,5.09,5.09
-34.875,0.00,-0.01,5.09,5.09
-34.865,0.00,-0.01,5.09,5.09
-34.855,0.00,-0.01,5.09,5.09
-34.845,0.00,-0.01,5.09,5.09
-34.835,0.00,-0.01,5.09,5.09
-34.825,0.00,-0.01,5.09,5.09
-34.815,0.00,-0.01,5.09,5.09
-34.805,0.00,-0.01,5.09,5.09
-34.795,0.00,-0.01,5.09,5.09
-34.785,0.00,-0.01,5.09,5.09
-34.775,0.00,-0.01,5.09,5.09
-34.765,0.00,-0.01,5.09,5.09
-34.755,0.00,-0.01,5.09,5.09
-34.745,0.00,-0.01,5.09,5.09
-34.735,0.00,-0.01,5.09,5.09
-34.725,0.00,-0.01,5.09,5.09
-34.715,0.00,-0.01,5.09,5.09
-34.705,0.00,-0.01,5.09,5.09
-34.695,0.00,-0.01,5.09,5.09
-34.685,0.00,-0.01,5.09,5.09
-34.675,0.00,-0.01,5.09,5.09
-34.665,0.00,-0.01,5.09,5.09
-34.655,0.00,-0.01,5.09,5.09
-34.645,0.00,-0.01,5.09,5.09
-34.635,0.00,-0.01,5.09,5.09
-34.625,0.00,-0.01,5.09,5.09
-34.615,0.00,-0.01,5.09,5.09
-34.605,0.00,-0.01,5.09,5.09
-34.595,0.00,-0.01,5.09,5.09
-34.585,0.00,-0.01,5.09,5.09
-34.575,0.00,-0.01,5.09,5.09
-34.565,0.00,-0.01,5.09,5.09
-34.555,0.00,-0.01,5.09,5.09
-34.545,0.00,-0.01,5.09,5.09
-34.535,0.00,-0.01,5.09,5.09
-34.525,0.00,-0.01,5.09,5.09
-34.515,0.00,-0.01,5.09,5.09
-34.505,0.00,-0.01,5.09,5.09
-34.495,0.00,-0.01,5.09,5.09
-34.485,0.00,-0.01,5.09,5.09
-34.475,0.00,-0.01,5.09,5.09
-34.465,0.00,-0.01,5.09,5.09
-34.455,0.00,-0.01,5.09,5.09
-34.445,0.00,-0.01,5.09,5.09
-34.435,0.00,-0.01,5.09,5.09
-34.425,0.00,-0.01,5.09,5.09
-34.415,0.00,-0.01,5.09,5.09
-34.405,0.00,-0.01,5.09,5.09
-34.395,0.00,-0.01,5.09,5.09
-34.385,0.00,-0.01,5.09,5.09
-34.375,0.00,-0.01,5.09,5.09
-34.365,0.00,-0.01,5.09,5.09
-34.355,0.00,-0.01,5.09,5.09
-34.345,0.00,-0.01,5.09,5.09
-34.335,0.00,-0.01,5.09,5.09
-34.325,0.00,-0.01,5.09,5.09
-34.315,0.00,-0.01,5.09,5.09
-34.305,0.00,-0.01,5.09,5.09
-34.295,0.00,-0.01,5.09,5.09
-34.285,0.00,-0.01,5.09,5.09
-34.275,0.00,-0.01,5.08,5.08
-34.265,0.00,-0.01,5.09,5.09
-34.255,0.00,-0.01,5.09,5.09
-34.245,0.00,-0.01,5.09,5.09
-34.235,0.00,-0.01,5.09,5.09
-34.225,0.00,-0.01,5.09,5.09
-34.215,0.00,-0.01,5.09,5.09
-34.205,0.00,-0.01,5.09,5.09
-34.195,0.00,-0.01,5.09,5.09
-34.185,0.00,-0.01,5.09,5.09
-34.175,0.00,-0.01,5.09,5.09
-34.165,0.00,-0.01,5.09,5.09
-34.155,0.00,-0.01,5.09,5.09
-34.145,0.00,-0.01,5.09,5.09
-34.135,0.00,-0.01,5.09,5.09
-34.125,0.00,-0.01,5.09,5.09
-34.115,0.00,-0.01,5.09,5.09
-34.105,0.00,-0.01,5.09,5.09
-34.095,0.00,-0.01,5.09,5.09
-34.085,0.00,-0.01,5.09,5.09
-34.075,0.00,-0.01,5.08,5.08
-34.065,0.00,-0.01,5.08,5.08
-34.055,0.00,-0.01,5.08,5.08
-34.045,0.00,-0.01,5.09,5.09
-34.035,0.00,-0.01,5.09,5.09
-34.025,0.00,-0.01,5.09,5.09
-34.015,0.00,-0.01,5.09,5.09
-34.005,0.00,-0.01,5.09,5.09
-33.995,0.00,-0.01,5.09,5.09
-33.985,0.00,-0.01,5.08,5.08
-33.975,0.00,-0.01,5.09,5.09
-33.965,0.00,-0.01,5.09,5.09
-33.955,0.00,-0.01,5.09,5.09
-33.945,0.00,-0.01,5.09,5.09
-33.935,0.00,-0.01,5.09,5.09
-33.925,0.00,-0.01,5.09,5.09
-33.915,0.00,-0.01,5.09,5.09
-33.905,0.00,-0.01,5.09,5.09
-33.895,0.00,-0.01,5.09,5.09
-33.885,0.00,-0.01,5.09,5.09
-33.875,0.00,-0.01,5.09,5.09
-33.865,0.00,-0.01,5.09,5.09
-33.855,0.00,-0.01,5.10,5.10
-33.845,0.00,-0.01,5.10,5.10
-33.835,0.00,-0.01,5.10,5.10
-33.825,0.00,-0.01,5.09,5.09
-33.815,0.00,-0.01,5.08,5.08
-33.805,0.00,-0.01,5.08,5.08
-33.795,0.00,-0.01,5.08,5.08
-33.785,0.00,-0.01,5.09,5.09
-33.775,0.00,-0.01,5.09,5.09
-33.765,0.00,-0.01,5.10,5.10
-33.755,0.00,-0.01,5.09,5.09
-33.745,0.00,-0.01,5.09,5.09
-33.735,0.00,-0.01,5.09,5.09
-33.725,0.00,-0.01,5.08,5.08
-33.715,0.00,-0.01,5.08,5.08
-33.705,0.00,-0.01,5.09,5.09
-33.695,0.00,-0.01,5.09,5.09
-33.685,0.00,-0.01,5.09,5.09
-33.675,0.00,-0.01,5.09,5.09
-33.665,0.00,-0.01,5.09,5.09
-33.655,0.00,-0.01,5.09,5.09
-33.645,0.00,-0.01,5.09,5.09
-33.635,0.00,-0.01,5.09,5.09
-33.625,0.00,-0.01,5.09,5.09
-33.615,0.00,-0.01,5.09,5.09
-33.605,0.00,-0.01,5.09,5.09
-33.595,0.00,-0.01,5.09,5.09
-33.585,0.00,-0.01,5.09,5.09
-33.575,0.00,-0.01,5.09,5.09
-33.565,0.00,-0.01,5.09,5.09
-33.555,0.00,-0.01,5.09,5.09
-33.545,0.00,-0.01,5.09,5.09
-33.535,0.00,-0.01,5.09,5.09
-33.525,0.00,-0.01,5.09,5.09
-33.515,0.00,-0.01,5.09,5.09
-33.505,0.00,-0.01,5.09,5.09
-33.495,0.00,-0.01,5.08,5.08
-33.485,0.00,-0.01,5.08,5.08
-33.475,0.00,-0.01,5.09,5.09
-33.465,0.00,-0.01,5.09,5.09
-33.455,0.00,-0.01,5.09,5.09
-33.445,0.00,-0.01,5.09,5.09
-33.435,0.00,-0.01,5.09,5.09
-33.425,0.00,-0.01,5.09,5.09
-33.415,0.00,-0.01,5.09,5.09
-33.405,0.00,-0.01,5.09,5.09
-33.395,0.00,-0.01,5.09,5.09
-33.385,0.00,-0.01,5.09,5.09
-33.375,0.00,-0.01,5.09,5.09
-33.365,0.00,-0.01,5.09,5.09
-33.355,0.00,-0.01,5.09,5.09
-33.345,0.00,-0.01,5.08,5.08
-33.335,0.00,-0.01,5.08,5.08
-33.325,0.00,-0.01,5.08,5.08
-33.315,0.00,-0.01,5.08,5.08
-33.305,0.00,-0.01,5.09,5.09
-33.295,0.00,-0.01,5.09,5.09
-33.285,0.00,-0.01,5.09,5.09
-33.275,0.00,-0.01,5.09,5.09
-33.265,0.00,-0.01,5.09,5.09
-33.255,0.00,-0.01,5.08,5.08
-33.245,0.00,-0.01,5.08,5.08
-33.235,0.00,-0.01,5.09,5.09
-33.225,0.00,-0.01,5.09,5.09
-33.215,0.00,-0.01,5.09,5.09
-33.205,0.00,-0.01,5.09,5.09
-33.195,0.00,-0.01,5.09,5.09
-33.185,0.00,-0.01,5.09,5.09
-33.175,0.00,-0.01,5.09,5.09
-33.165,0.00,-0.01,5.08,5.08
-33.155,0.00,-0.01,5.08,5.08
-33.145,0.00,-0.01,5.08,5.08
-33.135,0.00,-0.01,5.08,5.08
-33.125,0.00,-0.01,5.08,5.08
-33.115,0.00,-0.01,5.09,5.09
-33.100,0.00,-0.01,5.09,5.09
-33.095,0.00,-0.01,5.09,5.09
-33.085,0.00,-0.01,5.09,5.09
-33.075,0.00,-0.01,5.08,5.08
-33.065,0.00,-0.01,5.08,5.08
-33.045,0.00,-0.01,5.08,5.08
-33.035,0.00,-0.01,5.09,5.09
-33.025,0.00,-0.01,5.09,5.09
-33.015,0.00,-0.01,5.10,5.10
-33.005,0.00,-0.01,5.09,5.09
-32.995,0.00,-0.01,5.09,5.09
-32.985,0.00,-0.01,5.08,5.08
-32.975,0.00,-0.01,5.08,5.08
-32.965,0.00,-0.01,5.08,5.08
-32.955,0.00,-0.01,5.08,5.08
-32.945,0.00,-0.01,5.09,5.09
-32.935,0.00,-0.01,5.09,5.09
-32.925,0.00,-0.01,5.09,5.09
-32.915,0.00,-0.01,5.09,5.09
-32.905,0.00,-0.01,5.09,5.09
-32.895,0.00,-0.01,5.09,5.09
-32.885,0.00,-0.01,5.09,5.09
-32.875,0.00,-0.01,5.09,5.09
-32.865,0.00,-0.01,5.09,5.09
-32.855,0.00,-0.01,5.09,5.09
-32.845,0.00,-0.01,5.10,5.10
-32.835,0.00,-0.01,5.09,5.09
-32.825,0.00,-0.01,5.09,5.09
-32.815,0.00,-0.01,5.09,5.09
-32.805,0.00,-0.01,5.09,5.09
-32.795,0.00,-0.01,5.09,5.09
-32.785,0.00,-0.01,5.09,5.09
-32.775,0.00,-0.01,5.09,5.09
-32.765,0.00,-0.01,5.09,5.09
-32.755,0.00,-0.01,5.09,5.09
-32.745,0.00,-0.01,5.09,5.09
-32.735,0.00,-0.01,5.09,5.09
-32.725,0.00,-0.01,5.09,5.09
-32.715,0.00,-0.01,5.09,5.09
-32.705,0.00,-0.01,5.09,5.09
-32.695,0.00,-0.01,5.09,5.09
-32.685,0.00,-0.01,5.09,5.09
-32.675,0.00,-0.01,5.09,5.09
-32.665,0.00,-0.01,5.09,5.09
-32.655,0.00,-0.01,5.09,5.09
-32.645,0.00,-0.01,5.09,5.09
-32.635,0.00,-0.01,5.09,5.09
-32.625,0.00,-0.01,5.09,5.09
-32.615,0.00,-0.01,5.08,5.08
-32.605,0.00,-0.01,5.08,5.08
-32.595,0.00,-0.01,5.08,5.08
-32.585,0.00,-0.01,5.09,5.09
-32.575,0.00,-0.01,5.09,5.09
-32.565,0.00,-0.01,5.09,5.09
-32.555,0.00,-0.01,5.09,5.09
-32.545,0.00,-0.01,5.09,5.09
-32.535,0.00,-0.01,5.09,5.09
-32.525,0.00,-0.01,5.09,5.09
-32.515,0.00,-0.01,5.08,5.08
-32.505,0.00,-0.01,5.08,5.08
-32.495,0.00,-0.01,5.08,5.08
-32.485,0.00,-0.01,5.09,5.09
-32.475,0.00,-0.01,5.09,5.09
-32.465,0.00,-0.01,5.09,5.09
-32.455,0.00,-0.01,5.09,5.09
-32.445,0.00,-0.01,5.09,5.09
-32.435,0.00,-0.01,5.08,5.08
-32.425,0.00,-0.01,5.08,5.08
-32.415,0.00,-0.01,5.08,5.08
-32.405,0.00,-0.01,5.08,5.08
-32.395,0.00,-0.01,5.08,5.08
-32.385,0.00,-0.01,5.09,5.09
-32.375,0.00,-0.01,5.09,5.09
-32.365,0.00,-0.01,5.09,5.09
-32.355,0.00,-0.01,5.08,5.08
-32.345,0.00,-0.01,5.08,5.08
-32.335,0.00,-0.01,5.08,5.08
-32.325,0.00,-0.01,5.08,5.08
-32.315,0.00,-0.01,5.09,5.09
-32.305,0.00,-0.01,5.09,5.09
-32.295,0.00,-0.01,5.09,5.09
-32.285,0.00,-0.01,5.09,5.09
-32.275,0.00,-0.01,5.08,5.08
-32.265,0.00,-0.01,5.08,5.08
-32.255,0.00,-0.01,5.08,5.08
-32.245,0.00,-0.01,5.08,5.08
-32.235,0.00,-0.01,5.08,5.08
-32.225,0.00,-0.01,5.08,5.08
-32.215,0.00,-0.01,5.09,5.09
-32.205,0.00,-0.01,5.08,5.08
-32.195,0.00,-0.01,5.08,5.08
-32.185,0.00,-0.01,5.08,5.08
-32.175,0.00,-0.01,5.08,5.08
-32.165,0.00,-0.01,5.08,5.08
-32.155,0.00,-0.01,5.09,5.09
-32.145,0.00,-0.01,5.09,5.09
-32.135,0.00,-0.01,5.09,5.09
-32.125,0.00,-0.01,5.08,5.08
-32.115,0.00,-0.01,5.08,5.08
-32.105,0.00,-0.01,5.08,5.08
-32.095,0.00,-0.01,5.08,5.08
-32.085,0.00,-0.01,5.08,5.08
-32.075,0.00,-0.01,5.09,5.09
-32.065,0.00,-0.01,5.09,5.09
-32.055,0.00,-0.01,5.09,5.09
-32.045,0.00,-0.01,5.09,5.09
-32.035,0.00,-0.01,5.08,5.08
-32.025,0.00,-0.01,5.08,5.08
-32.015,0.00,-0.01,5.08,5.08
-32.005,0.00,-0.01,5.08,5.08
-31.995,0.00,-0.01,5.09,5.09
-31.985,0.00,-0.01,5.09,5.09
-31.975,0.00,-0.01,5.09,5.09
-31.965,0.00,-0.01,5.09,5.09
-31.955,0.00,-0.01,5.09,5.09
-31.945,0.00,-0.01,5.08,5.08
-31.935,0.00,-0.01,5.08,5.08
-31.925,0.00,-0.01,5.08,5.08
-31.915,0.00,-0.01,5.08,5.08
-31.905,0.00,-0.01,5.09,5.09
-31.895,0.00,-0.01,5.09,5.09
-31.885,0.00,-0.01,5.09,5.09
-31.875,0.00,-0.01,5.09,5.09
-31.865,0.00,-0.01,5.09,5.09
-31.855,0.00,-0.01,5.09,5.09
-31.845,0.00,-0.01,5.09,5.09
-31.835,0.00,-0.01,5.09,5.09
-31.825,0.00,-0.01,5.09,5.09
-31.815,0.00,-0.01,5.09,5.09
-31.805,0.00,-0.01,5.09,5.09
-31.795,0.00,-0.01,5.09,5.09
-31.785,0.00,-0.01,5.09,5.09
-31.775,0.00,-0.01,5.08,5.08
-31.765,0.00,-0.01,5.08,5.08
-31.755,0.00,-0.01,5.08,5.08
-31.745,0.00,-0.01,5.08,5.08
-31.735,0.00,-0.01,5.08,5.08
-31.725,0.00,-0.01,5.09,5.09
-31.715,0.00,-0.01,5.09,5.09
-31.705,0.00,-0.01,5.09,5.09
-31.695,0.00,-0.01,5.09,5.09
-31.685,0.00,-0.01,5.08,5.08
-31.675,0.00,-0.01,5.08,5.08
-31.665,0.00,-0.01,5.08,5.08
-31.655,0.00,-0.01,5.09,5.09
-31.645,0.00,-0.01,5.09,5.09
-31.635,0.00,-0.01,5.09,5.09
-31.625,0.00,-0.01,5.09,5.09
-31.615,0.00,-0.01,5.09,5.09
-31.605,0.00,-0.01,5.09,5.09
-31.595,0.00,-0.01,5.08,5.08
-31.585,0.00,-0.01,5.08,5.08
-31.575,0.00,-0.01,5.08,5.08
-31.565,0.00,-0.01,5.08,5.08
-31.555,0.00,-0.01,5.08,5.08
-31.545,0.00,-0.01,5.09,5.09
-31.535,0.00,-0.01,5.09,5.09
-31.525,0.00,-0.01,5.09,5.09
-31.515,0.00,-0.01,5.09,5.09
-31.505,0.00,-0.01,5.09,5.09
-31.495,0.00,-0.01,5.08,5.08
-31.485,0.00,-0.01,5.08,5.08
-31.475,0.00,-0.01,5.09,5.09
-31.465,0.00,-0.01,5.09,5.09
-31.455,0.00,-0.01,5.09,5.09
-31.445,0.00,-0.01,5.09,5.09
-31.435,0.00,-0.01,5.08,5.08
-31.425,0.00,-0.01,5.08,5.08
-31.415,0.00,-0.01,5.08,5.08
-31.405,0.00,-0.01,5.08,5.08
-31.395,0.00,-0.01,5.08,5.08
-31.385,0.00,-0.01,5.09,5.09
-31.375,0.00,-0.01,5.09,5.09
-31.365,0.00,-0.01,5.09,5.09
-31.355,0.00,-0.01,5.09,5.09
-31.345,0.00,-0.01,5.08,5.08
-31.335,0.00,-0.01,5.08,5.08
-31.325,0.00,-0.01,5.08,5.08
-31.315,0.00,-0.01,5.08,5.08
-31.305,0.00,-0.01,5.09,5.09
-31.295,0.00,-0.01,5.09,5.09
-31.285,0.00,-0.01,5.09,5.09
-31.275,0.00,-0.01,5.09,5.09
-31.265,0.00,-0.01,5.08,5.08
-31.255,0.00,-0.01,5.08,5.08
-31.245,0.00,-0.01,5.08,5.08
-31.235,0.00,-0.01,5.08,5.08
-31.225,0.00,-0.01,5.08,5.08
-31.215,0.00,-0.01,5.09,5.09
-31.205,0.00,-0.01,5.09,5.09
-31.195,0.00,-0.01,5.09,5.09
-31.185,0.00,-0.01,5.08,5.08
-31.175,0.00,-0.01,5.08,5.08
-31.165,0.00,-0.01,5.09,5.09
-31.155,0.00,-0.01,5.09,5.09
-31.145,0.00,-0.01,5.09,5.09
-31.135,0.00,-0.01,5.09,5.09
-31.125,0.00,-0.01,5.09,5.09
-31.115,0.00,-0.01,5.09,5.09
-31.105,0.00,-0.01,5.08,5.08
-31.095,0.00,-0.01,5.08,5.08
-31.085,0.00,-0.01,5.08,5.08
-31.075,0.00,-0.01,5.08,5.08
-31.065,0.00,-0.01,5.08,5.08
-31.055,0.00,-0.01,5.09,5.09
-31.045,0.00,-0.01,5.09,5.09
-31.035,0.00,-0.01,5.09,5.09
-31.025,0.00,-0.01,5.09,5.09
-31.015,0.00,-0.01,5.09,5.09
-31.005,0.00,-0.01,5.08,5.08
-30.995,0.00,-0.01,5.08,5.08
-30.985,0.00,-0.01,5.09,5.09
-30.975,0.00,-0.01,5.08,5.08
-30.965,0.00,-0.01,5.09,5.09
-30.955,0.00,-0.01,5.09,5.09
-30.945,0.00,-0.01,5.09,5.09
-30.935,0.00,-0.01,5.09,5.09
-30.925,0.00,-0.01,5.09,5.09
-30.915,0.00,-0.01,5.09,5.09
-30.905,0.00,-0.01,5.09,5.09
-30.895,0.00,-0.01,5.08,5.08
-30.885,0.00,-0.01,5.08,5.08
-30.875,0.00,-0.01,5.08,5.08
-30.865,0.00,-0.01,5.08,5.08
-30.855,0.00,-0.01,5.08,5.08
-30.845,0.00,-0.01,5.09,5.09
-30.835,0.00,-0.01,5.09,5.09
-30.825,0.00,-0.01,5.09,5.09
-30.815,0.00,-0.01,5.09,5.09
-30.805,0.00,-0.01,5.09,5.09
-30.795,0.00,-0.01,5.09,5.09
-30.785,0.00,-0.01,5.09,5.09
-30.775,0.00,-0.01,5.09,5.09
-30.765,0.00,-0.01,5.09,5.09
-30.755,0.00,-0.01,5.09,5.09
-30.745,0.00,-0.01,5.09,5.09
-30.735,0.00,-0.01,5.08,5.08
-30.725,0.00,-0.01,5.08,5.08
-30.715,0.00,-0.01,5.08,5.08
-30.705,0.00,-0.01,5.08,5.08
-30.695,0.00,-0.01,5.09,5.09
-30.685,0.00,-0.01,5.09,5.09
-30.675,0.00,-0.01,5.09,5.09
-30.665,0.00,-0.01,5.09,5.09
-30.655,0.00,-0.01,5.08,5.08
-30.645,0.00,-0.01,5.09,5.09
-30.635,0.00,-0.01,5.09,5.09
-30.625,0.00,-0.01,5.09,5.09
-30.615,0.00,-0.01,5.09,5.09
-30.605,0.00,-0.01,5.09,5.09
-30.595,0.00,-0.01,5.09,5.09
-30.585,0.00,-0.01,5.09,5.09
-30.575,0.00,-0.01,5.08,5.08
-30.565,0.00,-0.01,5.08,5.08
-30.555,0.00,-0.01,5.08,5.08
-30.545,0.00,-0.01,5.09,5.09
-30.535,0.00,-0.01,5.09,5.09
-30.525,0.00,-0.01,5.09,5.09
-30.515,0.00,-0.01,5.09,5.09
-30.505,0.00,-0.01,5.08,5.08
-30.495,0.00,-0.01,5.08,5.08
-30.485,0.00,-0.01,5.08,5.08
-30.475,0.00,-0.01,5.08,5.08
-30.465,0.00,-0.01,5.09,5.09
-30.455,0.00,-0.01,5.09,5.09
-30.445,0.00,-0.01,5.09,5.09
-30.435,0.00,-0.01,5.09,5.09
-30.425,0.00,-0.01,5.08,5.08
-30.415,0.00,-0.01,5.08,5.08
-30.405,0.00,-0.01,5.08,5.08
-30.395,0.00,-0.01,5.08,5.08
-30.385,0.00,-0.01,5.08,5.08
-30.375,0.00,-0.01,5.09,5.09
-30.365,0.00,-0.01,5.10,5.10
-30.355,0.00,-0.01,5.09,5.09
-30.345,0.00,-0.01,5.09,5.09
-30.335,0.00,-0.01,5.08,5.08
-30.325,0.00,-0.01,5.08,5.08
-30.315,0.00,-0.01,5.08,5.08
-30.305,0.00,-0.01,5.09,5.09
-30.295,0.00,-0.01,5.09,5.09
-30.285,0.00,-0.01,5.09,5.09
-30.275,0.00,-0.01,5.09,5.09
-30.265,0.00,-0.01,5.09,5.09
-30.255,0.00,-0.01,5.08,5.08
-30.245,0.00,-0.01,5.08,5.08
-30.235,0.00,-0.01,5.08,5.08
-30.225,0.00,-0.01,5.09,5.09
-30.215,0.00,-0.01,5.09,5.09
-30.205,0.00,-0.01,5.09,5.09
-30.195,0.00,-0.01,5.09,5.09
-30.185,0.00,-0.01,5.09,5.09
-30.175,0.00,-0.01,5.08,5.08
-30.165,0.00,-0.01,5.08,5.08
-30.155,0.00,-0.01,5.08,5.08
-30.145,0.00,-0.01,5.08,5.08
-30.135,0.00,-0.01,5.09,5.09
-30.125,0.00,-0.01,5.09,5.09
-30.115,0.00,-0.01,5.09,5.09
-30.105,0.00,-0.01,5.09,5.09
-30.095,0.00,-0.01,5.09,5.09
-30.085,0.00,-0.01,5.08,5.08
-30.075,0.00,-0.01,5.08,5.08
-30.065,0.00,-0.01,5.08,5.08
-30.055,0.00,-0.01,5.08,5.08
-30.045,0.00,-0.01,5.09,5.09
-30.035,0.00,-0.01,5.09,5.09
-30.025,0.00,-0.01,5.09,5.09
-30.015,0.00,-0.01,5.09,5.09
-30.005,0.00,-0.01,5.09,5.09
-29.995,0.00,-0.01,5.09,5.09
-29.985,0.00,-0.01,5.09,5.09
-29.975,0.00,-0.01,5.09,5.09
-29.965,0.00,-0.01,5.09,5.09
-29.955,0.00,-0.01,5.09,5.09
-29.945,0.00,-0.01,5.09,5.09
-29.935,0.00,-0.01,5.09,5.09
-29.925,0.00,-0.01,5.09,5.09
-29.915,0.00,-0.01,5.09,5.09
-29.905,0.00,-0.01,5.09,5.09
-29.895,0.00,-0.01,5.09,5.09
-29.885,0.00,-0.01,5.09,5.09
-29.875,0.00,-0.01,5.09,5.09
-29.865,0.00,-0.01,5.09,5.09
-29.855,0.00,-0.01,5.08,5.08
-29.845,0.00,-0.01,5.08,5.08
-29.835,0.00,-0.01,5.08,5.08
-29.825,0.00,-0.01,5.08,5.08
-29.815,0.00,-0.01,5.08,5.08
-29.805,0.00,-0.01,5.08,5.08
-29.795,0.00,-0.01,5.09,5.09
-29.785,0.00,-0.01,5.09,5.09
-29.775,0.00,-0.01,5.09,5.09
-29.765,0.00,-0.01,5.09,5.09
-29.755,0.00,-0.01,5.09,5.09
-29.745,0.00,-0.01,5.09,5.09
-29.735,0.00,-0.01,5.08,5.08
-29.725,0.00,-0.01,5.08,5.08
-29.715,0.00,-0.01,5.08,5.08
-29.705,0.00,-0.01,5.08,5.08
-29.695,0.00,-0.01,5.09,5.09
-29.685,0.00,-0.01,5.09,5.09
-29.675,0.00,-0.01,5.09,5.09
-29.665,0.00,-0.01,5.09,5.09
-29.655,0.00,-0.01,5.08,5.08
-29.645,0.00,-0.01,5.08,5.08
-29.635,0.00,-0.01,5.08,5.08
-29.625,0.00,-0.01,5.08,5.08
-29.615,0.00,-0.01,5.09,5.09
-29.605,0.00,-0.01,5.09,5.09
-29.595,0.00,-0.01,5.09,5.09
-29.585,0.00,-0.01,5.08,5.08
-29.575,0.00,-0.01,5.08,5.08
-29.565,0.00,-0.01,5.08,5.08
-29.555,0.00,-0.01,5.08,5.08
-29.545,0.00,-0.01,5.09,5.09
-29.535,0.00,-0.01,5.09,5.09
-29.525,0.00,-0.01,5.09,5.09
-29.515,0.00,-0.01,5.09,5.09
-29.505,0.00,-0.01,5.09,5.09
-29.495,0.00,-0.01,5.08,5.08
-29.485,0.00,-0.01,5.07,5.07
-29.475,0.00,-0.01,5.07,5.07
-29.465,0.00,-0.01,5.07,5.07
-29.455,0.00,-0.01,5.08,5.08
-29.445,0.00,-0.01,5.08,5.08
-29.435,0.00,-0.01,5.09,5.09
-29.425,0.00,-0.01,5.09,5.09
-29.415,0.00,-0.01,5.09,5.09
-29.405,0.00,-0.01,5.09,5.09
-29.395,0.00,-0.01,5.08,5.08
-29.385,0.00,-0.01,5.07,5.07
-29.375,0.00,-0.01,5.07,5.07
-29.365,0.00,-0.01,5.08,5.08
-29.355,0.00,-0.01,5.08,5.08
-29.345,0.00,-0.01,5.08,5.08
-29.335,0.00,-0.01,5.08,5.08
-29.325,0.00,-0.01,5.08,5.08
-29.315,0.00,-0.01,5.08,5.08
-29.305,0.00,-0.01,5.08,5.08
-29.295,0.00,-0.01,5.08,5.08
-29.285,0.00,-0.01,5.08,5.08
-29.275,0.00,-0.01,5.09,5.09
-29.265,0.00,-0.01,5.09,5.09
-29.255,0.00,-0.01,5.09,5.09
-29.245,0.00,-0.01,5.09,5.09
-29.235,0.00,-0.01,5.09,5.09
-29.225,0.00,-0.01,5.08,5.08
-29.215,0.00,-0.01,5.08,5.08
-29.205,0.00,-0.01,5.08,5.08
-29.195,0.00,-0.01,5.08,5.08
-29.185,0.00,-0.01,5.09,5.09
-29.175,0.00,-0.01,5.09,5.09
-29.165,0.00,-0.01,5.09,5.09
-29.155,0.00,-0.01,5.09,5.09
-29.145,0.00,-0.01,5.08,5.08
-29.135,0.00,-0.01,5.08,5.08
-29.125,0.00,-0.01,5.08,5.08
-29.115,0.00,-0.01,5.08,5.08
-29.105,0.00,-0.01,5.08,5.08
-29.095,0.00,-0.01,5.09,5.09
-29.085,0.00,-0.01,5.09,5.09
-29.075,0.00,-0.01,5.09,5.09
-29.065,0.00,-0.01,5.09,5.09
-29.055,0.00,-0.01,5.09,5.09
-29.045,0.00,-0.01,5.08,5.08
-29.035,0.00,-0.01,5.08,5.08
-29.025,0.00,-0.01,5.08,5.08
-29.015,0.00,-0.01,5.08,5.08
-29.005,0.00,-0.01,5.08,5.08
-28.995,0.00,-0.01,5.08,5.08
-28.985,0.00,-0.01,5.09,5.09
-28.975,0.00,-0.01,5.09,5.09
-28.965,0.00,-0.01,5.09,5.09
-28.955,0.00,-0.01,5.09,5.09
-28.945,0.00,-0.01,5.09,5.09
-28.935,0.00,-0.01,5.09,5.09
-28.925,0.00,-0.01,5.09,5.09
-28.915,0.00,-0.01,5.09,5.09
-28.905,0.00,-0.01,5.09,5.09
-28.895,0.00,-0.01,5.08,5.08
-28.885,0.00,-0.01,5.08,5.08
-28.875,0.00,-0.01,5.08,5.08
-28.865,0.00,-0.01,5.09,5.09
-28.855,0.00,-0.01,5.09,5.09
-28.845,0.00,-0.01,5.09,5.09
-28.835,0.00,-0.01,5.09,5.09
-28.825,0.00,-0.01,5.09,5.09
-28.815,0.00,-0.01,5.09,5.09
-28.805,0.00,-0.01,5.09,5.09
-28.795,0.00,-0.01,5.09,5.09
-28.785,0.00,-0.01,5.09,5.09
-28.775,0.00,-0.01,5.09,5.09
-28.765,0.00,-0.01,5.09,5.09
-28.755,0.00,-0.01,5.09,5.09
-28.745,0.00,-0.01,5.08,5.08
-28.735,0.00,-0.01,5.09,5.09
-28.725,0.00,-0.01,5.09,5.09
-28.715,0.00,-0.01,5.09,5.09
-28.705,0.00,-0.01,5.10,5.10
-28.695,0.00,-0.01,5.09,5.09
-28.685,0.00,-0.01,5.09,5.09
-28.675,0.00,-0.01,5.08,5.08
-28.665,0.00,-0.01,5.08,5.08
-28.655,0.00,-0.01,5.08,5.08
-28.645,0.00,-0.01,5.08,5.08
-28.635,0.00,-0.01,5.09,5.09
-28.625,0.00,-0.01,5.10,5.10
-28.615,0.00,-0.01,5.10,5.10
-28.605,0.00,-0.01,5.10,5.10
-28.595,0.00,-0.01,5.09,5.09
-28.585,0.00,-0.01,5.09,5.09
-28.575,0.00,-0.01,5.09,5.09
-28.565,0.00,-0.01,5.08,5.08
-28.555,0.00,-0.01,5.08,5.08
-28.545,0.00,-0.01,5.08,5.08
-28.535,0.00,-0.01,5.09,5.09
-28.525,0.00,-0.01,5.09,5.09
-28.515,0.00,-0.01,5.09,5.09
-28.505,0.00,-0.01,5.09,5.09
-28.495,0.00,-0.01,5.08,5.08
-28.485,0.00,-0.01,5.09,5.09
-28.475,0.00,-0.01,5.09,5.09
-28.465,0.00,-0.01,5.09,5.09
-28.455,0.00,-0.01,5.09,5.09
-28.445,0.00,-0.01,5.08,5.08
-28.435,0.00,-0.01,5.08,5.08
-28.425,0.00,-0.01,5.08,5.08
-28.415,0.00,-0.01,5.08,5.08
-28.405,0.00,-0.01,5.08,5.08
-28.395,0.00,-0.01,5.09,5.09
-28.385,0.00,-0.01,5.09,5.09
-28.375,0.00,-0.01,5.09,5.09
-28.365,0.00,-0.01,5.09,5.09
-28.355,0.00,-0.01,5.09,5.09
-28.345,0.00,-0.01,5.09,5.09
-28.335,0.00,-0.01,5.08,5.08
-28.325,0.00,-0.01,5.08,5.08
-28.315,0.00,-0.01,5.08,5.08
-28.305,0.00,-0.01,5.09,5.09
-28.295,0.00,-0.01,5.09,5.09
-28.285,0.00,-0.01,5.09,5.09
-28.275,0.00,-0.01,5.08,5.08
-28.265,0.00,-0.01,5.08,5.08
-28.255,0.00,-0.01,5.08,5.08
-28.245,0.00,-0.01,5.08,5.08
-28.235,0.00,-0.01,5.09,5.09
-28.225,0.00,-0.01,5.09,5.09
-28.215,0.00,-0.01,5.09,5.09
-28.205,0.00,-0.01,5.09,5.09
-28.195,0.00,-0.01,5.09,5.09
-28.185,0.00,-0.01,5.08,5.08
-28.175,0.00,-0.01,5.08,5.08
-28.165,0.00,-0.01,5.08,5.08
-28.155,0.00,-0.01,5.08,5.08
-28.145,0.00,-0.01,5.08,5.08
-28.135,0.00,-0.01,5.08,5.08
-28.125,0.00,-0.01,5.09,5.09
-28.115,0.00,-0.01,5.09,5.09
-28.105,0.00,-0.01,5.09,5.09
-28.095,0.00,-0.01,5.08,5.08
-28.085,0.00,-0.01,5.08,5.08
-28.075,0.00,-0.01,5.08,5.08
-28.065,0.00,-0.01,5.08,5.08
-28.055,0.00,-0.01,5.08,5.08
-28.045,0.00,-0.01,5.08,5.08
-28.035,0.00,-0.01,5.08,5.08
-28.025,0.00,-0.01,5.09,5.09
-28.015,0.00,-0.01,5.09,5.09
-28.005,0.00,-0.01,5.09,5.09
-27.995,0.00,-0.01,5.09,5.09
-27.985,0.00,-0.01,5.09,5.09
-27.975,0.00,-0.01,5.08,5.08
-27.964,0.00,-0.01,5.08,5.08
-27.955,0.00,-0.01,5.08,5.08
-27.945,0.00,-0.01,5.08,5.08
-27.935,0.00,-0.01,5.09,5.09
-27.925,0.00,-0.01,5.09,5.09
-27.915,0.00,-0.01,5.09,5.09
-27.905,0.00,-0.01,5.09,5.09
-27.895,0.00,-0.01,5.09,5.09
-27.885,0.00,-0.01,5.09,5.09
-27.875,0.00,-0.01,5.08,5.08
-27.865,0.00,-0.01,5.08,5.08
-27.855,0.00,-0.01,5.09,5.09
-27.845,0.00,-0.01,5.09,5.09
-27.835,0.00,-0.01,5.09,5.09
-27.825,0.00,-0.01,5.09,5.09
-27.815,0.00,-0.01,5.08,5.08
-27.805,0.00,-0.01,5.08,5.08
-27.795,0.00,-0.01,5.08,5.08
-27.785,0.00,-0.01,5.09,5.09
-27.775,0.00,-0.01,5.09,5.09
-27.765,0.00,-0.01,5.10,5.10
-27.755,0.00,-0.01,5.09,5.09
-27.745,0.00,-0.01,5.09,5.09
-27.735,0.00,-0.01,5.08,5.08
-27.725,0.00,-0.01,5.08,5.08
-27.715,0.00,-0.01,5.08,5.08
-27.705,0.00,-0.01,5.08,5.08
-27.695,0.00,-0.01,5.09,5.09
-27.685,0.00,-0.01,5.10,5.10
-27.675,0.00,-0.01,5.10,5.10
-27.665,0.00,-0.01,5.10,5.10
-27.655,0.00,-0.01,5.09,5.09
-27.645,0.00,-0.01,5.08,5.08
-27.635,0.00,-0.01,5.08,5.08
-27.625,0.00,-0.01,5.08,5.08
-27.615,0.00,-0.01,5.08,5.08
-27.605,0.00,-0.01,5.09,5.09
-27.595,0.00,-0.01,5.09,5.09
-27.585,0.00,-0.01,5.09,5.09
-27.575,0.00,-0.01,5.09,5.09
-27.565,0.00,-0.01,5.09,5.09
-27.555,0.00,-0.01,5.09,5.09
-27.545,0.00,-0.01,5.09,5.09
-27.535,0.00,-0.01,5.09,5.09
-27.525,0.00,-0.01,5.09,5.09
-27.515,0.00,-0.01,5.09,5.09
-27.505,0.00,-0.01,5.09,5.09
-27.495,0.00,-0.01,5.09,5.09
-27.485,0.00,-0.01,5.08,5.08
-27.475,0.00,-0.01,5.08,5.08
-27.465,0.00,-0.01,5.08,5.08
-27.455,0.00,-0.01,5.09,5.09
-27.445,0.00,-0.01,5.09,5.09
-27.435,0.00,-0.01,5.09,5.09
-27.425,0.00,-0.01,5.09,5.09
-27.415,0.00,-0.01,5.09,5.09
-27.405,0.00,-0.01,5.09,5.09
-27.395,0.00,-0.01,5.08,5.08
-27.385,0.00,-0.01,5.08,5.08
-27.375,0.00,-0.01,5.08,5.08
-27.365,0.00,-0.01,5.08,5.08
-27.355,0.00,-0.01,5.08,5.08
-27.345,0.00,-0.01,5.08,5.08
-27.335,0.00,-0.01,5.09,5.09
-27.325,0.00,-0.01,5.08,5.08
-27.315,0.00,-0.01,5.08,5.08
-27.305,0.00,-0.01,5.08,5.08
-27.295,0.00,-0.01,5.08,5.08
-27.285,0.00,-0.01,5.09,5.09
-27.275,0.00,-0.01,5.09,5.09
-27.265,0.00,-0.01,5.10,5.10
-27.255,0.00,-0.01,5.10,5.10
-27.245,0.00,-0.01,5.09,5.09
-27.235,0.00,-0.01,5.09,5.09
-27.225,0.00,-0.01,5.08,5.08
-27.215,0.00,-0.01,5.08,5.08
-27.205,0.00,-0.01,5.08,5.08
-27.195,0.00,-0.01,5.09,5.09
-27.185,0.00,-0.01,5.09,5.09
-27.175,0.00,-0.01,5.10,5.10
-27.165,0.00,-0.01,5.10,5.10
-27.155,0.00,-0.01,5.09,5.09
-27.145,0.00,-0.01,5.08,5.08
-27.135,0.00,-0.01,5.08,5.08
-27.125,0.00,-0.01,5.08,5.08
-27.115,0.00,-0.01,5.08,5.08
-27.105,0.00,-0.01,5.09,5.09
-27.095,0.00,-0.01,5.09,5.09
-27.085,0.00,-0.01,5.09,5.09
-27.075,0.00,-0.01,5.09,5.09
-27.065,0.00,-0.01,5.09,5.09
-27.055,0.00,-0.01,5.09,5.09
-27.045,0.00,-0.01,5.08,5.08
-27.035,0.00,-0.01,5.08,5.08
-27.025,0.00,-0.01,5.08,5.08
-27.015,0.00,-0.01,5.08,5.08
-27.005,0.00,-0.01,5.09,5.09
-26.995,0.00,-0.01,5.09,5.09
-26.985,0.00,-0.01,5.09,5.09
-26.975,0.00,-0.01,5.09,5.09
-26.965,0.00,-0.01,5.09,5.09
-26.955,0.00,-0.01,5.09,5.09
-26.945,0.00,-0.01,5.09,5.09
-26.935,0.00,-0.01,5.09,5.09
-26.925,0.00,-0.01,5.09,5.09
-26.915,0.00,-0.01,5.09,5.09
-26.905,0.00,-0.01,5.09,5.09
-26.895,0.00,-0.01,5.09,5.09
-26.885,0.00,-0.01,5.09,5.09
-26.875,0.00,-0.01,5.09,5.09
-26.865,0.00,-0.01,5.09,5.09
-26.855,0.00,-0.01,5.09,5.09
-26.845,0.00,-0.01,5.09,5.09
-26.835,0.00,-0.01,5.09,5.09
-26.825,0.00,-0.01,5.09,5.09
-26.815,0.00,-0.01,5.08,5.08
-26.805,0.00,-0.01,5.08,5.08
-26.795,0.00,-0.01,5.08,5.08
-26.785,0.00,-0.01,5.08,5.08
-26.775,0.00,-0.01,5.08,5.08
-26.765,0.00,-0.01,5.09,5.09
-26.755,0.00,-0.01,5.10,5.10
-26.745,0.00,-0.01,5.10,5.10
-26.735,0.00,-0.01,5.10,5.10
-26.725,0.00,-0.01,5.10,5.10
-26.715,0.00,-0.01,5.09,5.09
-26.705,0.00,-0.01,5.08,5.08
-26.695,0.00,-0.01,5.08,5.08
-26.685,0.00,-0.01,5.08,5.08
-26.675,0.00,-0.01,5.09,5.09
-26.665,0.00,-0.01,5.09,5.09
-26.655,0.00,-0.01,5.10,5.10
-26.645,0.00,-0.01,5.09,5.09
-26.635,0.00,-0.01,5.09,5.09
-26.625,0.00,-0.01,5.08,5.08
-26.615,0.00,-0.01,5.08,5.08
-26.605,0.00,-0.01,5.08,5.08
-26.595,0.00,-0.01,5.08,5.08
-26.585,0.00,-0.01,5.09,5.09
-26.575,0.00,-0.01,5.10,5.10
-26.565,0.00,-0.01,5.10,5.10
-26.555,0.00,-0.01,5.10,5.10
-26.545,0.00,-0.01,5.09,5.09
-26.535,0.00,-0.01,5.09,5.09
-26.525,0.00,-0.01,5.08,5.08
-26.515,0.00,-0.01,5.08,5.08
-26.505,0.00,-0.01,5.09,5.09
-26.495,0.00,-0.01,5.09,5.09
-26.485,0.00,-0.01,5.09,5.09
-26.475,0.00,-0.01,5.09,5.09
-26.465,0.00,-0.01,5.08,5.08
-26.455,0.00,-0.01,5.08,5.08
-26.445,0.00,-0.01,5.08,5.08
-26.435,0.00,-0.01,5.08,5.08
-26.425,0.00,-0.01,5.10,5.10
-26.415,0.00,-0.01,5.10,5.10
-26.405,0.00,-0.01,5.11,5.11
-26.395,0.00,-0.01,5.10,5.10
-26.385,0.00,-0.01,5.09,5.09
-26.375,0.00,-0.01,5.08,5.08
-26.365,0.00,-0.01,5.08,5.08
-26.355,0.00,-0.01,5.08,5.08
-26.345,0.00,-0.01,5.08,5.08
-26.335,0.00,-0.01,5.09,5.09
-26.325,0.00,-0.01,5.10,5.10
-26.315,0.00,-0.01,5.10,5.10
-26.305,0.00,-0.01,5.09,5.09
-26.295,0.00,-0.01,5.09,5.09
-26.285,0.00,-0.01,5.08,5.08
-26.275,0.00,-0.01,5.07,5.07
-26.265,0.00,-0.01,5.08,5.08
-26.255,0.00,-0.01,5.08,5.08
-26.245,0.00,-0.01,5.09,5.09
-26.235,0.00,-0.01,5.10,5.10
-26.225,0.00,-0.01,5.10,5.10
-26.215,0.00,-0.01,5.10,5.10
-26.205,0.00,-0.01,5.09,5.09
-26.195,0.00,-0.01,5.09,5.09
-26.185,0.00,-0.01,5.08,5.08
-26.175,0.00,-0.01,5.08,5.08
-26.165,0.00,-0.01,5.08,5.08
-26.155,0.00,-0.01,5.08,5.08
-26.145,0.00,-0.01,5.09,5.09
-26.135,0.00,-0.01,5.09,5.09
-26.125,0.00,-0.01,5.09,5.09
-26.115,0.00,-0.01,5.09,5.09
-26.105,0.00,-0.01,5.08,5.08
-26.095,0.00,-0.01,5.08,5.08
-26.085,0.00,-0.01,5.07,5.07
-26.075,0.00,-0.01,5.08,5.08
-26.065,0.00,-0.01,5.09,5.09
-26.055,0.00,-0.01,5.10,5.10
-26.045,0.00,-0.01,5.11,5.11
-26.035,0.00,-0.01,5.10,5.10
-26.025,0.00,-0.01,5.09,5.09
-26.015,0.00,-0.01,5.08,5.08
-26.005,0.00,-0.01,5.07,5.07
-25.995,0.00,-0.01,5.07,5.07
-25.985,0.00,-0.01,5.08,5.08
-25.975,0.00,-0.01,5.09,5.09
-25.965,0.00,-0.01,5.10,5.10
-25.955,0.00,-0.01,5.10,5.10
-25.945,0.00,-0.01,5.10,5.10
-25.935,0.00,-0.01,5.09,5.09
-25.925,0.00,-0.01,5.08,5.08
-25.915,0.00,-0.01,5.07,5.07
-25.905,0.00,-0.01,5.07,5.07
-25.895,0.00,-0.01,5.08,5.08
-25.885,0.00,-0.01,5.10,5.10
-25.875,0.00,-0.01,5.11,5.11
-25.865,0.00,-0.01,5.11,5.11
-25.855,0.00,-0.01,5.11,5.11
-25.845,0.00,-0.01,5.09,5.09
-25.835,0.00,-0.01,5.08,5.08
-25.825,0.00,-0.01,5.07,5.07
-25.815,0.00,-0.01,5.07,5.07
-25.805,0.00,-0.01,5.08,5.08
-25.795,0.00,-0.01,5.09,5.09
-25.785,0.00,-0.01,5.10,5.10
-25.775,0.00,-0.01,5.10,5.10
-25.765,0.00,-0.01,5.09,5.09
-25.755,0.00,-0.01,5.08,5.08
-25.745,0.00,-0.01,5.07,5.07
-25.735,0.00,-0.01,5.07,5.07
-25.725,0.00,-0.01,5.08,5.08
-25.715,0.00,-0.01,5.09,5.09
-25.705,0.00,-0.01,5.10,5.10
-25.695,0.00,-0.01,5.11,5.11
-25.685,0.00,-0.01,5.10,5.10
-25.675,0.00,-0.01,5.10,5.10
-25.665,0.00,-0.01,5.09,5.09
-25.655,0.00,-0.01,5.08,5.08
-25.645,0.00,-0.01,5.08,5.08
-25.635,0.00,-0.01,5.08,5.08
-25.625,0.00,-0.01,5.09,5.09
-25.615,0.00,-0.01,5.09,5.09
-25.605,0.00,-0.01,5.09,5.09
-25.595,0.00,-0.01,5.09,5.09
-25.585,0.00,-0.01,5.08,5.08
-25.575,0.00,-0.01,5.08,5.08
-25.565,0.00,-0.01,5.08,5.08
-25.555,0.00,-0.01,5.09,5.09
-25.545,0.00,-0.01,5.09,5.09
-25.535,0.00,-0.01,5.10,5.10
-25.525,0.00,-0.01,5.10,5.10
-25.515,0.00,-0.01,5.10,5.10
-25.505,0.00,-0.01,5.09,5.09
-25.495,0.00,-0.01,5.08,5.08
-25.485,0.00,-0.01,5.07,5.07
-25.475,0.00,-0.01,5.07,5.07
-25.465,0.00,-0.01,5.08,5.08
-25.455,0.00,-0.01,5.08,5.08
-25.445,0.00,-0.01,5.09,5.09
-25.435,0.00,-0.01,5.09,5.09
-25.425,0.00,-0.01,5.09,5.09
-25.415,0.00,-0.01,5.09,5.09
-25.405,0.00,-0.01,5.08,5.08
-25.395,0.00,-0.01,5.08,5.08
-25.385,0.00,-0.01,5.08,5.08
-25.375,0.00,-0.01,5.09,5.09
-25.365,0.00,-0.01,5.10,5.10
-25.355,0.00,-0.01,5.10,5.10
-25.345,0.00,-0.01,5.10,5.10
-25.335,0.00,-0.01,5.10,5.10
-25.325,0.00,-0.01,5.09,5.09
-25.315,0.00,-0.01,5.08,5.08
-25.305,0.00,-0.01,5.07,5.07
-25.295,0.00,-0.01,5.07,5.07
-25.285,0.00,-0.01,5.08,5.08
-25.275,0.00,-0.01,5.09,5.09
-25.265,0.00,-0.01,5.09,5.10
-25.255,0.00,-0.01,5.09,5.09
-25.245,0.00,-0.01,5.09,5.09
-25.235,0.00,-0.01,5.08,5.08
-25.225,0.00,-0.01,5.07,5.07
-25.215,0.00,-0.01,5.08,5.08
-25.205,0.00,-0.01,5.08,5.08
-25.195,0.00,-0.01,5.09,5.09
-25.185,0.00,-0.01,5.10,5.10
-25.175,0.00,-0.01,5.10,5.10
-25.165,0.00,-0.01,5.09,5.09
-25.155,0.00,-0.01,5.08,5.08
-25.145,0.00,-0.01,5.08,5.08
-25.135,0.00,-0.01,5.08,5.08
-25.125,0.00,-0.01,5.08,5.08
-25.115,0.00,-0.01,5.09,5.09
-25.105,0.00,-0.01,5.10,5.10
-25.095,0.00,-0.01,5.10,5.10
-25.085,0.00,-0.01,5.09,5.09
-25.075,0.00,-0.01,5.08,5.08
-25.065,0.00,-0.01,5.07,5.07
-25.055,0.00,-0.01,5.07,5.07
-25.045,0.00,-0.01,5.08,5.08
-25.035,0.00,-0.01,5.09,5.09
-25.025,0.00,-0.01,5.10,5.10
-25.015,0.00,-0.01,5.11,5.11
-25.005,0.00,-0.01,5.11,5.11
-24.995,0.00,-0.01,5.10,5.10
-24.985,0.00,-0.01,5.08,5.08
-24.975,0.00,-0.01,5.07,5.07
-24.965,0.00,-0.01,5.07,5.07
-24.955,0.00,-0.01,5.08,5.08
-24.945,0.00,-0.01,5.09,5.09
-24.935,0.00,-0.01,5.10,5.10
-24.925,0.00,-0.01,5.11,5.11
-24.915,0.00,-0.01,5.10,5.10
-24.905,0.00,-0.01,5.09,5.09
-24.895,0.00,-0.01,5.08,5.08
-24.885,0.00,-0.01,5.07,5.07
-24.875,0.00,-0.01,5.07,5.07
-24.865,0.00,-0.01,5.08,5.08
-24.855,0.00,-0.01,5.10,5.10
-24.845,0.00,-0.01,5.10,5.10
-24.835,0.00,-0.01,5.11,5.11
-24.825,0.00,-0.01,5.10,5.10
-24.815,0.00,-0.01,5.09,5.09
-24.805,0.00,-0.01,5.08,5.08
-24.795,0.00,-0.01,5.07,5.07
-24.785,0.00,-0.01,5.08,5.08
-24.775,0.00,-0.01,5.08,5.08
-24.765,0.00,-0.01,5.09,5.09
-24.755,0.00,-0.01,5.10,5.10
-24.745,0.00,-0.01,5.10,5.10
-24.735,0.00,-0.01,5.10,5.10
-24.725,0.00,-0.01,5.09,5.09
-24.715,0.00,-0.01,5.09,5.09
-24.705,0.00,-0.01,5.09,5.09
-24.695,0.00,-0.01,5.09,5.09
-24.685,0.00,-0.01,5.09,5.09
-24.675,0.00,-0.01,5.09,5.09
-24.665,0.00,-0.01,5.09,5.09
-24.655,0.00,-0.01,5.09,5.09
-24.645,0.00,-0.01,5.09,5.09
-24.635,0.00,-0.01,5.09,5.09
-24.625,0.00,-0.01,5.09,5.09
-24.615,0.00,-0.01,5.10,5.10
-24.605,0.00,-0.01,5.10,5.10
-24.595,0.00,-0.01,5.10,5.10
-24.585,0.00,-0.01,5.09,5.09
-24.575,0.00,-0.01,5.09,5.09
-24.565,0.00,-0.01,5.09,5.09
-24.555,0.00,-0.01,5.08,5.08
-24.545,0.00,-0.01,5.09,5.09
-24.535,0.00,-0.01,5.09,5.09
-24.525,0.00,-0.01,5.10,5.10
-24.515,0.00,-0.01,5.10,5.10
-24.505,0.00,-0.01,5.10,5.10
-24.495,0.00,-0.01,5.09,5.09
-24.485,0.00,-0.01,5.08,5.08
-24.475,0.00,-0.01,5.07,5.07
-24.465,0.00,-0.01,5.07,5.07
-24.455,0.00,-0.01,5.08,5.08
-24.445,0.00,-0.01,5.08,5.08
-24.435,0.00,-0.01,5.09,5.09
-24.425,0.00,-0.01,5.09,5.09
-24.415,0.00,-0.01,5.10,5.10
-24.405,0.00,-0.01,5.09,5.09
-24.395,0.00,-0.01,5.09,5.09
-24.385,0.00,-0.01,5.08,5.08
-24.375,0.00,-0.01,5.08,5.08
-24.365,0.00,-0.01,5.08,5.08
-24.355,0.00,-0.01,5.09,5.09
-24.345,0.00,-0.01,5.09,5.09
-24.335,0.00,-0.01,5.09,5.09
-24.325,0.00,-0.01,5.09,5.09
-24.315,0.00,-0.01,5.08,5.08
-24.305,0.00,-0.01,5.08,5.08
-24.295,0.00,-0.01,5.07,5.07
-24.285,0.00,-0.01,5.08,5.08
-24.275,0.00,-0.01,5.09,5.09
-24.265,0.00,-0.01,5.09,5.09
-24.255,0.00,-0.01,5.10,5.10
-24.245,0.00,-0.01,5.10,5.10
-24.235,0.00,-0.01,5.09,5.09
-24.225,0.00,-0.01,5.08,5.08
-24.215,0.00,-0.01,5.08,5.08
-24.205,0.00,-0.01,5.07,5.07
-24.195,0.00,-0.01,5.08,5.08
-24.185,0.00,-0.01,5.09,5.09
-24.175,0.00,-0.01,5.10,5.10
-24.165,0.00,-0.01,5.10,5.10
-24.155,0.00,-0.01,5.09,5.09
-24.145,0.00,-0.01,5.07,5.07
-24.135,0.00,-0.01,5.07,5.07
-24.125,0.00,-0.01,5.07,5.07
-24.115,0.00,-0.01,5.08,5.08
-24.105,0.00,-0.01,5.09,5.09
-24.095,0.00,-0.01,5.11,5.11
-24.085,0.00,-0.01,5.11,5.11
-24.075,0.00,-0.01,5.11,5.11
-24.065,0.00,-0.01,5.10,5.10
-24.055,0.00,-0.01,5.09,5.09
-24.045,0.00,-0.01,5.08,5.08
-24.035,0.00,-0.01,5.08,5.08
-24.025,0.00,-0.01,5.08,5.08
-24.015,0.00,-0.01,5.09,5.09
-24.005,0.00,-0.01,5.10,5.10
-23.995,0.00,-0.01,5.09,5.09
-23.985,0.00,-0.01,5.08,5.08
-23.975,0.00,-0.01,5.07,5.07
-23.965,0.00,-0.01,5.07,5.07
-23.955,0.00,-0.01,5.07,5.07
-23.945,0.00,-0.01,5.08,5.08
-23.935,0.00,-0.01,5.10,5.10
-23.925,0.00,-0.01,5.11,5.11
-23.915,0.00,-0.01,5.11,5.11
-23.905,0.00,-0.01,5.11,5.11
-23.895,0.00,-0.01,5.09,5.09
-23.885,0.00,-0.01,5.09,5.09
-23.875,0.00,-0.01,5.08,5.08
-23.865,0.00,-0.01,5.08,5.08
-23.855,0.00,-0.01,5.08,5.08
-23.845,0.00,-0.01,5.09,5.09
-23.835,0.00,-0.01,5.10,5.10
-23.825,0.00,-0.01,5.10,5.10
-23.815,0.00,-0.01,5.09,5.09
-23.805,0.00,-0.01,5.08,5.08
-23.795,0.00,-0.01,5.07,5.07
-23.785,0.00,-0.01,5.07,5.07
-23.775,0.00,-0.01,5.08,5.08
-23.765,0.00,-0.01,5.09,5.09
-23.755,0.00,-0.01,5.10,5.10
-23.745,0.00,-0.01,5.11,5.11
-23.735,0.00,-0.01,5.11,5.11
-23.725,0.00,-0.01,5.10,5.10
-23.715,0.00,-0.01,5.10,5.10
-23.705,0.00,-0.01,5.08,5.08
-23.695,0.00,-0.01,5.08,5.08
-23.685,0.00,-0.01,5.09,5.09
-23.675,0.00,-0.01,5.09,5.09
-23.665,0.00,-0.01,5.09,5.09
-23.655,0.00,-0.01,5.09,5.09
-23.645,0.00,-0.01,5.08,5.08
-23.635,0.00,-0.01,5.08,5.08
-23.625,0.00,-0.01,5.08,5.08
-23.615,0.00,-0.01,5.09,5.09
-23.605,0.00,-0.01,5.10,5.10
-23.595,0.00,-0.01,5.11,5.11
-23.585,0.00,-0.01,5.11,5.11
-23.575,0.00,-0.01,5.10,5.10
-23.565,0.00,-0.01,5.09,5.09
-23.555,0.00,-0.01,5.08,5.08
-23.545,0.00,-0.01,5.07,5.07
-23.535,0.00,-0.01,5.08,5.08
-23.525,0.00,-0.01,5.09,5.09
-23.515,0.00,-0.01,5.09,5.09
-23.505,0.00,-0.01,5.10,5.10
-23.495,0.00,-0.01,5.10,5.10
-23.485,0.00,-0.01,5.09,5.09
-23.475,0.00,-0.01,5.08,5.08
-23.465,0.00,-0.01,5.08,5.08
-23.455,0.00,-0.01,5.08,5.08
-23.445,0.00,-0.01,5.08,5.08
-23.435,0.00,-0.01,5.10,5.10
-23.425,0.00,-0.01,5.11,5.11
-23.415,0.00,-0.01,5.12,5.12
-23.405,0.00,-0.01,5.11,5.11
-23.395,0.00,-0.01,5.09,5.09
-23.385,0.00,-0.01,5.08,5.08
-23.375,0.00,-0.01,5.06,5.06
-23.365,0.00,-0.01,5.06,5.06
-23.355,0.00,-0.01,5.07,5.07
-23.345,0.00,-0.01,5.08,5.08
-23.335,0.00,-0.01,5.09,5.09
-23.325,0.00,-0.01,5.10,5.10
-23.315,0.00,-0.01,5.10,5.10
-23.305,0.00,-0.01,5.09,5.09
-23.295,0.00,-0.01,5.08,5.08
-23.285,0.00,-0.01,5.07,5.07
-23.275,0.00,-0.01,5.08,5.08
-23.265,0.00,-0.01,5.09,5.09
-23.255,0.00,-0.01,5.11,5.11
-23.245,0.00,-0.01,5.12,5.12
-23.235,0.00,-0.01,5.12,5.12
-23.225,0.00,-0.01,5.11,5.11
-23.215,0.00,-0.01,5.09,5.09
-23.205,0.00,-0.01,5.08,5.08
-23.195,0.00,-0.01,5.07,5.07
-23.185,0.00,-0.01,5.07,5.07
-23.175,0.00,-0.01,5.08,5.08
-23.165,0.00,-0.01,5.09,5.09
-23.155,0.00,-0.01,5.10,5.10
-23.145,0.00,-0.01,5.10,5.10
-23.135,0.00,-0.01,5.10,5.10
-23.125,0.00,-0.01,5.08,5.08
-23.115,0.00,-0.01,5.07,5.07
-23.105,0.00,-0.01,5.07,5.07
-23.095,0.00,-0.01,5.08,5.08
-23.085,0.00,-0.01,5.10,5.10
-23.075,0.00,-0.01,5.11,5.11
-23.065,0.00,-0.01,5.12,5.12
-23.055,0.00,-0.01,5.11,5.11
-23.045,0.00,-0.01,5.09,5.09
-23.035,0.00,-0.01,5.08,5.08
-23.025,0.00,-0.01,5.07,5.07
-23.015,0.00,-0.01,5.07,5.07
-23.005,0.00,-0.01,5.08,5.08
-22.995,0.00,-0.01,5.09,5.09
-22.985,0.00,-0.01,5.10,5.10
-22.975,0.00,-0.01,5.11,5.11
-22.965,0.00,-0.01,5.10,5.10
-22.955,0.00,-0.01,5.09,5.09
-22.945,0.00,-0.01,5.08,5.08
-22.935,0.00,-0.01,5.07,5.07
-22.925,0.00,-0.01,5.08,5.08
-22.915,0.00,-0.01,5.09,5.09
-22.905,0.00,-0.01,5.10,5.10
-22.895,0.00,-0.01,5.11,5.11
-22.885,0.00,-0.01,5.11,5.11
-22.875,0.00,-0.01,5.11,5.11
-22.865,0.00,-0.01,5.10,5.10
-22.855,0.00,-0.01,5.08,5.08
-22.845,0.00,-0.01,5.08,5.08
-22.835,0.00,-0.01,5.08,5.08
-22.825,0.00,-0.01,5.09,5.09
-22.815,0.00,-0.01,5.09,5.09
-22.805,0.00,-0.01,5.09,5.09
-22.795,0.00,-0.01,5.09,5.09
-22.785,0.00,-0.01,5.08,5.08
-22.775,0.00,-0.01,5.07,5.08
-22.765,0.00,-0.01,5.07,5.07
-22.755,0.00,-0.01,5.08,5.08
-22.745,0.00,-0.01,5.09,5.09
-22.735,0.00,-0.01,5.10,5.10
-22.725,0.00,-0.01,5.11,5.11
-22.715,0.00,-0.01,5.10,5.10
-22.705,0.00,-0.01,5.09,5.09
-22.695,0.00,-0.01,5.08,5.08
-22.685,0.00,-0.01,5.08,5.08
-22.675,0.00,-0.01,5.08,5.08
-22.665,0.00,-0.01,5.08,5.08
-22.655,0.00,-0.01,5.10,5.10
-22.645,0.00,-0.01,5.10,5.10
-22.635,0.00,-0.01,5.10,5.10
-22.625,0.00,-0.01,5.10,5.10
-22.615,0.00,-0.01,5.08,5.08
-22.605,0.00,-0.01,5.08,5.08
-22.595,0.00,-0.01,5.07,5.07
-22.585,0.00,-0.01,5.08,5.08
-22.575,0.00,-0.01,5.10,5.10
-22.565,0.00,-0.01,5.11,5.11
-22.555,0.00,-0.01,5.12,5.12
-22.545,0.00,-0.01,5.11,5.11
-22.535,0.00,-0.01,5.10,5.10
-22.525,0.00,-0.01,5.08,5.08
-22.515,0.00,-0.01,5.07,5.07
-22.505,0.00,-0.01,5.07,5.07
-22.495,0.00,-0.01,5.08,5.08
-22.485,0.00,-0.01,5.10,5.10
-22.475,0.00,-0.01,5.11,5.11
-22.465,0.00,-0.01,5.11,5.11
-22.455,0.00,-0.01,5.10,5.10
-22.445,0.00,-0.01,5.09,5.09
-22.435,0.00,-0.01,5.07,5.07
-22.425,0.00,-0.01,5.07,5.07
-22.415,0.00,-0.01,5.08,5.08
-22.405,0.00,-0.01,5.09,5.09
-22.395,0.00,-0.01,5.10,5.10
-22.385,0.00,-0.01,5.11,5.11
-22.375,0.00,-0.01,5.11,5.11
-22.365,0.00,-0.01,5.10,5.10
-22.355,0.00,-0.01,5.09,5.09
-22.345,0.00,-0.01,5.08,5.08
-22.335,0.00,-0.01,5.08,5.08
-22.325,0.00,-0.01,5.08,5.08
-22.315,0.00,-0.01,5.09,5.09
-22.305,0.00,-0.01,5.09,5.09
-22.295,0.00,-0.01,5.09,5.09
-22.285,0.00,-0.01,5.09,5.09
-22.275,0.00,-0.01,5.08,5.08
-22.265,0.00,-0.01,5.08,5.08
-22.255,0.00,-0.01,5.09,5.09
-22.245,0.00,-0.01,5.09,5.09
-22.235,0.00,-0.01,5.10,5.10
-22.225,0.00,-0.01,5.11,5.11
-22.215,0.00,-0.01,5.10,5.10
-22.205,0.00,-0.01,5.09,5.09
-22.195,0.00,-0.01,5.08,5.08
-22.185,0.00,-0.01,5.08,5.08
-22.175,0.00,-0.01,5.07,5.07
-22.165,0.00,-0.01,5.08,5.08
-22.155,0.00,-0.01,5.09,5.09
-22.145,0.00,-0.01,5.10,5.10
-22.135,0.00,-0.01,5.10,5.10
-22.125,0.00,-0.01,5.09,5.09
-22.115,0.00,-0.01,5.08,5.08
-22.105,0.00,-0.01,5.07,5.07
-22.095,0.00,-0.01,5.07,5.07
-22.085,0.00,-0.01,5.07,5.07
-22.075,0.00,-0.01,5.09,5.09
-22.065,0.00,-0.01,5.10,5.10
-22.055,0.00,-0.01,5.11,5.11
-22.045,0.00,-0.01,5.11,5.11
-22.035,0.00,-0.01,5.11,5.11
-22.025,0.00,-0.01,5.10,5.10
-22.015,0.00,-0.01,5.08,5.08
-22.005,0.00,-0.01,5.08,5.08
-21.995,0.00,-0.01,5.08,5.08
-21.985,0.00,-0.01,5.08,5.08
-21.975,0.00,-0.01,5.09,5.09
-21.965,0.00,-0.01,5.09,5.09
-21.955,0.00,-0.01,5.09,5.09
-21.945,0.00,-0.01,5.09,5.09
-21.935,0.00,-0.01,5.09,5.09
-21.925,0.00,-0.01,5.09,5.09
-21.915,0.00,-0.01,5.09,5.09
-21.905,0.00,-0.01,5.09,5.09
-21.895,0.00,-0.01,5.10,5.10
-21.885,0.00,-0.01,5.10,5.10
-21.875,0.00,-0.01,5.10,5.10
-21.865,0.00,-0.01,5.09,5.09
-21.855,0.00,-0.01,5.08,5.08
-21.845,0.00,-0.01,5.08,5.08
-21.835,0.00,-0.01,5.08,5.08
-21.825,0.00,-0.01,5.08,5.08
-21.815,0.00,-0.01,5.09,5.09
-21.805,0.00,-0.01,5.09,5.09
-21.795,0.00,-0.01,5.09,5.09
-21.785,0.00,-0.01,5.09,5.09
-21.775,0.00,-0.01,5.08,5.08
-21.765,0.00,-0.01,5.07,5.07
-21.755,0.00,-0.01,5.07,5.07
-21.745,0.00,-0.01,5.08,5.08
-21.735,0.00,-0.01,5.10,5.10
-21.725,0.00,-0.01,5.11,5.11
-21.715,0.00,-0.01,5.11,5.11
-21.705,0.00,-0.01,5.10,5.10
-21.695,0.00,-0.01,5.09,5.09
-21.685,0.00,-0.01,5.08,5.08
-21.675,0.00,-0.01,5.07,5.07
-21.665,0.00,-0.01,5.07,5.07
-21.655,0.00,-0.01,5.08,5.08
-21.645,0.00,-0.01,5.09,5.09
-21.635,0.00,-0.01,5.09,5.09
-21.625,0.00,-0.01,5.09,5.09
-21.615,0.00,-0.01,5.09,5.09
-21.605,0.00,-0.01,5.08,5.08
-21.595,0.00,-0.01,5.08,5.08
-21.585,0.00,-0.01,5.08,5.08
-21.575,0.00,-0.01,5.09,5.09
-21.565,0.00,-0.01,5.10,5.10
-21.555,0.00,-0.01,5.11,5.11
-21.545,0.00,-0.01,5.11,5.11
-21.535,0.00,-0.01,5.10,5.10
-21.525,0.00,-0.01,5.09,5.09
-21.515,0.00,-0.01,5.08,5.08
-21.505,0.00,-0.01,5.07,5.07
-21.495,0.00,-0.01,5.07,5.07
-21.485,0.00,-0.01,5.08,5.08
-21.475,0.00,-0.01,5.09,5.09
-21.465,0.00,-0.01,5.09,5.09
-21.455,0.00,-0.01,5.09,5.09
-21.445,0.00,-0.01,5.09,5.09
-21.435,0.00,-0.01,5.08,5.08
-21.425,0.00,-0.01,5.08,5.08
-21.415,0.00,-0.01,5.08,5.08
-21.405,0.00,-0.01,5.08,5.08
-21.395,0.00,-0.01,5.09,5.09
-21.385,0.00,-0.01,5.09,5.09
-21.375,0.00,-0.01,5.09,5.09
-21.365,0.00,-0.01,5.09,5.09
-21.355,0.00,-0.01,5.09,5.09
-21.345,0.00,-0.01,5.08,5.08
-21.335,0.00,-0.01,5.08,5.08
-21.325,0.00,-0.01,5.08,5.08
-21.315,0.00,-0.01,5.09,5.09
-21.305,0.00,-0.01,5.09,5.09
-21.295,0.00,-0.01,5.09,5.09
-21.285,0.00,-0.01,5.09,5.09
-21.275,0.00,-0.01,5.09,5.09
-21.265,0.00,-0.01,5.08,5.08
-21.255,0.00,-0.01,5.08,5.08
-21.245,0.00,-0.01,5.08,5.08
-21.235,0.00,-0.01,5.09,5.09
-21.225,0.00,-0.01,5.09,5.09
-21.215,0.00,-0.01,5.10,5.10
-21.205,0.00,-0.01,5.10,5.10
-21.195,0.00,-0.01,5.09,5.09
-21.185,0.00,-0.01,5.09,5.09
-21.175,0.00,-0.01,5.08,5.08
-21.165,0.00,-0.01,5.07,5.07
-21.155,0.00,-0.01,5.07,5.07
-21.145,0.00,-0.01,5.08,5.08
-21.135,0.00,-0.01,5.08,5.08
-21.125,0.00,-0.01,5.09,5.09
-21.115,0.00,-0.01,5.09,5.09
-21.105,0.00,-0.01,5.09,5.09
-21.095,0.00,-0.01,5.08,5.08
-21.085,0.00,-0.01,5.08,5.08
-21.075,0.00,-0.01,5.07,5.07
-21.065,0.00,-0.01,5.08,5.08
-21.055,0.00,-0.01,5.08,5.08
-21.045,0.00,-0.01,5.09,5.09
-21.035,0.00,-0.01,5.10,5.10
-21.025,0.00,-0.01,5.10,5.10
-21.015,0.00,-0.01,5.09,5.09
-21.005,0.00,-0.01,5.08,5.08
-20.995,0.00,-0.01,5.07,5.07
-20.985,0.00,-0.01,5.07,5.07
-20.975,0.00,-0.01,5.07,5.07
-20.965,0.00,-0.01,5.08,5.08
-20.955,0.00,-0.01,5.09,5.09
-20.945,0.00,-0.01,5.10,5.10
-20.935,0.00,-0.01,5.10,5.10
-20.925,0.00,-0.01,5.09,5.09
-20.915,0.00,-0.01,5.09,5.09
-20.905,0.00,-0.01,5.08,5.08
-20.895,0.00,-0.01,5.08,5.08
-20.885,0.00,-0.01,5.09,5.09
-20.875,0.00,-0.01,5.10,5.10
-20.865,0.00,-0.01,5.10,5.10
-20.855,0.00,-0.01,5.10,5.10
-20.845,0.00,-0.01,5.10,5.10
-20.835,0.00,-0.01,5.09,5.09
-20.825,0.00,-0.01,5.08,5.08
-20.815,0.00,-0.01,5.08,5.08
-20.805,0.00,-0.01,5.08,5.08
-20.795,0.00,-0.01,5.09,5.09
-20.785,0.00,-0.01,5.09,5.09
-20.775,0.00,-0.01,5.10,5.10
-20.765,0.00,-0.01,5.09,5.09
-20.755,0.00,-0.01,5.09,5.09
-20.745,0.00,-0.01,5.08,5.08
-20.735,0.00,-0.01,5.08,5.08
-20.725,0.00,-0.01,5.08,5.08
-20.715,0.00,-0.01,5.09,5.09
-20.705,0.00,-0.01,5.09,5.09
-20.695,0.00,-0.01,5.10,5.10
-20.685,0.00,-0.01,5.10,5.10
-20.675,0.00,-0.01,5.09,5.09
-20.665,0.00,-0.01,5.08,5.08
-20.655,0.00,-0.01,5.08,5.08
-20.645,0.00,-0.01,5.08,5.08
-20.635,0.00,-0.01,5.09,5.09
-20.625,0.00,-0.01,5.09,5.09
-20.615,0.00,-0.01,5.09,5.09
-20.605,0.00,-0.01,5.09,5.09
-20.595,0.00,-0.01,5.09,5.09
-20.585,0.00,-0.01,5.09,5.09
-20.575,0.00,-0.01,5.08,5.08
-20.565,0.00,-0.01,5.08,5.08
-20.555,0.00,-0.01,5.08,5.08
-20.545,0.00,-0.01,5.09,5.09
-20.535,0.00,-0.01,5.10,5.10
-20.525,0.00,-0.01,5.10,5.10
-20.515,0.00,-0.01,5.10,5.10
-20.505,0.00,-0.01,5.09,5.09
-20.495,0.00,-0.01,5.08,5.08
-20.485,0.00,-0.01,5.08,5.08
-20.475,0.00,-0.01,5.08,5.08
-20.465,0.00,-0.01,5.08,5.08
-20.455,0.00,-0.01,5.09,5.09
-20.445,0.00,-0.01,5.09,5.09
-20.435,0.00,-0.01,5.09,5.09
-20.425,0.00,-0.01,5.09,5.09
-20.415,0.00,-0.01,5.09,5.09
-20.405,0.00,-0.01,5.08,5.08
-20.395,0.00,-0.01,5.09,5.09
-20.385,0.00,-0.01,5.09,5.09
-20.375,0.00,-0.01,5.09,5.09
-20.365,0.00,-0.01,5.10,5.10
-20.355,0.00,-0.01,5.10,5.10
-20.345,0.00,-0.01,5.10,5.10
-20.335,0.00,-0.01,5.09,5.09
-20.325,0.00,-0.01,5.08,5.08
-20.315,0.00,-0.01,5.08,5.08
-20.305,0.00,-0.01,5.07,5.07
-20.295,0.00,-0.01,5.08,5.08
-20.285,0.00,-0.01,5.08,5.08
-20.275,0.00,-0.01,5.08,5.08
-20.265,0.00,-0.01,5.09,5.09
-20.255,0.00,-0.01,5.09,5.09
-20.245,0.00,-0.01,5.09,5.09
-20.235,0.00,-0.01,5.08,5.08
-20.225,0.00,-0.01,5.08,5.08
-20.215,0.00,-0.01,5.09,5.09
-20.205,0.00,-0.01,5.09,5.09
-20.195,0.00,-0.01,5.09,5.09
-20.185,0.00,-0.01,5.09,5.09
-20.175,0.00,-0.01,5.09,5.09
-20.165,0.00,-0.01,5.09,5.09
-20.155,0.00,-0.01,5.08,5.08
-20.145,0.00,-0.01,5.08,5.08
-20.135,0.00,-0.01,5.08,5.08
-20.125,0.00,-0.01,5.08,5.08
-20.115,0.00,-0.01,5.08,5.09
-20.105,0.00,-0.01,5.09,5.09
-20.095,0.00,-0.01,5.09,5.09
-20.085,0.00,-0.01,5.09,5.09
-20.075,0.00,-0.01,5.09,5.09
-20.065,0.00,-0.01,5.09,5.09
-20.055,0.00,-0.01,5.09,5.09
-20.045,0.00,-0.01,5.09,5.09
-20.035,0.00,-0.01,5.09,5.09
-20.025,0.00,-0.01,5.09,5.09
-20.015,0.00,-0.01,5.09,5.09
-20.005,0.00,-0.01,5.09,5.09
-19.995,0.00,-0.01,5.09,5.09
-19.985,0.00,-0.01,5.09,5.09
-19.975,0.00,-0.01,5.09,5.09
-19.965,0.00,-0.01,5.08,5.08
-19.955,0.00,-0.01,5.08,5.08
-19.945,0.00,-0.01,5.08,5.08
-19.935,0.00,-0.01,5.09,5.09
-19.925,0.00,-0.01,5.09,5.09
-19.915,0.00,-0.01,5.09,5.09
-19.905,0.00,-0.01,5.09,5.09
-19.895,0.00,-0.01,5.09,5.09
-19.885,0.00,-0.01,5.09,5.09
-19.875,0.00,-0.01,5.09,5.09
-19.865,0.00,-0.01,5.09,5.09
-19.853,0.00,-0.01,5.09,5.09
-19.845,0.00,-0.01,5.09,5.09
-19.835,0.00,-0.01,5.09,5.09
-19.825,0.00,-0.01,5.09,5.09
-19.813,0.00,-0.01,5.09,5.09
-19.805,0.00,-0.01,5.09,5.09
-19.795,0.00,-0.01,5.09,5.09
-19.782,0.00,-0.01,5.09,5.09
-19.775,0.00,-0.01,5.09,5.09
-19.765,0.00,-0.01,5.09,5.09
-19.755,0.00,-0.01,5.09,5.09
-19.745,0.00,-0.01,5.09,5.09
-19.735,0.00,-0.01,5.09,5.09
-19.725,0.00,-0.01,5.09,5.09
-19.715,0.00,-0.01,5.09,5.09
-19.705,0.00,-0.01,5.09,5.09
-19.695,0.00,-0.01,5.09,5.09
-19.685,0.00,-0.01,5.09,5.09
-19.675,0.00,-0.01,5.09,5.09
-19.665,0.00,-0.01,5.09,5.09
-19.655,0.00,-0.01,5.09,5.09
-19.645,0.00,-0.01,5.08,5.08
-19.635,0.00,-0.01,5.08,5.08
-19.625,0.00,-0.01,5.08,5.08
-19.615,0.00,-0.01,5.08,5.08
-19.605,0.00,-0.01,5.09,5.09
-19.595,0.00,-0.01,5.10,5.10
-19.585,0.00,-0.01,5.10,5.10
-19.575,0.00,-0.01,5.10,5.10
-19.565,0.00,-0.01,5.09,5.09
-19.555,0.00,-0.01,5.09,5.09
-19.545,0.00,-0.01,5.09,5.09
-19.535,0.00,-0.01,5.09,5.09
-19.525,0.00,-0.01,5.09,5.09
-19.515,0.00,-0.01,5.09,5.09
-19.505,0.00,-0.01,5.09,5.09
-19.495,0.00,-0.01,5.09,5.09
-19.485,0.00,-0.01,5.09,5.09
-19.475,0.00,-0.01,5.09,5.09
-19.465,0.00,-0.01,5.08,5.08
-19.455,0.00,-0.01,5.08,5.08
-19.445,0.00,-0.01,5.08,5.08
-19.435,0.00,-0.01,5.09,5.09
-19.425,0.00,-0.01,5.09,5.09
-19.415,0.00,-0.01,5.09,5.09
-19.405,0.00,-0.01,5.09,5.09
-19.395,0.00,-0.01,5.09,5.09
-19.385,0.00,-0.01,5.09,5.09
-19.375,0.00,-0.01,5.09,5.09
-19.365,0.00,-0.01,5.09,5.09
-19.355,0.00,-0.01,5.09,5.09
-19.345,0.00,-0.01,5.09,5.09
-19.335,0.00,-0.01,5.09,5.09
-19.325,0.00,-0.01,5.09,5.09
-19.315,0.00,-0.01,5.09,5.09
-19.305,0.00,-0.01,5.08,5.08
-19.295,0.00,-0.01,5.08,5.08
-19.285,0.00,-0.01,5.08,5.08
-19.275,0.00,-0.01,5.09,5.09
-19.265,0.00,-0.01,5.09,5.09
-19.255,0.00,-0.01,5.09,5.09
-19.245,0.00,-0.01,5.09,5.09
-19.235,0.00,-0.01,5.09,5.09
-19.225,0.00,-0.01,5.09,5.09
-19.215,0.00,-0.01,5.09,5.09
-19.205,0.00,-0.01,5.09,5.09
-19.195,0.00,-0.01,5.10,5.10
-19.185,0.00,-0.01,5.10,5.10
-19.175,0.00,-0.01,5.10,5.10
-19.165,0.00,-0.01,5.09,5.09
-19.155,0.00,-0.01,5.09,5.09
-19.145,0.00,-0.01,5.09,5.09
-19.135,0.00,-0.01,5.09,5.09
-19.125,0.00,-0.01,5.09,5.09
-19.115,0.00,-0.01,5.09,5.09
-19.105,0.00,-0.01,5.09,5.09
-19.095,0.00,-0.01,5.09,5.09
-19.085,0.00,-0.01,5.09,5.09
-19.075,0.00,-0.01,5.09,5.09
-19.065,0.00,-0.01,5.09,5.09
-19.055,0.00,-0.01,5.09,5.09
-19.045,0.00,-0.01,5.09,5.09
-19.035,0.00,-0.01,5.09,5.09
-19.025,0.00,-0.01,5.09,5.09
-19.015,0.00,-0.01,5.09,5.09
-19.005,0.00,-0.01,5.09,5.09
-18.995,0.00,-0.01,5.09,5.09
-18.985,0.00,-0.01,5.09,5.09
-18.975,0.00,-0.01,5.09,5.09
-18.965,0.00,-0.01,5.09,5.09
-18.954,0.00,-0.01,5.09,5.09
-18.944,0.00,-0.01,5.09,5.09
-18.935,0.00,-0.01,5.09,5.09
-18.925,0.00,-0.01,5.09,5.09
-18.915,0.00,-0.01,5.09,5.09
-18.905,0.00,-0.01,5.09,5.09
-18.895,0.00,-0.01,5.09,5.09
-18.885,0.00,-0.01,5.09,5.09
-18.875,0.00,-0.01,5.09,5.09
-18.865,0.00,-0.01,5.09,5.09
-18.855,0.00,-0.01,5.09,5.09
-18.845,0.00,-0.01,5.09,5.09
-18.835,0.00,-0.01,5.09,5.09
-18.825,0.00,-0.01,5.09,5.09
-18.815,0.00,-0.01,5.09,5.09
-18.805,0.00,-0.01,5.09,5.09
-18.795,0.00,-0.01,5.09,5.09
-18.785,0.00,-0.01,5.09,5.09
-18.775,0.00,-0.01,5.09,5.09
-18.765,0.00,-0.01,5.09,5.09
-18.755,0.00,-0.01,5.09,5.09
-18.745,0.00,-0.01,5.09,5.09
-18.735,0.00,-0.01,5.09,5.09
-18.725,0.00,-0.01,5.09,5.09
-18.715,0.00,-0.01,5.09,5.09
-18.705,0.00,-0.01,5.09,5.09
-18.695,0.00,-0.01,5.09,5.09
-18.685,0.00,-0.01,5.09,5.09
-18.675,0.00,-0.01,5.09,5.09
-18.665,0.00,-0.01,5.09,5.09
-18.655,0.00,-0.01,5.09,5.09
-18.645,0.00,-0.01,5.09,5.09
-18.635,0.00,-0.01,5.09,5.09
-18.625,0.00,-0.01,5.09,5.09
-18.615,0.00,-0.01,5.09,5.09
-18.605,0.00,-0.01,5.09,5.09
-18.595,0.00,-0.01,5.09,5.09
-18.585,0.00,-0.01,5.09,5.09
-18.575,0.00,-0.01,5.09,5.09
-18.565,0.00,-0.01,5.09,5.09
-18.555,0.00,-0.01,5.09,5.09
-18.545,0.00,-0.01,5.09,5.09
-18.535,0.00,-0.01,5.09,5.09
-18.525,0.00,-0.01,5.09,5.09
-18.515,0.00,-0.01,5.09,5.09
-18.505,0.00,-0.01,5.09,5.09
-18.495,0.00,-0.01,5.09,5.09
-18.485,0.00,-0.01,5.09,5.09
-18.475,0.00,-0.01,5.09,5.09
-18.465,0.00,-0.01,5.08,5.08
-18.455,0.00,-0.01,5.08,5.08
-18.445,0.00,-0.01,5.08,5.08
-18.435,0.00,-0.01,5.08,5.08
-18.425,0.00,-0.01,5.08,5.08
-18.415,0.00,-0.01,5.08,5.08
-18.405,0.00,-0.01,5.08,5.08
-18.395,0.00,-0.01,5.08,5.08
-18.385,0.00,-0.01,5.08,5.08
-18.375,0.00,-0.01,5.08,5.08
-18.365,0.00,-0.01,5.08,5.08
-18.355,0.00,-0.01,5.08,5.08
-18.345,0.00,-0.01,5.09,5.09
-18.335,0.00,-0.01,5.09,5.09
-18.325,0.00,-0.01,5.09,5.09
-18.315,0.00,-0.01,5.08,5.08
-18.305,0.00,-0.01,5.08,5.08
-18.295,0.00,-0.01,5.08,5.08
-18.285,0.00,-0.01,5.08,5.08
-18.275,0.00,-0.01,5.08,5.08
-18.265,0.00,-0.01,5.09,5.09
-18.255,0.00,-0.01,5.09,5.09
-18.245,0.00,-0.01,5.09,5.09
-18.235,0.00,-0.01,5.08,5.08
-18.225,0.00,-0.01,5.09,5.09
-18.215,0.00,-0.01,5.09,5.09
-18.205,0.00,-0.01,5.09,5.09
-18.195,0.00,-0.01,5.09,5.09
-18.185,0.00,-0.01,5.09,5.09
-18.175,0.00,-0.01,5.09,5.09
-18.165,0.00,-0.01,5.09,5.09
-18.155,0.00,-0.01,5.09,5.09
-18.145,0.00,-0.01,5.09,5.09
-18.135,0.00,-0.01,5.09,5.09
-18.125,0.00,-0.01,5.09,5.09
-18.114,0.00,-0.01,5.08,5.08
-18.105,0.00,-0.01,5.08,5.08
-18.095,0.00,-0.01,5.08,5.08
-18.085,0.00,-0.01,5.08,5.08
-18.075,0.00,-0.01,5.08,5.08
-18.065,0.00,-0.01,5.09,5.09
-18.055,0.00,-0.01,5.09,5.09
-18.044,0.00,-0.01,5.09,5.09
-18.035,0.00,-0.01,5.08,5.08
-18.025,0.00,-0.01,5.08,5.08
-18.015,0.00,-0.01,5.08,5.08
-18.005,0.00,-0.01,5.09,5.09
-17.995,0.00,-0.01,5.09,5.09
-17.985,0.00,-0.01,5.09,5.09
-17.975,0.00,-0.01,5.09,5.09
-17.965,0.00,-0.01,5.09,5.09
-17.955,0.00,-0.01,5.09,5.09
-17.945,0.00,-0.01,5.09,5.09
-17.935,0.00,-0.01,5.09,5.09
-17.925,0.00,-0.01,5.09,5.09
-17.915,0.00,-0.01,5.09,5.09
-17.905,0.00,-0.01,5.09,5.09
-17.895,0.00,-0.01,5.09,5.09
-17.885,0.00,-0.01,5.09,5.09
-17.875,0.00,-0.01,5.09,5.09
-17.865,0.00,-0.01,5.09,5.09
-17.855,0.00,-0.01,5.09,5.09
-17.845,0.00,-0.01,5.09,5.09
-17.835,0.00,-0.01,5.09,5.09
-17.825,0.00,-0.01,5.09,5.09
-17.815,0.00,-0.01,5.09,5.09
-17.805,0.00,-0.01,5.09,5.09
-17.795,0.00,-0.01,5.08,5.08
-17.785,0.00,-0.01,5.08,5.08
-17.775,0.00,-0.01,5.08,5.08
-17.765,0.00,-0.01,5.08,5.08
-17.755,0.00,-0.01,5.08,5.08
-17.745,0.00,-0.01,5.09,5.09
-17.735,0.00,-0.01,5.09,5.09
-17.725,0.00,-0.01,5.09,5.09
-17.715,0.00,-0.01,5.09,5.09
-17.705,0.00,-0.01,5.08,5.08
-17.695,0.00,-0.01,5.08,5.08
-17.685,0.00,-0.01,5.08,5.08
-17.675,0.00,-0.01,5.09,5.09
-17.665,0.00,-0.01,5.09,5.09
-17.655,0.00,-0.01,5.09,5.09
-17.645,0.00,-0.01,5.09,5.09
-17.635,0.00,-0.01,5.09,5.09
-17.625,0.00,-0.01,5.09,5.09
-17.615,0.00,-0.01,5.08,5.08
-17.605,0.00,-0.01,5.08,5.08
-17.595,0.00,-0.01,5.08,5.08
-17.585,0.00,-0.01,5.09,5.09
-17.575,0.00,-0.01,5.09,5.09
-17.565,0.00,-0.01,5.09,5.09
-17.555,0.00,-0.01,5.09,5.09
-17.545,0.00,-0.01,5.08,5.08
-17.535,0.00,-0.01,5.08,5.08
-17.525,0.00,-0.01,5.08,5.08
-17.515,0.00,-0.01,5.08,5.08
-17.505,0.00,-0.01,5.09,5.09
-17.495,0.00,-0.01,5.09,5.09
-17.485,0.00,-0.01,5.09,5.09
-17.475,0.00,-0.01,5.09,5.09
-17.465,0.00,-0.01,5.08,5.08
-17.455,0.00,-0.01,5.08,5.08
-17.445,0.00,-0.01,5.08,5.08
-17.435,0.00,-0.01,5.08,5.08
-17.425,0.00,-0.01,5.08,5.08
-17.415,0.00,-0.01,5.08,5.08
-17.405,0.00,-0.01,5.08,5.08
-17.395,0.00,-0.01,5.09,5.09
-17.385,0.00,-0.01,5.09,5.09
-17.375,0.00,-0.01,5.08,5.08
-17.365,0.00,-0.01,5.08,5.08
-17.355,0.00,-0.01,5.08,5.08
-17.345,0.00,-0.01,5.08,5.08
-17.335,0.00,-0.01,5.09,5.09
-17.325,0.00,-0.01,5.08,5.08
-17.315,0.00,-0.01,5.08,5.08
-17.305,0.00,-0.01,5.08,5.08
-17.295,0.00,-0.01,5.08,5.08
-17.285,0.00,-0.01,5.08,5.08
-17.275,0.00,-0.01,5.08,5.08
-17.265,0.00,-0.01,5.08,5.08
-17.255,0.00,-0.01,5.08,5.08
-17.245,0.00,-0.01,5.08,5.08
-17.235,0.00,-0.01,5.08,5.08
-17.225,0.00,-0.01,5.08,5.08
-17.215,0.00,-0.01,5.09,5.09
-17.205,0.00,-0.01,5.09,5.09
-17.195,0.00,-0.01,5.09,5.09
-17.185,0.00,-0.01,5.08,5.08
-17.175,0.00,-0.01,5.08,5.08
-17.165,0.00,-0.01,5.08,5.08
-17.155,0.00,-0.01,5.08,5.08
-17.145,0.00,-0.01,5.08,5.08
-17.135,0.00,-0.01,5.08,5.08
-17.125,0.00,-0.01,5.08,5.08
-17.115,0.00,-0.01,5.08,5.08
-17.105,0.00,-0.01,5.08,5.08
-17.095,0.00,-0.01,5.08,5.08
-17.085,0.00,-0.01,5.08,5.08
-17.075,0.00,-0.01,5.08,5.08
-17.065,0.00,-0.01,5.08,5.08
-17.055,0.00,-0.01,5.08,5.08
-17.045,0.00,-0.01,5.09,5.09
-17.035,0.00,-0.01,5.09,5.09
-17.025,0.00,-0.01,5.09,5.09
-17.015,0.00,-0.01,5.09,5.09
-17.005,0.00,-0.01,5.08,5.08
-16.995,0.00,-0.01,5.09,5.09
-16.985,0.00,-0.01,5.09,5.09
-16.975,0.00,-0.01,5.09,5.09
-16.965,0.00,-0.01,5.09,5.09
-16.955,0.00,-0.01,5.09,5.09
-16.945,0.00,-0.01,5.09,5.09
-16.935,0.00,-0.01,5.09,5.09
-16.925,0.00,-0.01,5.09,5.09
-16.915,0.00,-0.01,5.09,5.09
-16.905,0.00,-0.01,5.09,5.09
-16.895,0.00,-0.01,5.10,5.10
-16.885,0.00,-0.01,5.10,5.10
-16.875,0.00,-0.01,5.09,5.09
-16.865,0.00,-0.01,5.09,5.09
-16.855,0.00,-0.01,5.09,5.09
-16.845,0.00,-0.01,5.08,5.08
-16.835,0.00,-0.01,5.08,5.08
-16.825,0.00,-0.01,5.08,5.08
-16.815,0.00,-0.01,5.09,5.09
-16.805,0.00,-0.01,5.10,5.10
-16.795,0.00,-0.01,5.09,5.09
-16.785,0.00,-0.01,5.09,5.09
-16.775,0.00,-0.01,5.09,5.09
-16.765,0.00,-0.01,5.08,5.08
-16.755,0.00,-0.01,5.08,5.08
-16.745,0.00,-0.01,5.08,5.08
-16.735,0.00,-0.01,5.09,5.09
-16.725,0.00,-0.01,5.09,5.09
-16.715,0.00,-0.01,5.09,5.09
-16.705,0.00,-0.01,5.09,5.09
-16.695,0.00,-0.01,5.09,5.09
-16.685,0.00,-0.01,5.09,5.09
-16.675,0.00,-0.01,5.08,5.08
-16.665,0.00,-0.01,5.08,5.08
-16.655,0.00,-0.01,5.09,5.09
-16.645,0.00,-0.01,5.09,5.09
-16.635,0.00,-0.01,5.09,5.09
-16.625,0.00,-0.01,5.09,5.09
-16.615,0.00,-0.01,5.09,5.09
-16.605,0.00,-0.01,5.08,5.08
-16.595,0.00,-0.01,5.08,5.08
-16.585,0.00,-0.01,5.08,5.08
-16.575,0.00,-0.01,5.09,5.09
-16.565,0.00,-0.01,5.09,5.09
-16.555,0.00,-0.01,5.10,5.10
-16.545,0.00,-0.01,5.10,5.10
-16.535,0.00,-0.01,5.10,5.10
-16.525,0.00,-0.01,5.09,5.09
-16.515,0.00,-0.01,5.08,5.09
-16.505,0.00,-0.01,5.08,5.08
-16.495,0.00,-0.01,5.09,5.09
-16.485,0.00,-0.01,5.09,5.09
-16.475,0.00,-0.01,5.09,5.09
-16.465,0.00,-0.01,5.09,5.09
-16.455,0.00,-0.01,5.09,5.09
-16.445,0.00,-0.01,5.09,5.09
-16.435,0.00,-0.01,5.08,5.08
-16.425,0.00,-0.01,5.08,5.08
-16.415,0.00,-0.01,5.08,5.08
-16.405,0.00,-0.01,5.08,5.08
-16.395,0.00,-0.01,5.09,5.09
-16.385,0.00,-0.01,5.09,5.09
-16.375,0.00,-0.01,5.09,5.09
-16.365,0.00,-0.01,5.09,5.09
-16.355,0.00,-0.01,5.09,5.09
-16.345,0.00,-0.01,5.09,5.09
-16.335,0.00,-0.01,5.09,5.09
-16.325,0.00,-0.01,5.09,5.09
-16.315,0.00,-0.01,5.09,5.09
-16.305,0.00,-0.01,5.09,5.09
-16.295,0.00,-0.01,5.09,5.09
-16.285,0.00,-0.01,5.09,5.09
-16.275,0.00,-0.01,5.09,5.09
-16.265,0.00,-0.01,5.08,5.08
-16.255,0.00,-0.01,5.08,5.08
-16.245,0.00,-0.01,5.08,5.08
-16.235,0.00,-0.01,5.08,5.08
-16.225,0.00,-0.01,5.09,5.09
-16.215,0.00,-0.01,5.09,5.09
-16.205,0.00,-0.01,5.09,5.09
-16.195,0.00,-0.01,5.09,5.09
-16.185,0.00,-0.01,5.09,5.09
-16.175,0.00,-0.01,5.08,5.08
-16.165,0.00,-0.01,5.09,5.09
-16.155,0.00,-0.01,5.09,5.09
-16.145,0.00,-0.01,5.09,5.09
-16.135,0.00,-0.01,5.09,5.09
-16.125,0.00,-0.01,5.09,5.09
-16.115,0.00,-0.01,5.08,5.08
-16.105,0.00,-0.01,5.08,5.08
-16.095,0.00,-0.01,5.08,5.08
-16.085,0.00,-0.01,5.08,5.08
-16.075,0.00,-0.01,5.08,5.08
-16.065,0.00,-0.01,5.08,5.08
-16.055,0.00,-0.01,5.09,5.09
-16.045,0.00,-0.01,5.09,5.09
-16.035,0.00,-0.01,5.09,5.09
-16.025,0.00,-0.01,5.08,5.08
-16.015,0.00,-0.01,5.08,5.08
-16.005,0.00,-0.01,5.08,5.08
-15.995,0.00,-0.01,5.08,5.08
-15.985,0.00,-0.01,5.09,5.09
-15.975,0.00,-0.01,5.09,5.09
-15.965,0.00,-0.01,5.09,5.09
-15.955,0.00,-0.01,5.09,5.09
-15.945,0.00,-0.01,5.09,5.09
-15.935,0.00,-0.01,5.08,5.08
-15.925,0.00,-0.01,5.08,5.08
-15.915,0.00,-0.01,5.08,5.08
-15.905,0.00,-0.01,5.08,5.08
-15.895,0.00,-0.01,5.08,5.08
-15.885,0.00,-0.01,5.09,5.09
-15.875,0.00,-0.01,5.09,5.09
-15.865,0.00,-0.01,5.10,5.10
-15.855,0.00,-0.01,5.10,5.10
-15.845,0.00,-0.01,5.09,5.09
-15.835,0.00,-0.01,5.09,5.09
-15.825,0.00,-0.01,5.09,5.09
-15.815,0.00,-0.01,5.09,5.09
-15.805,0.00,-0.01,5.09,5.09
-15.795,0.00,-0.01,5.09,5.09
-15.785,0.00,-0.01,5.09,5.09
-15.775,0.00,-0.01,5.09,5.09
-15.765,0.00,-0.01,5.09,5.09
-15.755,0.00,-0.01,5.09,5.09
-15.745,0.00,-0.01,5.09,5.09
-15.735,0.00,-0.01,5.09,5.09
-15.725,0.00,-0.01,5.09,5.09
-15.715,0.00,-0.01,5.08,5.08
-15.705,0.00,-0.01,5.08,5.08
-15.695,0.00,-0.01,5.09,5.09
-15.685,0.00,-0.01,5.09,5.09
-15.675,0.00,-0.01,5.10,5.10
-15.665,0.00,-0.01,5.09,5.09
-15.655,0.00,-0.01,5.09,5.09
-15.645,0.00,-0.01,5.09,5.09
-15.635,0.00,-0.01,5.09,5.09
-15.625,0.00,-0.01,5.08,5.08
-15.615,0.00,-0.01,5.08,5.08
-15.605,0.00,-0.01,5.09,5.09
-15.595,0.00,-0.01,5.09,5.09
-15.585,0.00,-0.01,5.09,5.09
-15.575,0.00,-0.01,5.08,5.08
-15.565,0.00,-0.01,5.08,5.08
-15.555,0.00,-0.01,5.08,5.08
-15.545,0.00,-0.01,5.08,5.08
-15.535,0.00,-0.01,5.09,5.09
-15.525,0.00,-0.01,5.10,5.10
-15.515,0.00,-0.01,5.10,5.10
-15.505,0.00,-0.01,5.10,5.10
-15.495,0.00,-0.01,5.09,5.09
-15.485,0.00,-0.01,5.08,5.08
-15.475,0.00,-0.01,5.08,5.08
-15.465,0.00,-0.01,5.08,5.08
-15.455,0.00,-0.01,5.08,5.08
-15.445,0.00,-0.01,5.09,5.09
-15.435,0.00,-0.01,5.09,5.09
-15.425,0.00,-0.01,5.09,5.09
-15.415,0.00,-0.01,5.09,5.09
-15.405,0.00,-0.01,5.08,5.08
-15.395,0.00,-0.01,5.07,5.07
-15.385,0.00,-0.01,5.07,5.07
-15.375,0.00,-0.01,5.08,5.08
-15.365,0.00,-0.01,5.08,5.08
-15.355,0.00,-0.01,5.09,5.09
-15.345,0.00,-0.01,5.10,5.10
-15.335,0.00,-0.01,5.10,5.10
-15.325,0.00,-0.01,5.09,5.09
-15.315,0.00,-0.01,5.09,5.09
-15.305,0.00,-0.01,5.08,5.08
-15.295,0.00,-0.01,5.08,5.08
-15.285,0.00,-0.01,5.08,5.08
-15.275,0.00,-0.01,5.09,5.09
-15.265,0.00,-0.01,5.09,5.09
-15.255,0.00,-0.01,5.09,5.09
-15.245,0.00,-0.01,5.09,5.09
-15.235,0.00,-0.01,5.08,5.08
-15.225,0.00,-0.01,5.08,5.08
-15.215,0.00,-0.01,5.08,5.08
-15.205,0.00,-0.01,5.08,5.08
-15.195,0.00,-0.01,5.09,5.09
-15.185,0.00,-0.01,5.09,5.09
-15.175,0.00,-0.01,5.09,5.09
-15.165,0.00,-0.01,5.09,5.09
-15.155,0.00,-0.01,5.09,5.09
-15.145,0.00,-0.01,5.09,5.09
-15.135,0.00,-0.01,5.09,5.09
-15.125,0.00,-0.01,5.09,5.09
-15.115,0.00,-0.01,5.09,5.09
-15.105,0.00,-0.01,5.09,5.09
-15.095,0.00,-0.01,5.09,5.09
-15.085,0.00,-0.01,5.09,5.09
-15.075,0.00,-0.01,5.08,5.08
-15.065,0.00,-0.01,5.08,5.08
-15.055,0.00,-0.01,5.08,5.08
-15.045,0.00,-0.01,5.08,5.08
-15.035,0.00,-0.01,5.09,5.09
-15.025,0.00,-0.01,5.09,5.09
-15.015,0.00,-0.01,5.09,5.09
-15.005,0.00,-0.01,5.09,5.09
-14.995,0.00,-0.01,5.09,5.09
-14.985,0.00,-0.01,5.09,5.09
-14.975,0.00,-0.01,5.09,5.09
-14.965,0.00,-0.01,5.08,5.08
-14.955,0.00,-0.01,5.08,5.09
-14.945,0.00,-0.01,5.09,5.09
-14.935,0.00,-0.01,5.09,5.09
-14.925,0.00,-0.01,5.09,5.09
-14.915,0.00,-0.01,5.09,5.09
-14.905,0.00,-0.01,5.09,5.09
-14.895,0.00,-0.01,5.09,5.09
-14.885,0.00,-0.01,5.09,5.09
-14.875,0.00,-0.01,5.08,5.08
-14.865,0.00,-0.01,5.08,5.08
-14.855,0.00,-0.01,5.08,5.08
-14.845,0.00,-0.01,5.09,5.09
-14.835,0.00,-0.01,5.10,5.10
-14.825,0.00,-0.01,5.10,5.10
-14.815,0.00,-0.01,5.10,5.10
-14.805,0.00,-0.01,5.09,5.09
-14.795,0.00,-0.01,5.09,5.09
-14.785,0.00,-0.01,5.08,5.08
-14.775,0.00,-0.01,5.09,5.09
-14.765,0.00,-0.01,5.09,5.09
-14.755,0.00,-0.01,5.09,5.09
-14.745,0.00,-0.01,5.09,5.09
-14.735,0.00,-0.01,5.09,5.09
-14.725,0.00,-0.01,5.09,5.09
-14.715,0.00,-0.01,5.09,5.09
-14.705,0.00,-0.01,5.09,5.09
-14.695,0.00,-0.01,5.09,5.09
-14.685,0.00,-0.01,5.09,5.09
-14.675,0.00,-0.01,5.09,5.09
-14.665,0.00,-0.01,5.09,5.09
-14.655,0.00,-0.01,5.10,5.10
-14.645,0.00,-0.01,5.10,5.10
-14.635,0.00,-0.01,5.10,5.10
-14.625,0.00,-0.01,5.10,5.10
-14.615,0.00,-0.01,5.09,5.09
-14.605,0.00,-0.01,5.09,5.09
-14.595,0.00,-0.01,5.09,5.09
-14.585,0.00,-0.01,5.09,5.09
-14.575,0.00,-0.01,5.09,5.09
-14.565,0.00,-0.01,5.09,5.09
-14.555,0.00,-0.01,5.09,5.09
-14.545,0.00,-0.01,5.09,5.09
-14.535,0.00,-0.01,5.09,5.09
-14.525,0.00,-0.01,5.09,5.09
-14.515,0.00,-0.01,5.09,5.09
-14.505,0.00,-0.01,5.09,5.09
-14.495,0.00,-0.01,5.09,5.09
-14.485,0.00,-0.01,5.09,5.09
-14.475,0.00,-0.01,5.09,5.09
-14.465,0.00,-0.01,5.09,5.09
-14.455,0.00,-0.01,5.09,5.09
-14.445,0.00,-0.01,5.09,5.09
-14.435,0.00,-0.01,5.09,5.09
-14.425,0.00,-0.01,5.08,5.08
-14.415,0.00,-0.01,5.08,5.08
-14.405,0.00,-0.01,5.09,5.09
-14.395,0.00,-0.01,5.09,5.09
-14.385,0.00,-0.01,5.09,5.09
-14.375,0.00,-0.01,5.09,5.09
-14.365,0.00,-0.01,5.09,5.09
-14.355,0.00,-0.01,5.09,5.09
-14.345,0.00,-0.01,5.09,5.09
-14.335,0.00,-0.01,5.09,5.09
-14.325,0.00,-0.01,5.09,5.09
-14.315,0.00,-0.01,5.09,5.09
-14.305,0.00,-0.01,5.09,5.09
-14.295,0.00,-0.01,5.09,5.09
-14.285,0.00,-0.01,5.09,5.09
-14.275,0.00,-0.01,5.08,5.08
-14.265,0.00,-0.01,5.08,5.08
-14.255,0.00,-0.01,5.08,5.08
-14.245,0.00,-0.01,5.08,5.08
-14.235,0.00,-0.01,5.08,5.08
-14.225,0.00,-0.01,5.09,5.09
-14.215,0.00,-0.01,5.09,5.09
-14.205,0.00,-0.01,5.09,5.09
-14.195,0.00,-0.01,5.08,5.08
-14.185,0.00,-0.01,5.08,5.08
-14.175,0.00,-0.01,5.08,5.08
-14.165,0.00,-0.01,5.08,5.08
-14.155,0.00,-0.01,5.08,5.08
-14.145,0.00,-0.01,5.09,5.09
-14.135,0.00,-0.01,5.09,5.09
-14.125,0.00,-0.01,5.09,5.09
-14.115,0.00,-0.01,5.09,5.09
-14.105,0.00,-0.01,5.09,5.09
-14.095,0.00,-0.01,5.08,5.08
-14.085,0.00,-0.01,5.08,5.08
-14.075,0.00,-0.01,5.09,5.09
-14.065,0.00,-0.01,5.09,5.09
-14.055,0.00,-0.01,5.09,5.09
-14.045,0.00,-0.01,5.09,5.09
-14.035,0.00,-0.01,5.09,5.09
-14.025,0.00,-0.01,5.08,5.08
-14.015,0.00,-0.01,5.08,5.08
-14.005,0.00,-0.01,5.08,5.08
-13.995,0.00,-0.01,5.09,5.09
-13.985,0.00,-0.01,5.09,5.09
-13.975,0.00,-0.01,5.09,5.09
-13.965,0.00,-0.01,5.10,5.10
-13.955,0.00,-0.01,5.09,5.09
-13.945,0.00,-0.01,5.09,5.09
-13.935,0.00,-0.01,5.09,5.09
-13.925,0.00,-0.01,5.09,5.09
-13.915,0.00,-0.01,5.09,5.09
-13.905,0.00,-0.01,5.09,5.09
-13.895,0.00,-0.01,5.09,5.09
-13.885,0.00,-0.01,5.09,5.09
-13.875,0.00,-0.01,5.09,5.09
-13.865,0.00,-0.01,5.08,5.08
-13.855,0.00,-0.01,5.08,5.08
-13.845,0.00,-0.01,5.08,5.08
-13.835,0.00,-0.01,5.09,5.09
-13.825,0.00,-0.01,5.09,5.09
-13.815,0.00,-0.01,5.09,5.09
-13.805,0.00,-0.01,5.09,5.09
-13.795,0.00,-0.01,5.08,5.08
-13.785,0.00,-0.01,5.09,5.09
-13.775,0.00,-0.01,5.09,5.09
-13.765,0.00,-0.01,5.09,5.09
-13.755,0.00,-0.01,5.09,5.09
-13.745,0.00,-0.01,5.09,5.09
-13.735,0.00,-0.01,5.08,5.08
-13.725,0.00,-0.01,5.08,5.08
-13.715,0.00,-0.01,5.08,5.08
-13.705,0.00,-0.01,5.08,5.08
-13.695,0.00,-0.01,5.08,5.08
-13.685,0.00,-0.01,5.09,5.09
-13.675,0.00,-0.01,5.09,5.09
-13.665,0.00,-0.01,5.09,5.09
-13.655,0.00,-0.01,5.09,5.09
-13.645,0.00,-0.01,5.08,5.08
-13.635,0.00,-0.01,5.08,5.08
-13.625,0.00,-0.01,5.08,5.08
-13.615,0.00,-0.01,5.08,5.08
-13.605,0.00,-0.01,5.09,5.09
-13.595,0.00,-0.01,5.09,5.09
-13.585,0.00,-0.01,5.09,5.09
-13.575,0.00,-0.01,5.09,5.09
-13.565,0.00,-0.01,5.08,5.08
-13.555,0.00,-0.01,5.08,5.08
-13.545,0.00,-0.01,5.08,5.08
-13.535,0.00,-0.01,5.08,5.08
-13.525,0.00,-0.01,5.08,5.08
-13.515,0.00,-0.01,5.08,5.08
-13.505,0.00,-0.01,5.09,5.09
-13.495,0.00,-0.01,5.09,5.09
-13.485,0.00,-0.01,5.08,5.08
-13.475,0.00,-0.01,5.08,5.08
-13.465,0.00,-0.01,5.07,5.08
-13.455,0.00,-0.01,5.08,5.08
-13.445,0.00,-0.01,5.08,5.08
-13.435,0.00,-0.01,5.09,5.09
-13.425,0.00,-0.01,5.09,5.09
-13.415,0.00,-0.01,5.09,5.09
-13.405,0.00,-0.01,5.09,5.09
-13.395,0.00,-0.01,5.08,5.08
-13.385,0.00,-0.01,5.08,5.08
-13.375,0.00,-0.01,5.08,5.08
-13.365,0.00,-0.01,5.08,5.08
-13.355,0.00,-0.01,5.09,5.09
-13.345,0.00,-0.01,5.09,5.09
-13.335,0.00,-0.01,5.09,5.09
-13.325,0.00,-0.01,5.09,5.09
-13.315,0.00,-0.01,5.08,5.08
-13.305,0.00,-0.01,5.08,5.08
-13.295,0.00,-0.01,5.08,5.08
-13.285,0.00,-0.01,5.08,5.08
-13.275,0.00,-0.01,5.09,5.09
-13.265,0.00,-0.01,5.09,5.09
-13.255,0.00,-0.01,5.09,5.09
-13.245,0.00,-0.01,5.08,5.08
-13.235,0.00,-0.01,5.08,5.08
-13.225,0.00,-0.01,5.08,5.08
-13.215,0.00,-0.01,5.08,5.08
-13.205,0.00,-0.01,5.08,5.08
-13.195,0.00,-0.01,5.08,5.08
-13.185,0.00,-0.01,5.08,5.08
-13.175,0.00,-0.01,5.09,5.09
-13.165,0.00,-0.01,5.08,5.08
-13.155,0.00,-0.01,5.08,5.08
-13.145,0.00,-0.01,5.08,5.08
-13.135,0.00,-0.01,5.08,5.08
-13.125,0.00,-0.01,5.08,5.08
-13.115,0.00,-0.01,5.08,5.08
-13.105,0.00,-0.01,5.09,5.09
-13.095,0.00,-0.01,5.09,5.09
-13.085,0.00,-0.01,5.08,5.08
-13.075,0.00,-0.01,5.08,5.08
-13.065,0.00,-0.01,5.08,5.08
-13.055,0.00,-0.01,5.08,5.08
-13.045,0.00,-0.01,5.08,5.08
-13.035,0.00,-0.01,5.09,5.09
-13.025,0.00,-0.01,5.09,5.09
-13.015,0.00,-0.01,5.09,5.09
-13.005,0.00,-0.01,5.09,5.09
-12.995,0.00,-0.01,5.08,5.08
-12.985,0.00,-0.01,5.08,5.08
-12.975,0.00,-0.01,5.08,5.08
-12.965,0.00,-0.01,5.08,5.08
-12.955,0.00,-0.01,5.08,5.08
-12.945,0.00,-0.01,5.09,5.09
-12.935,0.00,-0.01,5.09,5.09
-12.925,0.00,-0.01,5.09,5.09
-12.915,0.00,-0.01,5.09,5.09
-12.905,0.00,-0.01,5.08,5.08
-12.895,0.00,-0.01,5.08,5.08
-12.885,0.00,-0.01,5.08,5.08
-12.875,0.00,-0.01,5.09,5.09
-12.865,0.00,-0.01,5.09,5.09
-12.855,0.00,-0.01,5.09,5.09
-12.845,0.00,-0.01,5.09,5.09
-12.835,0.00,-0.01,5.09,5.09
-12.825,0.00,-0.01,5.09,5.09
-12.815,0.00,-0.01,5.08,5.08
-12.805,0.00,-0.01,5.08,5.08
-12.795,0.00,-0.01,5.08,5.08
-12.785,0.00,-0.01,5.09,5.09
-12.775,0.00,-0.01,5.09,5.09
-12.765,0.00,-0.01,5.09,5.09
-12.755,0.00,-0.01,5.09,5.09
-12.745,0.00,-0.01,5.09,5.09
-12.735,0.00,-0.01,5.09,5.09
-12.725,0.00,-0.01,5.08,5.08
-12.715,0.00,-0.01,5.08,5.08
-12.705,0.00,-0.01,5.09,5.09
-12.695,0.00,-0.01,5.09,5.09
-12.685,0.00,-0.01,5.09,5.09
-12.675,0.00,-0.01,5.09,5.09
-12.665,0.00,-0.01,5.09,5.09
-12.655,0.00,-0.01,5.09,5.09
-12.645,0.00,-0.01,5.09,5.09
-12.635,0.00,-0.01,5.09,5.09
-12.625,0.00,-0.01,5.09,5.09
-12.615,0.00,-0.01,5.09,5.09
-12.605,0.00,-0.01,5.09,5.09
-12.595,0.00,-0.01,5.09,5.09
-12.585,0.00,-0.01,5.09,5.09
-12.575,0.00,-0.01,5.09,5.09
-12.565,0.00,-0.01,5.08,5.08
-12.555,0.00,-0.01,5.08,5.08
-12.545,0.00,-0.01,5.08,5.08
-12.535,0.00,-0.01,5.08,5.08
-12.525,0.00,-0.01,5.09,5.09
-12.515,0.00,-0.01,5.09,5.09
-12.505,0.00,-0.01,5.09,5.09
-12.494,0.00,-0.01,5.09,5.09
-12.485,0.00,-0.01,5.09,5.09
-12.475,0.00,-0.01,5.08,5.08
-12.465,0.00,-0.01,5.09,5.09
-12.455,0.00,-0.01,5.09,5.09
-12.445,0.00,-0.01,5.09,5.09
-12.435,0.00,-0.01,5.09,5.09
-12.425,0.00,-0.01,5.09,5.09
-12.415,0.00,-0.01,5.09,5.09
-12.405,0.00,-0.01,5.08,5.08
-12.395,0.00,-0.01,5.08,5.08
-12.385,0.00,-0.01,5.09,5.09
-12.375,0.00,-0.01,5.09,5.09
-12.365,0.00,-0.01,5.09,5.09
-12.355,0.00,-0.01,5.09,5.09
-12.345,0.00,-0.01,5.08,5.08
-12.335,0.00,-0.01,5.08,5.08
-12.325,0.00,-0.01,5.08,5.08
-12.315,0.00,-0.01,5.09,5.09
-12.305,0.00,-0.01,5.09,5.09
-12.295,0.00,-0.01,5.09,5.09
-12.285,0.00,-0.01,5.09,5.09
-12.275,0.00,-0.01,5.09,5.09
-12.265,0.00,-0.01,5.09,5.09
-12.255,0.00,-0.01,5.08,5.08
-12.245,0.00,-0.01,5.08,5.08
-12.235,0.00,-0.01,5.08,5.08
-12.225,0.00,-0.01,5.08,5.08
-12.215,0.00,-0.01,5.08,5.08
-12.205,0.00,-0.01,5.09,5.09
-12.195,0.00,-0.01,5.09,5.09
-12.185,0.00,-0.01,5.09,5.09
-12.175,0.00,-0.01,5.08,5.08
-12.165,0.00,-0.01,5.08,5.08
-12.155,0.00,-0.01,5.08,5.08
-12.145,0.00,-0.01,5.08,5.08
-12.135,0.00,-0.01,5.09,5.09
-12.125,0.00,-0.01,5.09,5.09
-12.115,0.00,-0.01,5.09,5.09
-12.105,0.00,-0.01,5.09,5.09
-12.095,0.00,-0.01,5.09,5.09
-12.085,0.00,-0.01,5.09,5.09
-12.075,0.00,-0.01,5.09,5.09
-12.065,0.00,-0.01,5.08,5.08
-12.055,0.00,-0.01,5.08,5.08
-12.045,0.00,-0.01,5.08,5.08
-12.035,0.00,-0.01,5.08,5.08
-12.025,0.00,-0.01,5.09,5.09
-12.015,0.00,-0.01,5.09,5.09
-12.005,0.00,-0.01,5.09,5.09
-11.995,0.00,-0.01,5.09,5.09
-11.985,0.00,-0.01,5.09,5.09
-11.975,0.00,-0.01,5.09,5.09
-11.965,0.00,-0.01,5.09,5.09
-11.955,0.00,-0.01,5.09,5.09
-11.945,0.00,-0.01,5.09,5.09
-11.935,0.00,-0.01,5.10,5.10
-11.925,0.00,-0.01,5.10,5.10
-11.915,0.00,-0.01,5.09,5.09
-11.905,0.00,-0.01,5.09,5.09
-11.895,0.00,-0.01,5.08,5.08
-11.885,0.00,-0.01,5.08,5.08
-11.875,0.00,-0.01,5.08,5.08
-11.865,0.00,-0.01,5.09,5.09
-11.855,0.00,-0.01,5.09,5.09
-11.845,0.00,-0.01,5.09,5.09
-11.835,0.00,-0.01,5.09,5.09
-11.825,0.00,-0.01,5.09,5.09
-11.815,0.00,-0.01,5.09,5.09
-11.805,0.00,-0.01,5.09,5.09
-11.795,0.00,-0.01,5.09,5.09
-11.785,0.00,-0.01,5.10,5.10
-11.775,0.00,-0.01,5.10,5.10
-11.765,0.00,-0.01,5.10,5.10
-11.755,0.00,-0.01,5.09,5.09
-11.745,0.00,-0.01,5.09,5.09
-11.735,0.00,-0.01,5.09,5.09
-11.725,0.00,-0.01,5.09,5.09
-11.715,0.00,-0.01,5.09,5.09
-11.705,0.00,-0.01,5.09,5.09
-11.695,0.00,-0.01,5.09,5.09
-11.685,0.00,-0.01,5.10,5.10
-11.675,0.00,-0.01,5.10,5.10
-11.665,0.00,-0.01,5.10,5.10
-11.655,0.00,-0.01,5.10,5.10
-11.645,0.00,-0.01,5.09,5.09
-11.635,0.00,-0.01,5.09,5.09
-11.625,0.00,-0.01,5.09,5.09
-11.615,0.00,-0.01,5.08,5.08
-11.605,0.00,-0.01,5.09,5.09
-11.595,0.00,-0.01,5.09,5.09
-11.585,0.00,-0.01,5.09,5.09
-11.575,0.00,-0.01,5.09,5.09
-11.565,0.00,-0.01,5.09,5.09
-11.555,0.00,-0.01,5.09,5.09
-11.545,0.00,-0.01,5.08,5.08
-11.535,0.00,-0.01,5.08,5.08
-11.525,0.00,-0.01,5.08,5.08
-11.515,0.00,-0.01,5.09,5.09
-11.505,0.00,-0.01,5.09,5.09
-11.495,0.00,-0.01,5.09,5.09
-11.485,0.00,-0.01,5.10,5.10
-11.475,0.00,-0.01,5.10,5.10
-11.465,0.00,-0.01,5.09,5.09
-11.455,0.00,-0.01,5.09,5.09
-11.445,0.00,-0.01,5.09,5.09
-11.435,0.00,-0.01,5.09,5.09
-11.425,0.00,-0.01,5.09,5.09
-11.415,0.00,-0.01,5.09,5.09
-11.405,0.00,-0.01,5.09,5.09
-11.395,0.00,-0.01,5.09,5.09
-11.385,0.00,-0.01,5.09,5.09
-11.375,0.00,-0.01,5.08,5.08
-11.365,0.00,-0.01,5.08,5.08
-11.355,0.00,-0.01,5.09,5.09
-11.345,0.00,-0.01,5.09,5.09
-11.335,0.00,-0.01,5.09,5.09
-11.325,0.00,-0.01,5.09,5.09
-11.315,0.00,-0.01,5.09,5.09
-11.305,0.00,-0.01,5.09,5.09
-11.295,0.00,-0.01,5.09,5.09
-11.285,0.00,-0.01,5.09,5.09
-11.275,0.00,-0.01,5.09,5.09
-11.265,0.00,-0.01,5.09,5.09
-11.255,0.00,-0.01,5.09,5.09
-11.245,0.00,-0.01,5.09,5.09
-11.235,0.00,-0.01,5.09,5.09
-11.225,0.00,-0.01,5.08,5.08
-11.215,0.00,-0.01,5.08,5.08
-11.205,0.00,-0.01,5.08,5.08
-11.195,0.00,-0.01,5.08,5.08
-11.185,0.00,-0.01,5.09,5.09
-11.175,0.00,-0.01,5.09,5.09
-11.165,0.00,-0.01,5.10,5.10
-11.155,0.00,-0.01,5.10,5.10
-11.145,0.00,-0.01,5.10,5.10
-11.135,0.00,-0.01,5.09,5.09
-11.125,0.00,-0.01,5.08,5.08
-11.115,0.00,-0.01,5.08,5.08
-11.105,0.00,-0.01,5.08,5.08
-11.095,0.00,-0.01,5.08,5.08
-11.085,0.00,-0.01,5.09,5.09
-11.075,0.00,-0.01,5.09,5.09
-11.065,0.00,-0.01,5.09,5.09
-11.055,0.00,-0.01,5.09,5.09
-11.045,0.00,-0.01,5.08,5.08
-11.035,0.00,-0.01,5.09,5.09
-11.025,0.00,-0.01,5.09,5.09
-11.015,0.00,-0.01,5.09,5.09
-11.005,0.00,-0.01,5.09,5.09
-10.995,0.00,-0.01,5.09,5.09
-10.985,0.00,-0.01,5.09,5.09
-10.975,0.00,-0.01,5.09,5.09
-10.965,0.00,-0.01,5.09,5.09
-10.955,0.00,-0.01,5.08,5.08
-10.945,0.00,-0.01,5.08,5.08
-10.935,0.00,-0.01,5.08,5.08
-10.925,0.00,-0.01,5.09,5.09
-10.915,0.00,-0.01,5.10,5.10
-10.905,0.00,-0.01,5.10,5.10
-10.895,0.00,-0.01,5.10,5.10
-10.885,0.00,-0.01,5.09,5.09
-10.875,0.00,-0.01,5.09,5.09
-10.865,0.00,-0.01,5.08,5.08
-10.855,0.00,-0.01,5.08,5.08
-10.845,0.00,-0.01,5.09,5.09
-10.835,0.00,-0.01,5.09,5.09
-10.825,0.00,-0.01,5.09,5.09
-10.815,0.00,-0.01,5.09,5.09
-10.805,0.00,-0.01,5.09,5.09
-10.795,0.00,-0.01,5.09,5.09
-10.785,0.00,-0.01,5.09,5.09
-10.775,0.00,-0.01,5.08,5.08
-10.765,0.00,-0.01,5.08,5.08
-10.755,0.00,-0.01,5.09,5.09
-10.745,0.00,-0.01,5.09,5.09
-10.735,0.00,-0.01,5.10,5.10
-10.725,0.00,-0.01,5.10,5.10
-10.715,0.00,-0.01,5.09,5.09
-10.705,0.00,-0.01,5.08,5.08
-10.695,0.00,-0.01,5.07,5.07
-10.685,0.00,-0.01,5.06,5.06
-10.675,0.00,-0.01,5.07,5.07
-10.665,0.00,-0.01,5.08,5.08
-10.655,0.00,-0.01,5.09,5.09
-10.645,0.00,-0.01,5.10,5.10
-10.635,0.00,-0.01,5.11,5.11
-10.625,0.00,-0.01,5.11,5.11
-10.615,0.00,-0.01,5.10,5.10
-10.605,0.00,-0.01,5.08,5.08
-10.595,0.00,-0.01,5.07,5.07
-10.585,0.00,-0.01,5.07,5.07
-10.575,0.00,-0.01,5.08,5.08
-10.565,0.00,-0.01,5.08,5.08
-10.555,0.00,-0.01,5.09,5.09
-10.545,0.00,-0.01,5.10,5.10
-10.535,0.00,-0.01,5.09,5.09
-10.525,0.00,-0.01,5.08,5.08
-10.515,0.00,-0.01,5.07,5.07
-10.505,0.00,-0.01,5.07,5.07
-10.495,0.00,-0.01,5.07,5.07
-10.485,0.00,-0.01,5.08,5.08
-10.475,0.00,-0.01,5.09,5.09
-10.465,0.00,-0.01,5.10,5.10
-10.455,0.00,-0.01,5.10,5.10
-10.445,0.00,-0.01,5.09,5.09
-10.435,0.00,-0.01,5.09,5.09
-10.425,0.00,-0.01,5.08,5.08
-10.415,0.00,-0.01,5.08,5.08
-10.405,0.00,-0.01,5.08,5.08
-10.395,0.00,-0.01,5.09,5.09
-10.385,0.00,-0.01,5.09,5.09
-10.375,0.00,-0.01,5.09,5.09
-10.365,0.00,-0.01,5.09,5.09
-10.355,0.00,-0.01,5.09,5.09
-10.345,0.00,-0.01,5.08,5.08
-10.335,0.00,-0.01,5.08,5.08
-10.325,0.00,-0.01,5.08,5.08
-10.315,0.00,-0.01,5.09,5.09
-10.305,0.00,-0.01,5.09,5.09
-10.295,0.00,-0.01,5.09,5.09
-10.285,0.00,-0.01,5.09,5.09
-10.275,0.00,-0.01,5.08,5.08
-10.265,0.00,-0.01,5.08,5.08
-10.255,0.00,-0.01,5.08,5.08
-10.245,0.00,-0.01,5.08,5.08
-10.235,0.00,-0.01,5.09,5.09
-10.225,0.00,-0.01,5.10,5.10
-10.215,0.00,-0.01,5.09,5.09
-10.205,0.00,-0.01,5.09,5.09
-10.195,0.00,-0.01,5.08,5.08
-10.185,0.00,-0.01,5.08,5.08
-10.175,0.00,-0.01,5.08,5.08
-10.165,0.00,-0.01,5.08,5.08
-10.155,0.00,-0.01,5.09,5.09
-10.145,0.00,-0.01,5.09,5.09
-10.135,0.00,-0.01,5.09,5.09
-10.125,0.00,-0.01,5.09,5.09
-10.115,0.00,-0.01,5.09,5.09
-10.105,0.00,-0.01,5.08,5.08
-10.095,0.00,-0.01,5.08,5.08
-10.085,0.00,-0.01,5.08,5.08
-10.075,0.00,-0.01,5.08,5.08
-10.065,0.00,-0.01,5.08,5.08
-10.055,0.00,-0.01,5.09,5.09
-10.045,0.00,-0.01,5.09,5.09
-10.035,0.00,-0.01,5.09,5.09
-10.025,0.00,-0.01,5.09,5.09
-10.015,0.00,-0.01,5.09,5.09
-10.005,0.00,-0.01,5.08,5.08
-9.995,0.00,-0.01,5.09,5.09
-9.985,0.00,-0.01,5.09,5.09
-9.975,0.00,-0.01,5.09,5.09
-9.965,0.00,-0.01,5.09,5.09
-9.955,0.00,-0.01,5.09,5.09
-9.945,0.00,-0.01,5.09,5.09
-9.935,0.00,-0.01,5.09,5.09
-9.925,0.00,-0.01,5.09,5.09
-9.915,0.00,-0.01,5.08,5.08
-9.905,0.00,-0.01,5.09,5.09
-9.895,0.00,-0.01,5.09,5.09
-9.885,0.00,-0.01,5.10,5.10
-9.875,0.00,-0.01,5.10,5.10
-9.865,0.00,-0.01,5.10,5.10
-9.855,0.00,-0.01,5.09,5.09
-9.845,0.00,-0.01,5.08,5.08
-9.835,0.00,-0.01,5.08,5.08
-9.825,0.00,-0.01,5.08,5.08
-9.815,0.00,-0.01,5.08,5.08
-9.805,0.00,-0.01,5.09,5.09
-9.795,0.00,-0.01,5.09,5.09
-9.785,0.00,-0.01,5.10,5.10
-9.775,0.00,-0.01,5.10,5.10
-9.765,0.00,-0.01,5.10,5.10
-9.755,0.00,-0.01,5.10,5.10
-9.745,0.00,-0.01,5.09,5.09
-9.735,0.00,-0.01,5.09,5.09
-9.725,0.00,-0.01,5.09,5.09
-9.715,0.00,-0.01,5.09,5.09
-9.705,0.00,-0.01,5.09,5.09
-9.695,0.00,-0.01,5.09,5.09
-9.685,0.00,-0.01,5.09,5.09
-9.675,0.00,-0.01,5.09,5.09
-9.665,0.00,-0.01,5.09,5.09
-9.655,0.00,-0.01,5.08,5.08
-9.645,0.00,-0.01,5.08,5.08
-9.635,0.00,-0.01,5.08,5.08
-9.625,0.00,-0.01,5.09,5.09
-9.615,0.00,-0.01,5.09,5.09
-9.605,0.00,-0.01,5.10,5.10
-9.595,0.00,-0.01,5.10,5.10
-9.585,0.00,-0.01,5.10,5.10
-9.575,0.00,-0.01,5.09,5.09
-9.565,0.00,-0.01,5.09,5.09
-9.555,0.00,-0.01,5.09,5.09
-9.545,0.00,-0.01,5.09,5.09
-9.535,0.00,-0.01,5.08,5.08
-9.525,0.00,-0.01,5.08,5.08
-9.515,0.00,-0.01,5.08,5.08
-9.505,0.00,-0.01,5.08,5.08
-9.495,0.00,-0.01,5.08,5.08
-9.485,0.00,-0.01,5.08,5.08
-9.475,0.00,-0.01,5.08,5.08
-9.465,0.00,-0.01,5.08,5.08
-9.455,0.00,-0.01,5.08,5.08
-9.445,0.00,-0.01,5.08,5.08
-9.435,0.00,-0.01,5.08,5.08
-9.425,0.00,-0.01,5.09,5.09
-9.415,0.00,-0.01,5.09,5.09
-9.405,0.00,-0.01,5.09,5.09
-9.395,0.00,-0.01,5.08,5.08
-9.385,0.00,-0.01,5.08,5.08
-9.375,0.00,-0.01,5.08,5.08
-9.365,0.00,-0.01,5.09,5.09
-9.355,0.00,-0.01,5.09,5.09
-9.345,0.00,-0.01,5.09,5.09
-9.335,0.00,-0.01,5.09,5.09
-9.325,0.00,-0.01,5.08,5.08
-9.315,0.00,-0.01,5.08,5.08
-9.305,0.00,-0.01,5.09,5.09
-9.295,0.00,-0.01,5.08,5.08
-9.285,0.00,-0.01,5.08,5.08
-9.275,0.00,-0.01,5.09,5.09
-9.265,0.00,-0.01,5.09,5.09
-9.255,0.00,-0.01,5.09,5.09
-9.245,0.00,-0.01,5.09,5.09
-9.235,0.00,-0.01,5.09,5.09
-9.225,0.00,-0.01,5.08,5.08
-9.215,0.00,-0.01,5.08,5.08
-9.205,0.00,-0.01,5.09,5.09
-9.195,0.00,-0.01,5.09,5.09
-9.185,0.00,-0.01,5.10,5.10
-9.175,0.00,-0.01,5.10,5.10
-9.165,0.00,-0.01,5.09,5.09
-9.155,0.00,-0.01,5.08,5.08
-9.145,0.00,-0.01,5.07,5.07
-9.135,0.00,-0.01,5.07,5.07
-9.125,0.00,-0.01,5.07,5.07
-9.115,0.00,-0.01,5.07,5.07
-9.105,0.00,-0.01,5.09,5.09
-9.095,0.00,-0.01,5.10,5.10
-9.085,0.00,-0.01,5.11,5.11
-9.075,0.00,-0.01,5.11,5.11
-9.065,0.00,-0.01,5.10,5.10
-9.055,0.00,-0.01,5.09,5.09
-9.045,0.00,-0.01,5.09,5.09
-9.035,0.00,-0.01,5.08,5.08
-9.025,0.00,-0.01,5.09,5.09
-9.015,0.00,-0.01,5.09,5.09
-9.005,0.00,-0.01,5.09,5.09
-8.995,0.00,-0.01,5.09,5.09
-8.985,0.00,-0.01,5.09,5.09
-8.975,0.00,-0.01,5.08,5.08
-8.965,0.00,-0.01,5.07,5.07
-8.955,0.00,-0.01,5.07,5.07
-8.945,0.00,-0.01,5.08,5.08
-8.935,0.00,-0.01,5.08,5.08
-8.925,0.00,-0.01,5.09,5.09
-8.915,0.00,-0.01,5.10,5.10
-8.905,0.00,-0.01,5.11,5.11
-8.895,0.00,-0.01,5.11,5.11
-8.885,0.00,-0.01,5.10,5.10
-8.875,0.00,-0.01,5.09,5.09
-8.865,0.00,-0.01,5.09,5.09
-8.855,0.00,-0.01,5.09,5.09
-8.845,0.00,-0.01,5.10,5.10
-8.835,0.00,-0.01,5.10,5.10
-8.825,0.00,-0.01,5.10,5.10
-8.815,0.00,-0.01,5.10,5.10
-8.805,0.00,-0.01,5.09,5.09
-8.795,0.00,-0.01,5.09,5.09
-8.785,0.00,-0.01,5.09,5.09
-8.775,0.00,-0.01,5.09,5.09
-8.765,0.00,-0.01,5.09,5.09
-8.755,0.00,-0.01,5.10,5.10
-8.745,0.00,-0.01,5.10,5.10
-8.735,0.00,-0.01,5.10,5.10
-8.725,0.00,-0.01,5.09,5.09
-8.715,0.00,-0.01,5.09,5.09
-8.705,0.00,-0.01,5.09,5.09
-8.695,0.00,-0.01,5.10,5.10
-8.685,0.00,-0.01,5.10,5.10
-8.675,0.00,-0.01,5.09,5.09
-8.665,0.00,-0.01,5.09,5.09
-8.655,0.00,-0.01,5.09,5.09
-8.645,0.00,-0.01,5.09,5.09
-8.635,0.00,-0.01,5.09,5.09
-8.625,0.00,-0.01,5.09,5.09
-8.615,0.00,-0.01,5.09,5.09
-8.605,0.00,-0.01,5.09,5.09
-8.595,0.00,-0.01,5.09,5.09
-8.585,0.00,-0.01,5.09,5.09
-8.575,0.00,-0.01,5.09,5.09
-8.565,0.00,-0.01,5.09,5.09
-8.555,0.00,-0.01,5.09,5.09
-8.545,0.00,-0.01,5.09,5.09
-8.535,0.00,-0.01,5.09,5.09
-8.525,0.00,-0.01,5.09,5.09
-8.515,0.00,-0.01,5.09,5.09
-8.505,0.00,-0.01,5.09,5.09
-8.495,0.00,-0.01,5.09,5.09
-8.485,0.00,-0.01,5.09,5.09
-8.475,0.00,-0.01,5.09,5.09
-8.465,0.00,-0.01,5.09,5.09
-8.455,0.00,-0.01,5.08,5.08
-8.445,0.00,-0.01,5.08,5.08
-8.435,0.00,-0.01,5.08,5.08
-8.425,0.00,-0.01,5.08,5.08
-8.415,0.00,-0.01,5.08,5.08
-8.405,0.00,-0.01,5.09,5.09
-8.395,0.00,-0.01,5.09,5.09
-8.385,0.00,-0.01,5.09,5.09
-8.375,0.00,-0.01,5.09,5.09
-8.365,0.00,-0.01,5.09,5.09
-8.355,0.00,-0.01,5.09,5.09
-8.345,0.00,-0.01,5.09,5.09
-8.335,0.00,-0.01,5.09,5.09
-8.325,0.00,-0.01,5.09,5.09
-8.315,0.00,-0.01,5.09,5.09
-8.305,0.00,-0.01,5.09,5.09
-8.295,0.00,-0.01,5.08,5.08
-8.285,0.00,-0.01,5.08,5.08
-8.275,0.00,-0.01,5.08,5.08
-8.265,0.00,-0.01,5.08,5.08
-8.255,0.00,-0.01,5.09,5.09
-8.245,0.00,-0.01,5.09,5.09
-8.235,0.00,-0.01,5.09,5.09
-8.225,0.00,-0.01,5.09,5.09
-8.215,0.00,-0.01,5.09,5.09
-8.205,0.00,-0.01,5.09,5.09
-8.195,0.00,-0.01,5.09,5.09
-8.185,0.00,-0.01,5.09,5.09
-8.175,0.00,-0.01,5.09,5.09
-8.165,0.00,-0.01,5.09,5.09
-8.155,0.00,-0.01,5.09,5.09
-8.145,0.00,-0.01,5.09,5.09
-8.135,0.00,-0.01,5.08,5.08
-8.125,0.00,-0.01,5.08,5.08
-8.115,0.00,-0.01,5.07,5.07
-8.105,0.00,-0.01,5.07,5.07
-8.095,0.00,-0.01,5.08,5.08
-8.085,0.00,-0.01,5.08,5.08
-8.075,0.00,-0.01,5.09,5.09
-8.065,0.00,-0.01,5.09,5.09
-8.055,0.00,-0.01,5.09,5.09
-8.045,0.00,-0.01,5.09,5.09
-8.035,0.00,-0.01,5.09,5.09
-8.025,0.00,-0.01,5.08,5.08
-8.015,0.00,-0.01,5.08,5.08
-8.005,0.00,-0.01,5.08,5.08
-7.995,0.00,-0.01,5.09,5.09
-7.985,0.00,-0.01,5.09,5.09
-7.975,0.00,-0.01,5.09,5.09
-7.965,0.00,-0.01,5.09,5.09
-7.955,0.00,-0.01,5.09,5.09
-7.945,0.00,-0.01,5.08,5.08
-7.935,0.00,-0.01,5.08,5.08
-7.925,0.00,-0.01,5.08,5.08
-7.915,0.00,-0.01,5.09,5.09
-7.905,0.00,-0.01,5.10,5.10
-7.895,0.00,-0.01,5.10,5.10
-7.885,0.00,-0.01,5.10,5.10
-7.875,0.00,-0.01,5.10,5.10
-7.865,0.00,-0.01,5.09,5.09
-7.855,0.00,-0.01,5.08,5.08
-7.845,0.00,-0.01,5.08,5.08
-7.835,0.00,-0.01,5.08,5.08
-7.825,0.00,-0.01,5.09,5.09
-7.815,0.00,-0.01,5.09,5.09
-7.805,0.00,-0.01,5.08,5.08
-7.795,0.00,-0.01,5.08,5.08
-7.785,0.00,-0.01,5.08,5.08
-7.775,0.00,-0.01,5.09,5.09
-7.765,0.00,-0.01,5.09,5.09
-7.755,0.00,-0.01,5.10,5.10
-7.745,0.00,-0.01,5.10,5.10
-7.735,0.00,-0.01,5.10,5.10
-7.724,0.00,-0.01,5.10,5.10
-7.715,0.00,-0.01,5.09,5.09
-7.705,0.00,-0.01,5.09,5.09
-7.695,0.00,-0.01,5.09,5.09
-7.685,0.00,-0.01,5.10,5.10
-7.675,0.00,-0.01,5.10,5.10
-7.665,0.00,-0.01,5.10,5.10
-7.655,0.00,-0.01,5.09,5.09
-7.645,0.00,-0.01,5.09,5.09
-7.635,0.00,-0.01,5.08,5.08
-7.625,0.00,-0.01,5.08,5.08
-7.615,0.00,-0.01,5.08,5.08
-7.605,0.00,-0.01,5.08,5.08
-7.595,0.00,-0.01,5.08,5.08
-7.585,0.00,-0.01,5.09,5.09
-7.575,0.00,-0.01,5.10,5.10
-7.565,0.00,-0.01,5.10,5.10
-7.555,0.00,-0.01,5.10,5.10
-7.545,0.00,-0.01,5.09,5.09
-7.535,0.00,-0.01,5.09,5.09
-7.525,0.00,-0.01,5.08,5.08
-7.515,0.00,-0.01,5.08,5.08
-7.505,0.00,-0.01,5.09,5.09
-7.495,0.00,-0.01,5.09,5.09
-7.485,0.00,-0.01,5.10,5.10
-7.475,0.00,-0.01,5.10,5.10
-7.465,0.00,-0.01,5.10,5.10
-7.455,0.00,-0.01,5.09,5.09
-7.445,0.00,-0.01,5.09,5.09
-7.435,0.00,-0.01,5.08,5.08
-7.425,0.00,-0.01,5.08,5.08
-7.415,0.00,-0.01,5.09,5.09
-7.405,0.00,-0.01,5.10,5.10
-7.395,0.00,-0.01,5.10,5.10
-7.385,0.00,-0.01,5.10,5.10
-7.375,0.00,-0.01,5.10,5.10
-7.365,0.00,-0.01,5.09,5.09
-7.355,0.00,-0.01,5.08,5.08
-7.345,0.00,-0.01,5.08,5.08
-7.335,0.00,-0.01,5.08,5.08
-7.325,0.00,-0.01,5.08,5.08
-7.315,0.00,-0.01,5.09,5.09
-7.305,0.00,-0.01,5.09,5.09
-7.295,0.00,-0.01,5.09,5.09
-7.285,0.00,-0.01,5.09,5.09
-7.275,0.00,-0.01,5.07,5.07
-7.265,0.00,-0.01,5.07,5.07
-7.255,0.00,-0.01,5.06,5.06
-7.245,0.00,-0.01,5.07,5.07
-7.235,0.00,-0.01,5.08,5.08
-7.225,0.00,-0.01,5.09,5.09
-7.215,0.00,-0.01,5.10,5.10
-7.205,0.00,-0.01,5.10,5.10
-7.195,0.00,-0.01,5.10,5.10
-7.185,0.00,-0.01,5.09,5.09
-7.175,0.00,-0.01,5.08,5.08
-7.165,0.00,-0.01,5.08,5.08
-7.155,0.00,-0.01,5.08,5.08
-7.145,0.00,-0.01,5.09,5.09
-7.135,0.00,-0.01,5.09,5.09
-7.125,0.00,-0.01,5.10,5.10
-7.115,0.00,-0.01,5.09,5.09
-7.105,0.00,-0.01,5.09,5.09
-7.095,0.00,-0.01,5.08,5.08
-7.085,0.00,-0.01,5.07,5.07
-7.075,0.00,-0.01,5.07,5.07
-7.065,0.00,-0.01,5.07,5.07
-7.055,0.00,-0.01,5.08,5.08
-7.045,0.00,-0.01,5.09,5.09
-7.035,0.00,-0.01,5.10,5.10
-7.025,0.00,-0.01,5.10,5.10
-7.015,0.00,-0.01,5.09,5.09
-7.005,0.00,-0.01,5.09,5.09
-6.995,0.00,-0.01,5.09,5.09
-6.985,0.00,-0.01,5.09,5.09
-6.975,0.00,-0.01,5.09,5.09
-6.965,0.00,-0.01,5.10,5.10
-6.955,0.00,-0.01,5.10,5.10
-6.945,0.00,-0.01,5.09,5.09
-6.935,0.00,-0.01,5.09,5.09
-6.925,0.00,-0.01,5.08,5.08
-6.915,0.00,-0.01,5.08,5.08
-6.905,0.00,-0.01,5.08,5.08
-6.895,0.00,-0.01,5.08,5.08
-6.885,0.00,-0.01,5.09,5.09
-6.875,0.00,-0.01,5.09,5.09
-6.865,0.00,-0.01,5.09,5.09
-6.855,0.00,-0.01,5.09,5.09
-6.845,0.00,-0.01,5.09,5.09
-6.835,0.00,-0.01,5.08,5.08
-6.825,0.00,-0.01,5.08,5.08
-6.815,0.00,-0.01,5.09,5.09
-6.805,0.00,-0.01,5.09,5.09
-6.795,0.00,-0.01,5.10,5.10
-6.785,0.00,-0.01,5.10,5.10
-6.775,0.00,-0.01,5.10,5.10
-6.765,0.00,-0.01,5.09,5.09
-6.755,0.00,-0.01,5.08,5.08
-6.745,0.00,-0.01,5.08,5.08
-6.735,0.00,-0.01,5.08,5.08
-6.725,0.00,-0.01,5.08,5.08
-6.715,0.00,-0.01,5.09,5.09
-6.705,0.00,-0.01,5.09,5.09
-6.695,0.00,-0.01,5.09,5.09
-6.685,0.00,-0.01,5.09,5.09
-6.675,0.00,-0.01,5.09,5.09
-6.665,0.00,-0.01,5.08,5.08
-6.655,0.00,-0.01,5.08,5.08
-6.645,0.00,-0.01,5.09,5.09
-6.635,0.00,-0.01,5.09,5.09
-6.625,0.00,-0.01,5.10,5.10
-6.615,0.00,-0.01,5.10,5.10
-6.605,0.00,-0.01,5.09,5.09
-6.595,0.00,-0.01,5.09,5.09
-6.585,0.00,-0.01,5.08,5.08
-6.575,0.00,-0.01,5.08,5.08
-6.565,0.00,-0.01,5.08,5.08
-6.555,0.00,-0.01,5.08,5.08
-6.545,0.00,-0.01,5.09,5.09
-6.535,0.00,-0.01,5.09,5.09
-6.525,0.00,-0.01,5.09,5.09
-6.515,0.00,-0.01,5.10,5.10
-6.505,0.00,-0.01,5.09,5.09
-6.495,0.00,-0.01,5.09,5.09
-6.485,0.00,-0.01,5.09,5.09
-6.475,0.00,-0.01,5.08,5.08
-6.465,0.00,-0.01,5.08,5.08
-6.455,0.00,-0.01,5.09,5.09
-6.445,0.00,-0.01,5.09,5.09
-6.435,0.00,-0.01,5.09,5.09
-6.425,0.00,-0.01,5.09,5.09
-6.415,0.00,-0.01,5.08,5.08
-6.405,0.00,-0.01,5.08,5.08
-6.395,0.00,-0.01,5.07,5.07
-6.385,0.00,-0.01,5.08,5.08
-6.375,0.00,-0.01,5.08,5.08
-6.365,0.00,-0.01,5.09,5.09
-6.355,0.00,-0.01,5.09,5.09
-6.345,0.00,-0.01,5.09,5.09
-6.335,0.00,-0.01,5.09,5.09
-6.325,0.00,-0.01,5.09,5.09
-6.315,0.00,-0.01,5.09,5.09
-6.305,0.00,-0.01,5.09,5.09
-6.295,0.00,-0.01,5.09,5.09
-6.285,0.00,-0.01,5.09,5.09
-6.275,0.00,-0.01,5.09,5.09
-6.265,0.00,-0.01,5.08,5.08
-6.255,0.00,-0.01,5.08,5.08
-6.245,0.00,-0.01,5.08,5.08
-6.235,0.00,-0.01,5.08,5.08
-6.225,0.00,-0.01,5.08,5.08
-6.215,0.00,-0.01,5.08,5.08
-6.205,0.00,-0.01,5.09,5.09
-6.195,0.00,-0.01,5.09,5.09
-6.185,0.00,-0.01,5.09,5.09
-6.175,0.00,-0.01,5.09,5.09
-6.165,0.00,-0.01,5.09,5.09
-6.155,0.00,-0.01,5.09,5.09
-6.145,0.00,-0.01,5.09,5.09
-6.135,0.00,-0.01,5.09,5.09
-6.125,0.00,-0.01,5.09,5.09
-6.115,0.00,-0.01,5.09,5.09
-6.105,0.00,-0.01,5.09,5.09
-6.095,0.00,-0.01,5.09,5.09
-6.085,0.00,-0.01,5.09,5.09
-6.075,0.00,-0.01,5.09,5.09
-6.065,0.00,-0.01,5.09,5.09
-6.055,0.00,-0.01,5.09,5.09
-6.045,0.00,-0.01,5.09,5.09
-6.035,0.00,-0.01,5.09,5.09
-6.025,0.00,-0.01,5.09,5.09
-6.015,0.00,-0.01,5.09,5.09
-6.005,0.00,-0.01,5.09,5.09
-5.995,0.00,-0.01,5.09,5.09
-5.985,0.00,-0.01,5.09,5.09
-5.975,0.00,-0.01,5.10,5.10
-5.965,0.00,-0.01,5.10,5.10
-5.955,0.00,-0.01,5.10,5.10
-5.945,0.00,-0.01,5.10,5.10
-5.935,0.00,-0.01,5.09,5.09
-5.925,0.00,-0.01,5.09,5.09
-5.915,0.00,-0.01,5.08,5.08
-5.905,0.00,-0.01,5.08,5.08
-5.895,0.00,-0.01,5.09,5.09
-5.885,0.00,-0.01,5.09,5.09
-5.875,0.00,-0.01,5.09,5.09
-5.865,0.00,-0.01,5.09,5.09
-5.855,0.00,-0.01,5.09,5.09
-5.845,0.00,-0.01,5.09,5.09
-5.835,0.00,-0.01,5.09,5.09
-5.825,0.00,-0.01,5.09,5.09
-5.815,0.00,-0.01,5.09,5.09
-5.805,0.00,-0.01,5.10,5.10
-5.795,0.00,-0.01,5.10,5.10
-5.785,0.00,-0.01,5.09,5.09
-5.775,0.00,-0.01,5.09,5.09
-5.765,0.00,-0.01,5.08,5.08
-5.755,0.00,-0.01,5.08,5.08
-5.745,0.00,-0.01,5.08,5.08
-5.735,0.00,-0.01,5.08,5.08
-5.725,0.00,-0.01,5.09,5.09
-5.715,0.00,-0.01,5.09,5.09
-5.705,0.00,-0.01,5.09,5.09
-5.695,0.00,-0.01,5.09,5.09
-5.685,0.00,-0.01,5.09,5.09
-5.675,0.00,-0.01,5.08,5.08
-5.665,0.00,-0.01,5.08,5.08
-5.655,0.00,-0.01,5.08,5.08
-5.645,0.00,-0.01,5.09,5.09
-5.635,0.00,-0.01,5.09,5.09
-5.625,0.00,-0.01,5.09,5.09
-5.615,0.00,-0.01,5.09,5.09
-5.605,0.00,-0.01,5.09,5.09
-5.595,0.00,-0.01,5.08,5.08
-5.585,0.00,-0.01,5.08,5.08
-5.575,0.00,-0.01,5.08,5.08
-5.565,0.00,-0.01,5.08,5.08
-5.555,0.00,-0.01,5.09,5.09
-5.545,0.00,-0.01,5.09,5.09
-5.535,0.00,-0.01,5.09,5.09
-5.525,0.00,-0.01,5.09,5.09
-5.515,0.00,-0.01,5.09,5.09
-5.505,0.00,-0.01,5.08,5.08
-5.495,0.00,-0.01,5.08,5.08
-5.485,0.00,-0.01,5.09,5.09
-5.475,0.00,-0.01,5.09,5.09
-5.465,0.00,-0.01,5.09,5.09
-5.455,0.00,-0.01,5.09,5.09
-5.445,0.00,-0.01,5.09,5.09
-5.435,0.00,-0.01,5.09,5.09
-5.425,0.00,-0.01,5.08,5.08
-5.415,0.00,-0.01,5.08,5.08
-5.405,0.00,-0.01,5.08,5.08
-5.395,0.00,-0.01,5.08,5.08
-5.385,0.00,-0.01,5.08,5.08
-5.375,0.00,-0.01,5.09,5.09
-5.365,0.00,-0.01,5.09,5.09
-5.355,0.00,-0.01,5.09,5.09
-5.345,0.00,-0.01,5.09,5.09
-5.335,0.00,-0.01,5.09,5.09
-5.325,0.00,-0.01,5.09,5.09
-5.315,0.00,-0.01,5.09,5.09
-5.305,0.00,-0.01,5.09,5.09
-5.295,0.00,-0.01,5.09,5.09
-5.285,0.00,-0.01,5.09,5.09
-5.275,0.00,-0.01,5.09,5.09
-5.265,0.00,-0.01,5.09,5.09
-5.255,0.00,-0.01,5.09,5.09
-5.245,0.00,-0.01,5.08,5.08
-5.235,0.00,-0.01,5.08,5.08
-5.225,0.00,-0.01,5.08,5.08
-5.215,0.00,-0.01,5.08,5.08
-5.205,0.00,-0.01,5.08,5.08
-5.195,0.00,-0.01,5.09,5.09
-5.185,0.00,-0.01,5.09,5.09
-5.175,0.00,-0.01,5.09,5.09
-5.165,0.00,-0.01,5.09,5.09
-5.155,0.00,-0.01,5.09,5.09
-5.145,0.00,-0.01,5.08,5.08
-5.135,0.00,-0.01,5.08,5.08
-5.125,0.00,-0.01,5.08,5.08
-5.115,0.00,-0.01,5.09,5.09
-5.105,0.00,-0.01,5.09,5.09
-5.095,0.00,-0.01,5.09,5.09
-5.085,0.00,-0.01,5.08,5.08
-5.075,0.00,-0.01,5.08,5.08
-5.065,0.00,-0.01,5.07,5.07
-5.055,0.00,-0.01,5.07,5.07
-5.045,0.00,-0.01,5.08,5.08
-5.035,0.00,-0.01,5.08,5.08
-5.025,0.00,-0.01,5.09,5.09
-5.015,0.00,-0.01,5.09,5.09
-5.005,0.00,-0.01,5.09,5.09
-4.995,0.00,-0.01,5.09,5.09
-4.985,0.00,-0.01,5.09,5.09
-4.975,0.00,-0.01,5.09,5.09
-4.965,0.00,-0.01,5.09,5.09
-4.955,0.00,-0.01,5.09,5.09
-4.945,0.00,-0.01,5.09,5.09
-4.935,0.00,-0.01,5.09,5.09
-4.925,0.00,-0.01,5.09,5.09
-4.915,0.00,-0.01,5.09,5.09
-4.905,0.00,-0.01,5.09,5.09
-4.895,0.00,-0.01,5.09,5.09
-4.885,0.00,-0.01,5.09,5.09
-4.875,0.00,-0.01,5.09,5.09
-4.865,0.00,-0.01,5.09,5.09
-4.855,0.00,-0.01,5.09,5.09
-4.845,0.00,-0.01,5.09,5.09
-4.835,0.00,-0.01,5.09,5.09
-4.825,0.00,-0.01,5.09,5.09
-4.815,0.00,-0.01,5.09,5.09
-4.805,0.00,-0.01,5.09,5.09
-4.795,0.00,-0.01,5.09,5.09
-4.785,0.00,-0.01,5.09,5.09
-4.775,0.00,-0.01,5.09,5.09
-4.765,0.00,-0.01,5.09,5.09
-4.755,0.00,-0.01,5.09,5.09
-4.745,0.00,-0.01,5.09,5.09
-4.735,0.00,-0.01,5.09,5.09
-4.725,0.00,-0.01,5.09,5.09
-4.715,0.00,-0.01,5.09,5.09
-4.705,0.00,-0.01,5.09,5.09
-4.695,0.00,-0.01,5.09,5.09
-4.685,0.00,-0.01,5.09,5.09
-4.675,0.00,-0.01,5.09,5.09
-4.665,0.00,-0.01,5.09,5.09
-4.655,0.00,-0.01,5.09,5.09
-4.645,0.00,-0.01,5.10,5.10
-4.635,0.00,-0.01,5.09,5.09
-4.625,0.00,-0.01,5.09,5.09
-4.615,0.00,-0.01,5.09,5.09
-4.605,0.00,-0.01,5.08,5.08
-4.595,0.00,-0.01,5.09,5.09
-4.585,0.00,-0.01,5.09,5.09
-4.575,0.00,-0.01,5.09,5.09
-4.565,0.00,-0.01,5.09,5.09
-4.555,0.00,-0.01,5.09,5.09
-4.545,0.00,-0.01,5.08,5.08
-4.535,0.00,-0.01,5.08,5.08
-4.525,0.00,-0.01,5.08,5.08
-4.515,0.00,-0.01,5.09,5.09
-4.505,0.00,-0.01,5.09,5.09
-4.495,0.00,-0.01,5.10,5.10
-4.485,0.00,-0.01,5.09,5.09
-4.475,0.00,-0.01,5.09,5.09
-4.465,0.00,-0.01,5.09,5.09
-4.455,0.00,-0.01,5.08,5.08
-4.445,0.00,-0.01,5.08,5.08
-4.435,0.00,-0.01,5.08,5.08
-4.425,0.00,-0.01,5.08,5.08
-4.415,0.00,-0.01,5.08,5.09
-4.405,0.00,-0.01,5.09,5.09
-4.395,0.00,-0.01,5.09,5.09
-4.385,0.00,-0.01,5.09,5.09
-4.375,0.00,-0.01,5.08,5.08
-4.365,0.00,-0.01,5.08,5.08
-4.355,0.00,-0.01,5.08,5.08
-4.345,0.00,-0.01,5.09,5.09
-4.335,0.00,-0.01,5.09,5.09
-4.325,0.00,-0.01,5.09,5.09
-4.315,0.00,-0.01,5.09,5.09
-4.305,0.00,-0.01,5.09,5.09
-4.295,0.00,-0.01,5.08,5.08
-4.285,0.00,-0.01,5.08,5.08
-4.275,0.00,-0.01,5.08,5.08
-4.265,0.00,-0.01,5.08,5.08
-4.255,0.00,-0.01,5.08,5.08
-4.245,0.00,-0.01,5.09,5.09
-4.235,0.00,-0.01,5.08,5.08
-4.225,0.00,-0.01,5.08,5.08
-4.215,0.00,-0.01,5.08,5.08
-4.205,0.00,-0.01,5.08,5.08
-4.195,0.00,-0.01,5.08,5.08
-4.185,0.00,-0.01,5.09,5.09
-4.175,0.00,-0.01,5.09,5.09
-4.165,0.00,-0.01,5.10,5.10
-4.155,0.00,-0.01,5.10,5.10
-4.145,0.00,-0.01,5.09,5.09
-4.135,0.00,-0.01,5.08,5.08
-4.125,0.00,-0.01,5.08,5.08
-4.115,0.00,-0.01,5.08,5.08
-4.105,0.00,-0.01,5.08,5.08
-4.095,0.00,-0.01,5.08,5.08
-4.085,0.00,-0.01,5.09,5.09
-4.075,0.00,-0.01,5.08,5.08
-4.065,0.00,-0.01,5.08,5.08
-4.055,0.00,-0.01,5.08,5.08
-4.045,0.00,-0.01,5.07,5.07
-4.035,0.00,-0.01,5.08,5.08
-4.025,0.00,-0.01,5.08,5.08
-4.015,0.00,-0.01,5.08,5.08
-4.005,0.00,-0.01,5.09,5.09
-3.995,0.00,-0.01,5.09,5.09
-3.985,0.00,-0.01,5.09,5.09
-3.975,0.00,-0.01,5.09,5.09
-3.965,0.00,-0.01,5.09,5.09
-3.955,0.00,-0.01,5.09,5.09
-3.945,0.00,-0.01,5.09,5.09
-3.935,0.00,-0.01,5.09,5.09
-3.925,0.00,-0.01,5.09,5.09
-3.915,0.00,-0.01,5.09,5.09
-3.905,0.00,-0.01,5.09,5.09
-3.895,0.00,-0.01,5.08,5.08
-3.885,0.00,-0.01,5.08,5.08
-3.875,0.00,-0.01,5.09,5.09
-3.865,0.00,-0.01,5.09,5.09
-3.855,0.00,-0.01,5.09,5.09
-3.845,0.00,-0.01,5.09,5.09
-3.835,0.00,-0.01,5.09,5.09
-3.825,0.00,-0.01,5.09,5.09
-3.815,0.00,-0.01,5.09,5.09
-3.805,0.00,-0.01,5.09,5.09
-3.795,0.00,-0.01,5.09,5.09
-3.785,0.00,-0.01,5.09,5.09
-3.775,0.00,-0.01,5.09,5.09
-3.765,0.00,-0.01,5.09,5.09
-3.755,0.00,-0.01,5.08,5.08
-3.745,0.00,-0.01,5.08,5.08
-3.735,0.00,-0.01,5.08,5.08
-3.725,0.00,-0.01,5.08,5.08
-3.715,0.00,-0.01,5.09,5.09
-3.705,0.00,-0.01,5.10,5.10
-3.695,0.00,-0.01,5.10,5.10
-3.685,0.00,-0.01,5.09,5.09
-3.675,0.00,-0.01,5.09,5.09
-3.665,0.00,-0.01,5.09,5.09
-3.655,0.00,-0.01,5.09,5.09
-3.645,0.00,-0.01,5.09,5.09
-3.635,0.00,-0.01,5.09,5.09
-3.625,0.00,-0.01,5.09,5.09
-3.615,0.00,-0.01,5.09,5.09
-3.605,0.00,-0.01,5.09,5.09
-3.595,0.00,-0.01,5.09,5.09
-3.585,0.00,-0.01,5.08,5.08
-3.575,0.00,-0.01,5.08,5.08
-3.565,0.00,-0.01,5.08,5.08
-3.555,0.00,-0.01,5.09,5.09
-3.545,0.00,-0.01,5.09,5.09
-3.535,0.00,-0.01,5.09,5.09
-3.525,0.00,-0.01,5.09,5.09
-3.515,0.00,-0.01,5.09,5.09
-3.505,0.00,-0.01,5.09,5.09
-3.495,0.00,-0.01,5.09,5.09
-3.485,0.00,-0.01,5.09,5.09
-3.475,0.00,-0.01,5.09,5.09
-3.465,0.00,-0.01,5.09,5.09
-3.455,0.00,-0.01,5.09,5.09
-3.445,0.00,-0.01,5.09,5.09
-3.435,0.00,-0.01,5.09,5.09
-3.425,0.00,-0.01,5.09,5.09
-3.415,0.00,-0.01,5.09,5.09
-3.405,0.00,-0.01,5.09,5.09
-3.395,0.00,-0.01,5.09,5.09
-3.385,0.00,-0.01,5.09,5.09
-3.375,0.00,-0.01,5.09,5.09
-3.365,0.00,-0.01,5.09,5.09
-3.355,0.00,-0.01,5.09,5.09
-3.345,0.00,-0.01,5.09,5.09
-3.335,0.00,-0.01,5.09,5.09
-3.325,0.00,-0.01,5.09,5.09
-3.315,0.00,-0.01,5.09,5.09
-3.305,0.00,-0.01,5.09,5.09
-3.295,0.00,-0.01,5.09,5.09
-3.285,0.00,-0.01,5.08,5.08
-3.275,0.00,-0.01,5.08,5.08
-3.265,0.00,-0.01,5.08,5.08
-3.255,0.00,-0.01,5.08,5.08
-3.245,0.00,-0.01,5.08,5.08
-3.235,0.00,-0.01,5.09,5.09
-3.225,0.00,-0.01,5.08,5.08
-3.215,0.00,-0.01,5.08,5.08
-3.205,0.00,-0.01,5.08,5.08
-3.195,0.00,-0.01,5.08,5.08
-3.185,0.00,-0.01,5.09,5.09
-3.175,0.00,-0.01,5.09,5.09
-3.165,0.00,-0.01,5.10,5.10
-3.155,0.00,-0.01,5.09,5.09
-3.145,0.00,-0.01,5.09,5.09
-3.135,0.00,-0.01,5.09,5.09
-3.125,0.00,-0.01,5.09,5.09
-3.115,0.00,-0.01,5.09,5.09
-3.105,0.00,-0.01,5.08,5.08
-3.095,0.00,-0.01,5.08,5.08
-3.085,0.00,-0.01,5.08,5.08
-3.075,0.00,-0.01,5.08,5.08
-3.065,0.00,-0.01,5.08,5.08
-3.055,0.00,-0.01,5.09,5.09
-3.045,0.00,-0.01,5.09,5.09
-3.035,0.00,-0.01,5.09,5.09
-3.025,0.00,-0.01,5.09,5.09
-3.015,0.00,-0.01,5.09,5.09
-3.005,0.00,-0.01,5.09,5.09
-2.995,0.00,-0.01,5.09,5.09
-2.985,0.00,-0.01,5.09,5.09
-2.975,0.00,-0.01,5.10,5.10
-2.965,0.00,-0.01,5.10,5.10
-2.955,0.00,-0.01,5.10,5.10
-2.945,0.00,-0.01,5.09,5.09
-2.935,0.00,-0.01,5.08,5.08
-2.925,0.00,-0.01,5.08,5.08
-2.915,0.00,-0.01,5.08,5.08
-2.905,0.00,-0.01,5.08,5.08
-2.895,0.00,-0.01,5.09,5.09
-2.885,0.00,-0.01,5.09,5.09
-2.875,0.00,-0.01,5.09,5.09
-2.865,0.00,-0.01,5.09,5.09
-2.855,0.00,-0.01,5.09,5.09
-2.845,0.00,-0.01,5.08,5.08
-2.835,0.00,-0.01,5.08,5.08
-2.825,0.00,-0.01,5.08,5.08
-2.815,0.00,-0.01,5.09,5.09
-2.805,0.00,-0.01,5.09,5.09
-2.795,0.00,-0.01,5.10,5.10
-2.785,0.00,-0.01,5.09,5.09
-2.775,0.00,-0.01,5.09,5.09
-2.765,0.00,-0.01,5.08,5.08
-2.755,0.00,-0.01,5.08,5.08
-2.745,0.00,-0.01,5.08,5.08
-2.735,0.00,-0.01,5.08,5.08
-2.725,0.00,-0.01,5.09,5.09
-2.715,0.00,-0.01,5.09,5.09
-2.705,0.00,-0.01,5.09,5.09
-2.695,0.00,-0.01,5.09,5.09
-2.685,0.00,-0.01,5.08,5.08
-2.675,0.00,-0.01,5.08,5.08
-2.665,0.00,-0.01,5.08,5.08
-2.655,0.00,-0.01,5.09,5.09
-2.645,0.00,-0.01,5.09,5.09
-2.635,0.00,-0.01,5.10,5.10
-2.621,0.00,-0.01,5.10,5.10
-2.614,0.00,-0.01,5.10,5.10
-2.602,0.00,-0.01,5.09,5.09
-2.595,0.00,-0.01,5.08,5.08
-2.585,0.00,-0.01,5.08,5.08
-2.575,0.00,-0.01,5.08,5.08
-2.565,0.00,-0.01,5.09,5.09
-2.551,0.00,-0.01,5.09,5.09
-2.545,0.00,-0.01,5.09,5.09
-2.535,0.00,-0.01,5.08,5.08
-2.525,0.00,-0.01,5.08,5.08
-2.515,0.00,-0.01,5.08,5.08
-2.505,0.00,-0.01,5.08,5.08
-2.495,0.00,-0.01,5.08,5.08
-2.485,0.00,-0.01,5.09,5.09
-2.475,0.00,-0.01,5.09,5.09
-2.465,0.00,-0.01,5.09,5.09
-2.455,0.00,-0.01,5.10,5.10
-2.445,0.00,-0.01,5.09,5.09
-2.435,0.00,-0.01,5.08,5.08
-2.425,0.00,-0.01,5.08,5.08
-2.415,0.00,-0.01,5.08,5.08
-2.405,0.00,-0.01,5.08,5.08
-2.395,0.00,-0.01,5.08,5.08
-2.385,0.00,-0.01,5.09,5.09
-2.375,0.00,-0.01,5.09,5.09
-2.365,0.00,-0.01,5.09,5.09
-2.355,0.00,-0.01,5.08,5.08
-2.345,0.00,-0.01,5.08,5.08
-2.335,0.00,-0.01,5.08,5.08
-2.325,0.00,-0.01,5.08,5.08
-2.315,0.00,-0.01,5.08,5.08
-2.305,0.00,-0.01,5.09,5.09
-2.295,0.00,-0.01,5.09,5.09
-2.285,0.00,-0.01,5.09,5.09
-2.275,0.00,-0.01,5.09,5.09
-2.265,0.00,-0.01,5.08,5.08
-2.255,0.00,-0.01,5.08,5.08
-2.245,0.00,-0.01,5.08,5.08
-2.235,0.00,-0.01,5.08,5.08
-2.225,0.00,-0.01,5.08,5.08
-2.215,0.00,-0.01,5.08,5.08
-2.205,0.00,-0.01,5.08,5.08
-2.195,0.00,-0.01,5.09,5.09
-2.185,0.00,-0.01,5.09,5.09
-2.175,0.00,-0.01,5.09,5.09
-2.165,0.00,-0.01,5.08,5.08
-2.155,0.00,-0.01,5.08,5.08
-2.145,0.00,-0.01,5.08,5.08
-2.135,0.00,-0.01,5.09,5.09
-2.125,0.00,-0.01,5.09,5.09
-2.115,0.00,-0.01,5.09,5.09
-2.105,0.00,-0.01,5.09,5.09
-2.095,0.00,-0.01,5.08,5.08
-2.085,0.00,-0.01,5.07,5.07
-2.075,0.00,-0.01,5.07,5.07
-2.065,0.00,-0.01,5.08,5.08
-2.055,0.00,-0.01,5.08,5.08
-2.045,0.00,-0.01,5.09,5.09
-2.035,0.00,-0.01,5.09,5.09
-2.025,0.00,-0.01,5.09,5.09
-2.015,0.00,-0.01,5.09,5.09
-2.005,0.00,-0.01,5.09,5.09
-1.995,0.00,-0.01,5.10,5.10
-1.985,0.00,-0.01,5.09,5.09
-1.975,0.00,-0.01,5.09,5.09
-1.965,0.00,-0.01,5.09,5.09
-1.955,0.00,-0.01,5.09,5.09
-1.945,0.00,-0.01,5.10,5.10
-1.935,0.00,-0.01,5.10,5.10
-1.925,0.00,-0.01,5.09,5.09
-1.915,0.00,-0.01,5.08,5.08
-1.905,0.00,-0.01,5.07,5.07
-1.895,0.00,-0.01,5.07,5.07
-1.885,0.00,-0.01,5.08,5.08
-1.875,0.00,-0.01,5.09,5.09
-1.865,0.00,-0.01,5.09,5.09
-1.855,0.00,-0.01,5.09,5.09
-1.845,0.00,-0.01,5.09,5.09
-1.835,0.00,-0.01,5.09,5.09
-1.825,0.00,-0.01,5.09,5.09
-1.815,0.00,-0.01,5.09,5.09
-1.805,0.00,-0.01,5.09,5.09
-1.795,0.00,-0.01,5.09,5.09
-1.785,0.00,-0.01,5.10,5.10
-1.775,0.00,-0.01,5.10,5.10
-1.765,0.00,-0.01,5.10,5.10
-1.755,0.00,-0.01,5.10,5.10
-1.744,0.00,-0.01,5.09,5.09
-1.734,0.00,-0.01,5.09,5.09
-1.725,0.00,-0.01,5.09,5.09
-1.712,0.00,-0.01,5.09,5.09
-1.705,0.00,-0.01,5.09,5.09
-1.695,0.00,-0.01,5.09,5.09
-1.685,0.00,-0.01,5.09,5.09
-1.675,0.00,-0.01,5.09,5.09
-1.665,0.00,-0.01,5.09,5.09
-1.655,0.00,-0.01,5.09,5.09
-1.645,0.00,-0.01,5.09,5.09
-1.635,0.00,-0.01,5.09,5.09
-1.625,0.00,-0.01,5.09,5.09
-1.615,0.00,-0.01,5.09,5.09
-1.605,0.00,-0.01,5.09,5.09
-1.595,0.00,-0.01,5.09,5.09
-1.585,0.00,-0.01,5.09,5.09
-1.575,0.00,-0.01,5.08,5.08
-1.565,0.00,-0.01,5.08,5.08
-1.555,0.00,-0.01,5.08,5.08
-1.545,0.00,-0.01,5.08,5.08
-1.535,0.00,-0.01,5.08,5.08
-1.525,0.00,-0.01,5.09,5.09
-1.515,0.00,-0.01,5.09,5.09
-1.505,0.00,-0.01,5.09,5.09
-1.495,0.00,-0.01,5.09,5.09
-1.485,0.00,-0.01,5.08,5.08
-1.475,0.00,-0.01,5.08,5.08
-1.465,0.00,-0.01,5.08,5.08
-1.455,0.00,-0.01,5.09,5.09
-1.445,0.00,-0.01,5.09,5.09
-1.435,0.00,-0.01,5.09,5.09
-1.425,0.00,-0.01,5.09,5.09
-1.415,0.00,-0.01,5.08,5.08
-1.405,0.00,-0.01,5.07,5.07
-1.395,0.00,-0.01,5.06,5.06
-1.385,0.00,-0.01,5.05,5.05
-1.375,0.00,-0.01,5.06,5.06
-1.365,0.00,-0.01,5.08,5.08
-1.355,0.00,-0.01,5.10,5.10
-1.345,0.00,-0.01,5.12,5.12
-1.335,0.00,-0.01,5.12,5.12
-1.325,0.00,-0.01,5.12,5.12
-1.315,0.00,-0.01,5.11,5.11
-1.305,0.00,-0.01,5.11,5.11
-1.295,0.00,-0.01,5.10,5.10
-1.285,0.00,-0.01,5.09,5.09
-1.275,0.00,-0.01,5.09,5.09
-1.265,0.00,-0.01,5.09,5.09
-1.255,0.00,-0.01,5.09,5.09
-1.245,0.00,-0.01,5.09,5.09
-1.235,0.00,-0.01,5.08,5.08
-1.225,0.00,-0.01,5.07,5.07
-1.215,0.00,-0.01,5.05,5.05
-1.205,0.00,-0.01,5.04,5.04
-1.195,0.00,-0.01,5.04,5.04
-1.185,0.00,-0.01,5.06,5.06
-1.175,0.00,-0.01,5.08,5.08
-1.165,0.00,-0.01,5.10,5.10
-1.155,0.00,-0.01,5.11,5.11
-1.145,0.00,-0.01,5.12,5.12
-1.135,0.00,-0.01,5.12,5.12
-1.125,0.00,-0.01,5.11,5.11
-1.115,0.00,-0.01,5.10,5.10
-1.105,0.00,-0.01,5.10,5.10
-1.095,0.00,-0.01,5.10,5.10
-1.085,0.00,-0.01,5.09,5.09
-1.075,0.00,-0.01,5.09,5.09
-1.065,0.00,-0.01,5.09,5.09
-1.055,0.00,-0.01,5.09,5.09
-1.045,0.00,-0.01,5.08,5.08
-1.035,0.00,-0.01,5.07,5.07
-1.025,0.00,-0.01,5.06,5.06
-1.015,0.00,-0.01,5.05,5.05
-1.005,0.00,-0.01,5.05,5.05
-0.995,0.00,-0.01,5.06,5.06
-0.985,0.00,-0.01,5.07,5.07
-0.975,0.00,-0.01,5.09,5.09
-0.965,0.00,-0.01,5.10,5.10
-0.955,0.00,-0.01,5.10,5.10
-0.945,0.00,-0.01,5.10,5.10
-0.935,0.00,-0.01,5.10,5.10
-0.924,0.00,-0.01,5.09,5.09
-0.915,0.00,-0.01,5.09,5.09
-0.905,0.00,-0.01,5.10,5.10
-0.895,0.00,-0.01,5.10,5.10
-0.885,0.00,-0.01,5.11,5.11
-0.875,0.00,-0.01,5.11,5.11
-0.865,0.00,-0.01,5.11,5.11
-0.855,0.00,-0.01,5.11,5.11
-0.845,0.00,-0.01,5.10,5.10
-0.835,0.00,-0.01,5.10,5.10
-0.825,0.00,-0.01,5.09,5.09
-0.815,0.00,-0.01,5.10,5.10
-0.805,0.00,-0.01,5.10,5.10
-0.795,0.00,-0.01,5.10,5.10
-0.785,0.00,-0.01,5.09,5.09
-0.775,0.00,-0.01,5.09,5.09
-0.765,0.00,-0.01,5.09,5.09
-0.755,0.00,-0.01,5.09,5.09
-0.745,0.00,-0.01,5.09,5.09
-0.735,0.00,-0.01,5.09,5.09
-0.725,0.00,-0.01,5.09,5.09
-0.715,0.00,-0.01,5.09,5.09
-0.705,0.00,-0.01,5.10,5.10
-0.695,0.00,-0.01,5.10,5.10
-0.685,0.00,-0.01,5.10,5.10
-0.675,0.00,-0.01,5.10,5.10
-0.665,0.00,-0.01,5.10,5.10
-0.655,0.00,-0.01,5.10,5.10
-0.645,0.00,-0.01,5.10,5.10
-0.635,0.00,-0.01,5.10,5.10
-0.625,0.00,-0.01,5.10,5.10
-0.615,0.00,-0.01,5.09,5.09
-0.605,0.00,-0.01,5.08,5.08
-0.595,0.00,-0.01,5.08,5.08
-0.585,0.00,-0.01,5.08,5.08
-0.575,0.00,-0.01,5.08,5.08
-0.565,0.00,-0.01,5.09,5.09
-0.555,0.00,-0.01,5.10,5.10
-0.545,0.00,-0.01,5.10,5.10
-0.535,0.00,-0.01,5.10,5.10
-0.525,0.00,-0.01,5.09,5.09
-0.515,0.00,-0.01,5.09,5.09
-0.505,0.00,-0.01,5.09,5.09
-0.495,0.00,-0.01,5.10,5.10
-0.485,0.00,-0.01,5.10,5.10
-0.475,0.00,-0.01,5.10,5.10
-0.465,0.00,-0.01,5.10,5.10
-0.455,0.00,-0.01,5.09,5.09
-0.445,0.00,-0.01,5.08,5.08
-0.435,0.00,-0.01,5.08,5.08
-0.425,0.00,-0.01,5.08,5.08
-0.415,0.00,-0.01,5.07,5.07
-0.405,0.00,-0.01,5.08,5.08
-0.395,0.00,-0.01,5.08,5.08
-0.385,0.00,-0.01,5.08,5.08
-0.375,0.00,-0.01,5.09,5.09
-0.365,0.00,-0.01,5.09,5.09
-0.355,0.00,-0.01,5.09,5.09
-0.345,0.00,-0.01,5.09,5.09
-0.335,0.00,-0.01,5.09,5.09
-0.325,0.00,-0.01,5.09,5.09
-0.315,0.00,-0.01,5.09,5.09
-0.305,0.00,-0.01,5.09,5.09
-0.295,0.00,-0.01,5.09,5.09
-0.285,0.00,-0.01,5.09,5.09
-0.275,0.00,-0.01,5.09,5.09
-0.265,0.00,-0.01,5.08,5.08
-0.255,0.00,-0.01,5.08,5.08
-0.245,0.00,-0.01,5.07,5.07
-0.235,0.00,-0.01,5.07,5.07
-0.225,0.00,-0.01,5.07,5.07
-0.215,0.00,-0.01,5.09,5.09
-0.205,0.00,-0.01,5.09,5.09
-0.195,0.00,-0.01,5.10,5.10
-0.185,0.00,-0.01,5.10,5.10
-0.175,0.00,-0.01,5.10,5.10
-0.165,0.00,-0.01,5.10,5.10
-0.155,0.00,-0.01,5.10,5.10
-0.145,0.00,-0.01,5.10,5.10
-0.135,0.00,-0.01,5.10,5.10
-0.125,0.00,-0.01,5.10,5.10
-0.115,0.00,-0.01,5.10,5.10
-0.105,0.00,-0.01,5.09,5.09
-0.095,0.00,-0.01,5.09,5.09
-0.085,0.00,-0.01,5.09,5.09
-0.074,0.00,-0.01,5.09,5.09
-0.065,0.00,-0.01,5.09,5.09
-0.052,0.00,-0.01,5.09,5.09
-0.045,0.00,-0.01,5.09,5.09
-0.035,0.00,-0.01,5.09,5.09
-0.025,0.00,-0.01,5.09,5.09
-0.015,0.00,-0.01,5.09,5.09
-0.005,0.00,-0.01,5.09,5.09
0.005,0.00,-0.01,5.09,5.09
0.015,0.00,-0.01,5.09,5.09
0.025,0.00,-0.01,5.10,5.10
0.035,0.00,-0.01,5.10,5.10
0.045,0.00,-0.01,5.20,5.20
0.055,0.00,-0.01,5.31,5.31
0.065,0.01,-0.01,5.42,5.42
0.075,0.01,-0.01,5.28,5.28
0.085,0.01,-0.01,5.02,5.02
0.095,0.02,-0.01,4.75,4.75
0.105,0.02,-0.01,4.44,4.44
0.115,0.02,-0.01,4.26,4.26
0.125,0.03,-0.01,4.34,4.34
0.135,0.03,-0.01,4.58,4.58
0.145,0.04,-0.01,4.79,4.79
0.155,0.04,-0.01,4.99,4.99
0.165,0.05,-0.01,5.17,5.17
0.176,0.05,-0.01,5.32,5.32
0.185,0.05,-0.01,5.32,5.32
0.195,0.05,-0.00,5.16,5.16
0.205,0.05,0.00,5.01,5.02
0.215,0.05,0.00,4.90,4.90
0.225,0.05,0.01,4.81,4.81
0.235,0.05,0.01,4.79,4.79
0.245,0.05,0.02,4.75,4.75
0.255,0.05,0.02,4.81,4.81
0.265,0.05,0.02,4.86,4.86
0.275,0.05,0.02,4.86,4.86
0.285,0.05,0.02,4.90,4.90
0.295,0.05,0.02,4.91,4.91
0.305,0.05,0.02,4.92,4.92
0.315,0.05,0.02,4.98,4.98
0.325,0.05,0.02,4.95,4.95
0.335,0.05,0.02,4.87,4.87
0.345,0.05,0.02,4.80,4.80
0.355,0.05,0.02,4.70,4.70
0.365,0.05,0.02,4.64,4.64
0.375,0.05,0.02,4.59,4.59
0.385,0.05,0.02,4.84,4.84
0.395,0.05,0.02,4.92,4.92
0.405,0.05,0.02,4.91,4.91
0.415,0.04,0.02,4.80,4.80
0.425,0.04,0.02,4.65,4.65
0.435,0.03,0.01,4.49,4.49
0.445,0.02,0.01,4.06,4.06
0.455,0.02,0.01,4.17,4.17
0.465,0.02,0.01,4.40,4.40
0.475,0.02,0.02,4.58,4.58
0.485,0.01,0.02,4.76,4.76
0.495,0.01,0.02,4.94,4.94
0.505,0.01,0.02,5.11,5.11
0.515,0.00,0.02,5.31,5.31
0.525,0.00,0.02,5.39,5.39
0.535,-0.00,0.02,5.27,5.27
0.545,-0.01,0.02,5.13,5.13
0.555,-0.01,0.02,5.00,5.00
0.565,-0.01,0.02,4.98,4.98
0.575,-0.02,0.02,4.94,4.94
0.585,-0.02,0.02,4.99,4.99
0.595,-0.02,0.02,5.01,5.01
0.605,-0.03,0.02,4.90,4.90
0.615,-0.03,0.02,4.78,4.78
0.625,-0.03,0.02,4.70,4.70
0.635,-0.03,0.03,4.72,4.72
0.645,-0.03,0.03,4.51,4.51
0.655,-0.04,0.03,4.65,4.65
0.665,-0.04,0.03,4.84,4.84
0.675,-0.04,0.03,4.92,4.92
0.685,-0.05,0.04,5.12,5.12
0.695,-0.05,0.04,5.19,5.19
0.705,-0.06,0.04,5.23,5.23
0.715,-0.06,0.04,5.25,5.25
0.725,-0.06,0.04,5.29,5.29
0.735,-0.06,0.04,5.26,5.26
0.745,-0.06,0.05,5.25,5.26
0.755,-0.06,0.05,5.30,5.30
0.765,-0.06,0.05,5.38,5.38
0.775,-0.06,0.06,5.42,5.42
0.785,-0.06,0.06,5.41,5.41
0.795,-0.06,0.06,5.38,5.38
0.805,-0.06,0.06,5.32,5.32
0.815,-0.05,0.07,5.24,5.24
0.825,-0.05,0.07,5.22,5.22
0.835,-0.05,0.07,5.22,5.22
0.845,-0.05,0.08,5.24,5.24
0.855,-0.05,0.08,5.21,5.21
0.865,-0.05,0.08,5.17,5.17
0.875,-0.05,0.08,5.15,5.15
0.885,-0.06,0.08,5.19,5.19
0.895,-0.06,0.09,5.20,5.20
0.905,-0.06,0.09,5.14,5.14
0.915,-0.06,0.09,5.07,5.07
0.925,-0.06,0.09,5.07,5.07
0.935,-0.06,0.09,5.09,5.09
0.945,-0.06,0.10,5.13,5.13
0.955,-0.06,0.10,5.24,5.24
0.965,-0.06,0.11,5.37,5.37
0.975,-0.06,0.12,5.45,5.45
0.985,-0.06,0.12,5.39,5.39
0.995,-0.06,0.12,5.21,5.22
1.005,-0.06,0.12,5.11,5.11
1.015,-0.06,0.12,5.11,5.12
1.025,-0.06,0.12,5.19,5.19
1.035,-0.06,0.12,5.26,5.26
1.045,-0.06,0.13,5.25,5.25
1.055,-0.06,0.13,5.29,5.29
1.065,-0.06,0.13,5.33,5.33
1.075,-0.06,0.14,5.37,5.37
1.085,-0.06,0.14,5.43,5.44
1.095,-0.05,0.15,5.50,5.50
1.105,-0.05,0.15,5.56,5.57
1.115,-0.05,0.16,5.67,5.67
1.125,-0.05,0.16,5.60,5.60
1.135,-0.05,0.16,5.54,5.54
1.145,-0.05,0.16,5.48,5.48
1.155,-0.05,0.16,5.41,5.41
1.165,-0.06,0.16,5.31,5.31
1.175,-0.06,0.16,5.13,5.14
1.185,-0.06,0.16,5.13,5.13
1.195,-0.06,0.16,5.18,5.19
1.205,-0.06,0.17,5.25,5.26
1.215,-0.06,0.18,5.35,5.36
1.225,-0.06,0.18,5.42,5.42
1.235,-0.06,0.19,5.46,5.47
1.245,-0.06,0.19,5.41,5.42
1.255,-0.06,0.19,5.44,5.45
1.265,-0.06,0.19,5.46,5.47
1.275,-0.07,0.19,5.47,5.47
1.285,-0.07,0.19,5.50,5.50
1.295,-0.07,0.18,5.51,5.52
1.305,-0.08,0.18,5.61,5.61
1.315,-0.08,0.18,5.63,5.63
1.325,-0.08,0.18,5.63,5.63
1.335,-0.08,0.18,5.61,5.62
1.345,-0.08,0.17,5.51,5.51
1.355,-0.08,0.17,5.40,5.41
1.365,-0.08,0.17,5.30,5.30
1.375,-0.08,0.16,5.30,5.31
1.385,-0.09,0.16,5.36,5.36
1.395,-0.09,0.16,5.33,5.33
1.405,-0.09,0.16,5.21,5.22
1.415,-0.09,0.15,5.07,5.08
1.425,-0.10,0.15,5.01,5.02
1.435,-0.10,0.15,4.97,4.97
1.445,-0.10,0.14,4.86,4.87
1.455,-0.10,0.14,4.92,4.92
1.465,-0.11,0.15,5.04,5.04
1.475,-0.11,0.15,5.10,5.10
1.485,-0.11,0.15,5.13,5.14
1.495,-0.11,0.15,5.20,5.21
1.505,-0.11,0.15,5.36,5.36
1.515,-0.12,0.16,5.47,5.47
1.525,-0.12,0.15,5.37,5.37
1.535,-0.12,0.15,5.22,5.22
1.545,-0.12,0.14,5.15,5.16
1.555,-0.12,0.14,5.15,5.15
1.565,-0.12,0.14,5.15,5.15
1.575,-0.12,0.14,5.13,5.13
1.585,-0.13,0.14,5.15,5.15
1.595,-0.13,0.14,5.20,5.20
1.605,-0.13,0.14,5.16,5.17
1.615,-0.13,0.14,5.08,5.08
1.625,-0.13,0.14,5.02,5.03
1.635,-0.14,0.14,5.03,5.03
1.645,-0.13,0.13,4.74,4.74
1.655,-0.13,0.13,4.74,4.75
1.665,-0.13,0.13,4.87,4.88
1.675,-0.14,0.13,5.07,5.08
1.685,-0.14,0.13,5.27,5.27
1.695,-0.14,0.13,5.35,5.35
1.705,-0.15,0.14,5.56,5.57
1.715,-0.15,0.14,5.63,5.63
1.725,-0.15,0.13,5.59,5.59
1.735,-0.15,0.13,5.50,5.50
1.745,-0.15,0.12,5.41,5.42
1.755,-0.14,0.12,5.31,5.31
1.765,-0.14,0.12,5.22,5.23
1.775,-0.14,0.11,5.18,5.19
1.785,-0.14,0.11,5.10,5.10
1.795,-0.14,0.11,5.12,5.12
1.805,-0.14,0.11,5.16,5.16
1.815,-0.14,0.11,5.09,5.09
1.825,-0.13,0.10,4.96,4.97
1.835,-0.13,0.10,4.90,4.90
1.845,-0.13,0.10,5.02,5.02
1.855,-0.13,0.10,5.05,5.06
1.865,-0.13,0.10,5.11,5.11
1.875,-0.14,0.10,5.13,5.13
1.885,-0.14,0.10,5.07,5.07
1.895,-0.14,0.10,4.99,4.99
1.905,-0.14,0.09,4.94,4.94
1.915,-0.13,0.09,4.89,4.90
1.925,-0.14,0.09,4.97,4.97
1.935,-0.14,0.09,5.07,5.07
1.945,-0.14,0.10,5.16,5.17
1.955,-0.14,0.10,5.24,5.24
1.965,-0.13,0.10,5.30,5.30
1.975,-0.13,0.10,5.41,5.42
1.985,-0.13,0.10,5.43,5.44
1.995,-0.13,0.10,5.46,5.46
2.005,-0.13,0.10,5.42,5.42
2.015,-0.12,0.10,5.33,5.33
2.025,-0.12,0.10,5.26,5.27
2.035,-0.11,0.10,5.25,5.25
2.045,-0.11,0.10,5.43,5.43
2.055,-0.11,0.10,5.41,5.41
2.065,-0.11,0.10,5.34,5.34
2.075,-0.11,0.10,5.33,5.33
2.085,-0.10,0.10,5.22,5.23
2.095,-0.10,0.10,5.11,5.11
2.105,-0.10,0.10,4.98,4.98
2.115,-0.09,0.10,4.90,4.90
2.125,-0.09,0.10,4.95,4.96
2.135,-0.09,0.10,5.05,5.05
2.145,-0.09,0.10,5.05,5.05
2.155,-0.09,0.11,5.30,5.30
2.165,-0.09,0.11,5.37,5.38
2.175,-0.09,0.11,5.51,5.51
2.185,-0.09,0.11,5.51,5.51
2.195,-0.09,0.11,5.42,5.43
2.205,-0.08,0.11,5.29,5.30
2.215,-0.08,0.11,5.16,5.16
2.225,-0.08,0.10,5.08,5.09
2.235,-0.08,0.10,5.10,5.10
2.245,-0.08,0.10,5.04,5.04
2.255,-0.08,0.10,5.11,5.11
2.265,-0.08,0.11,5.21,5.21
2.275,-0.08,0.11,5.21,5.21
2.285,-0.08,0.11,5.21,5.21
2.295,-0.08,0.11,5.26,5.26
2.305,-0.08,0.11,5.43,5.44
2.315,-0.08,0.12,5.69,5.69
2.325,-0.08,0.12,5.71,5.71
2.335,-0.08,0.12,5.59,5.60
2.345,-0.07,0.11,5.44,5.44
2.355,-0.07,0.11,5.28,5.28
2.365,-0.06,0.11,5.18,5.18
2.375,-0.06,0.11,5.05,5.05
2.385,-0.06,0.11,5.00,5.00
2.395,-0.06,0.10,4.80,4.80
2.405,-0.05,0.09,4.33,4.33
2.415,-0.04,0.08,3.77,3.77
2.425,-0.04,0.07,3.24,3.24
2.435,-0.03,0.06,2.77,2.77
2.445,-0.03,0.05,2.23,2.23
2.455,-0.02,0.03,1.62,1.62
2.465,-0.01,0.02,0.85,0.85
2.475,-0.00,0.00,0.04,0.04
2.485,0.00,0.00,0.00,0.00
2.495,0.00,0.00,0.00,0.00
2.505,0.00,0.00,0.00,0.00
2.515,0.00,0.00,0.00,0.00
2.525,0.00,0.00,0.00,0.00
2.535,0.00,0.00,0.00,0.00
2.545,0.00,-0.01,-0.45,0.45
2.555,0.01,-0.02,-1.09,1.09
2.565,0.02,-0.04,-1.79,1.79
2.575,0.02,-0.05,-2.61,2.61
2.585,0.03,-0.07,-3.39,3.39
2.595,0.03,-0.08,-4.19,4.19
2.605,0.04,-0.10,-5.08,5.08
2.615,0.05,-0.12,-6.04,6.04
2.625,0.05,-0.14,-7.06,7.06
2.635,0.05,-0.15,-8.09,8.09
2.645,0.06,-0.17,-9.04,9.04
2.655,0.07,-0.19,-10.02,10.02
2.665,0.07,-0.21,-11.06,11.06
2.675,0.08,-0.23,-12.09,12.09
2.785,0.08,-0.23,-12.09,12.09
2.785,0.08,-0.23,-12.09,12.09
2.785,0.08,-0.23,-12.09,12.09
2.785,0.08,-0.23,-12.09,12.09
2.785,0.08,-0.23,-12.09,12.09
2.785,0.08,-0.23,-12.09,12.09
2.785,0.08,-0.23,-12.09,12.09
2.786,0.08,-0.23,-12.09,12.09
2.786,0.08,-0.23,-12.09,12.09
2.795,0.08,-0.23,-12.09,12.09
2.805,0.08,-0.23,-12.09,12.09
2.815,0.08,-0.23,-12.09,12.09
2.825,0.08,-0.23,-12.09,12.09
2.835,0.08,-0.23,-12.09,12.09
2.845,0.08,-0.23,-12.09,12.09
2.855,0.08,-0.23,-12.09,12.09
2.865,0.08,-0.23,-12.09,12.09
2.875,0.08,-0.23,-12.09,12.09
2.885,0.08,-0.23,-12.09,12.09
2.895,0.08,-0.23,-12.09,12.09
2.905,0.08,-0.23,-12.09,12.09
2.915,0.08,-0.23,-12.09,12.09
2.925,0.08,-0.23,-12.09,12.09
2.935,0.08,-0.23,-12.09,12.09
2.945,0.08,-0.23,-12.09,12.09
2.955,0.08,-0.23,-12.09,12.09
2.965,0.08,-0.23,-12.09,12.09
2.975,0.08,-0.23,-12.09,12.09
2.985,0.08,-0.23,-12.09,12.09
2.995,0.08,-0.23,-12.09,12.09
3.005,0.08,-0.23,-12.09,12.09
3.015,0.08,-0.23,-12.09,12.09
3.025,0.08,-0.23,-12.09,12.09
3.035,0.08,-0.23,-12.09,12.09
3.045,0.08,-0.23,-12.09,12.09
3.055,0.08,-0.23,-12.09,12.09
3.065,0.08,-0.23,-12.09,12.09
3.076,0.08,-0.23,-12.09,12.09
3.085,0.08,-0.23,-12.09,12.09
3.095,0.08,-0.23,-12.09,12.09
3.105,0.08,-0.23,-12.09,12.09
3.115,0.08,-0.23,-12.09,12.09
3.125,0.08,-0.23,-12.09,12.09
3.135,0.08,-0.23,-12.09,12.09
3.145,0.08,-0.23,-12.09,12.09
3.155,0.08,-0.23,-12.09,12.09
3.165,0.08,-0.23,-12.09,12.09
3.175,0.08,-0.23,-12.09,12.09
3.185,0.08,-0.23,-12.09,12.09
3.195,0.08,-0.23,-12.09,12.09
3.205,0.08,-0.23,-12.09,12.09
3.215,0.08,-0.23,-12.09,12.09
3.225,0.08,-0.23,-12.09,12.09
3.235,0.08,-0.23,-12.09,12.09
3.245,0.08,-0.23,-12.09,12.09
3.255,0.08,-0.23,-12.09,12.09
3.265,0.08,-0.23,-12.09,12.09
3.275,0.08,-0.23,-12.09,12.09
3.285,0.08,-0.23,-12.09,12.09
3.295,0.08,-0.23,-12.09,12.09
3.305,0.08,-0.23,-12.09,12.09
3.315,0.08,-0.23,-12.09,12.09
3.325,0.08,-0.23,-12.09,12.09
3.335,0.08,-0.23,-12.09,12.09
3.345,0.08,-0.23,-12.09,12.09
3.355,0.08,-0.23,-12.09,12.09
3.365,0.08,-0.23,-12.09,12.09
3.375,0.08,-0.23,-12.09,12.09
3.385,0.08,-0.23,-12.09,12.09
3.395,0.08,-0.23,-12.09,12.09
3.405,0.08,-0.23,-12.09,12.09
3.415,0.08,-0.23,-12.09,12.09
3.425,0.08,-0.23,-12.09,12.09
3.435,0.08,-0.23,-12.09,12.09
3.445,0.08,-0.23,-12.09,12.09
3.455,0.08,-0.23,-12.09,12.09
3.465,0.08,-0.23,-12.09,12.09
3.475,0.08,-0.23,-12.09,12.09
3.485,0.08,-0.23,-12.09,12.09
3.495,0.08,-0.23,-12.09,12.09
3.505,0.08,-0.23,-12.09,12.09
3.515,0.08,-0.23,-12.09,12.09
3.525,0.08,-0.23,-12.09,12.09
3.535,0.08,-0.23,-12.09,12.09
3.545,0.08,-0.23,-12.09,12.09
3.555,0.08,-0.23,-12.09,12.09
3.565,0.08,-0.23,-12.09,12.09
3.575,0.08,-0.23,-12.09,12.09
3.585,0.08,-0.23,-12.09,12.09
3.595,0.08,-0.23,-12.09,12.09
3.605,0.08,-0.23,-12.09,12.09
3.615,0.08,-0.23,-12.09,12.09
3.625,0.08,-0.23,-12.09,12.09
3.635,0.08,-0.23,-12.09,12.09
3.645,0.08,-0.23,-12.09,12.09
3.655,0.08,-0.23,-12.09,12.09
3.665,0.08,-0.23,-12.09,12.09
3.675,0.08,-0.23,-12.09,12.09
3.685,0.08,-0.23,-12.09,12.09
3.695,0.08,-0.23,-12.09,12.09
3.705,0.08,-0.23,-12.09,12.09
3.715,0.08,-0.23,-12.09,12.09
3.725,0.08,-0.23,-12.09,12.09
3.735,0.08,-0.23,-12.09,12.09
3.745,0.08,-0.23,-12.09,12.09
3.755,0.08,-0.23,-12.09,12.09
3.765,0.08,-0.23,-12.09,12.09
3.775,0.08,-0.23,-12.09,12.09
3.785,0.08,-0.23,-12.09,12.09
3.795,0.08,-0.23,-12.09,12.09
3.805,0.08,-0.23,-12.09,12.09
3.815,0.08,-0.23,-12.09,12.09
3.825,0.08,-0.23,-12.09,12.09
3.835,0.08,-0.23,-12.09,12.09
3.845,0.08,-0.23,-12.09,12.09
3.855,0.08,-0.23,-12.09,12.09
3.865,0.08,-0.23,-12.09,12.09
3.875,0.08,-0.23,-12.09,12.09
3.885,0.08,-0.23,-12.09,12.09
3.895,0.08,-0.23,-12.09,12.09
3.905,0.08,-0.23,-12.09,12.09
3.915,0.08,-0.23,-12.09,12.09
3.925,0.08,-0.23,-12.09,12.09
3.935,0.08,-0.23,-12.09,12.09
3.945,0.08,-0.23,-12.09,12.09
3.955,0.08,-0.23,-12.09,12.09
3.965,0.08,-0.23,-12.09,12.09
3.975,0.08,-0.23,-12.09,12.09
3.985,0.08,-0.23,-12.09,12.09
3.995,0.08,-0.23,-12.09,12.09
4.005,0.08,-0.23,-12.09,12.09
4.015,0.08,-0.23,-12.09,12.09
4.025,0.08,-0.23,-12.09,12.09
4.035,0.08,-0.23,-12.09,12.09
4.045,0.08,-0.23,-12.09,12.09
4.055,0.08,-0.23,-12.09,12.09
4.065,0.08,-0.23,-12.09,12.09
4.075,0.08,-0.23,-12.09,12.09
4.085,0.08,-0.23,-12.09,12.09
4.095,0.08,-0.23,-12.09,12.09
4.105,0.08,-0.23,-12.09,12.09
4.115,0.08,-0.23,-12.09,12.09
4.125,0.08,-0.23,-12.09,12.09
4.135,0.08,-0.23,-12.09,12.09
4.145,0.08,-0.23,-12.09,12.09
4.155,0.08,-0.23,-12.09,12.09
4.165,0.08,-0.23,-12.09,12.09
4.175,0.08,-0.23,-12.09,12.09
4.185,0.08,-0.23,-12.09,12.09
4.195,0.08,-0.23,-12.09,12.09
4.205,0.08,-0.23,-12.09,12.09
4.215,0.08,-0.23,-12.09,12.09
4.225,0.08,-0.23,-12.09,12.09
4.235,0.08,-0.23,-12.09,12.09
4.245,0.08,-0.23,-12.09,12.09
4.255,0.08,-0.23,-12.09,12.09
4.265,0.08,-0.23,-12.09,12.09
4.275,0.08,-0.23,-12.09,12.09
4.285,0.08,-0.23,-12.09,12.09
4.295,0.08,-0.23,-12.09,12.09
4.305,0.08,-0.23,-12.09,12.09
4.315,0.08,-0.23,-12.09,12.09
4.325,0.08,-0.23,-12.09,12.09
4.335,0.08,-0.23,-12.09,12.09
4.345,0.08,-0.23,-12.09,12.09
4.355,0.08,-0.23,-12.09,12.09
4.365,0.08,-0.23,-12.09,12.09
4.375,0.08,-0.23,-12.09,12.09
4.385,0.08,-0.23,-12.09,12.09
4.395,0.08,-0.23,-12.09,12.09
4.405,0.08,-0.23,-12.09,12.09
4.415,0.08,-0.23,-12.09,12.09
4.425,0.08,-0.23,-12.09,12.09
4.435,0.08,-0.23,-12.09,12.09
4.445,0.08,-0.23,-12.09,12.09
4.455,0.08,-0.23,-12.09,12.09
4.465,0.08,-0.23,-12.09,12.09
4.475,0.08,-0.23,-12.09,12.09
4.485,0.08,-0.23,-12.09,12.09
4.495,0.08,-0.23,-12.09,12.09
4.505,0.08,-0.23,-12.09,12.09
4.515,0.08,-0.23,-12.09,12.09
4.525,0.08,-0.23,-12.09,12.09
4.535,0.08,-0.23,-12.09,12.09
4.545,0.08,-0.23,-12.09,12.09
4.555,0.08,-0.23,-12.09,12.09
4.565,0.08,-0.23,-12.09,12.09
4.575,0.08,-0.23,-12.09,12.09
4.585,0.08,-0.23,-12.09,12.09
4.595,0.08,-0.23,-12.09,12.09
4.605,0.08,-0.23,-12.09,12.09
4.615,0.08,-0.23,-12.09,12.09
4.625,0.08,-0.23,-12.09,12.09
4.635,0.08,-0.23,-12.09,12.09
4.645,0.08,-0.23,-12.09,12.09
4.655,0.08,-0.23,-12.09,12.09
4.665,0.08,-0.23,-12.09,12.09
4.675,0.08,-0.23,-12.09,12.09
4.685,0.08,-0.23,-12.09,12.09
4.695,0.08,-0.23,-12.09,12.09
4.705,0.08,-0.23,-12.09,12.09
4.715,0.08,-0.23,-12.09,12.09
4.725,0.08,-0.23,-12.09,12.09
4.735,0.08,-0.23,-12.09,12.09
4.745,0.08,-0.23,-12.09,12.09
4.755,0.08,-0.23,-12.09,12.09
4.765,0.08,-0.23,-12.09,12.09
4.775,0.08,-0.23,-12.09,12.09
4.785,0.08,-0.23,-12.09,12.09
4.795,0.08,-0.23,-12.09,12.09
4.805,0.08,-0.23,-12.09,12.09
4.815,0.08,-0.23,-12.09,12.09
4.825,0.08,-0.23,-12.09,12.09
4.835,0.08,-0.23,-12.09,12.09
4.845,0.08,-0.23,-12.09,12.09
4.855,0.08,-0.23,-12.09,12.09
4.865,0.08,-0.23,-12.09,12.09
4.875,0.08,-0.23,-12.09,12.09
4.885,0.08,-0.23,-12.09,12.09
4.895,0.08,-0.23,-12.09,12.09
4.905,0.08,-0.23,-12.09,12.09
4.915,0.08,-0.23,-12.09,12.09
4.925,0.08,-0.23,-12.09,12.09
4.935,0.08,-0.23,-12.09,12.09
4.945,0.08,-0.23,-12.09,12.09
4.955,0.08,-0.23,-12.09,12.09
4.965,0.08,-0.23,-12.09,12.09
4.975,0.08,-0.23,-12.09,12.09
4.985,0.08,-0.23,-12.09,12.09
4.995,0.08,-0.23,-12.09,12.09
5.005,0.08,-0.23,-12.09,12.09
5.015,0.08,-0.23,-12.09,12.09
5.025,0.08,-0.23,-12.09,12.09
5.035,0.08,-0.23,-12.09,12.09
5.045,0.08,-0.23,-12.09,12.09
5.055,0.08,-0.23,-12.09,12.09
5.065,0.08,-0.23,-12.09,12.09
5.075,0.08,-0.23,-12.09,12.09
5.085,0.08,-0.23,-12.09,12.09
5.095,0.08,-0.23,-12.09,12.09
5.105,0.08,-0.23,-12.09,12.09
5.115,0.08,-0.23,-12.09,12.09
5.125,0.08,-0.23,-12.09,12.09
5.135,0.08,-0.23,-12.09,12.09
5.145,0.08,-0.23,-12.09,12.09
5.155,0.08,-0.23,-12.09,12.09
5.165,0.08,-0.23,-12.09,12.09
5.175,0.08,-0.23,-12.09,12.09
5.185,0.08,-0.23,-12.09,12.09
5.195,0.08,-0.23,-12.09,12.09
5.205,0.08,-0.23,-12.09,12.09
5.215,0.08,-0.23,-12.09,12.09
5.225,0.08,-0.23,-12.09,12.09
5.235,0.08,-0.23,-12.09,12.09
5.245,0.08,-0.23,-12.09,12.09
5.255,0.08,-0.23,-12.09,12.09
5.265,0.08,-0.23,-12.09,12.09
5.275,0.08,-0.23,-12.09,12.09
5.285,0.08,-0.23,-12.09,12.09
5.295,0.08,-0.23,-12.09,12.09
5.305,0.08,-0.23,-12.09,12.09
5.315,0.08,-0.23,-12.09,12.09
5.325,0.08,-0.23,-12.09,12.09
5.335,0.08,-0.23,-12.09,12.09
5.345,0.08,-0.23,-12.09,12.09
5.355,0.08,-0.23,-12.09,12.09
5.365,0.08,-0.23,-12.09,12.09
5.375,0.08,-0.23,-12.09,12.09
5.385,0.08,-0.23,-12.09,12.09
5.395,0.08,-0.23,-12.09,12.09
5.405,0.08,-0.23,-12.09,12.09
5.415,0.08,-0.23,-12.09,12.09
5.425,0.08,-0.23,-12.09,12.09
5.435,0.08,-0.23,-12.09,12.09
5.445,0.08,-0.23,-12.09,12.09
5.455,0.08,-0.23,-12.09,12.09
5.465,0.08,-0.23,-12.09,12.09
5.475,0.08,-0.23,-12.09,12.09
5.485,0.08,-0.23,-12.09,12.09
5.495,0.08,-0.23,-12.09,12.09
5.505,0.08,-0.23,-12.09,12.09
5.515,0.08,-0.23,-12.09,12.09
5.525,0.08,-0.23,-12.09,12.09
5.535,0.08,-0.23,-12.09,12.09
5.545,0.08,-0.23,-12.09,12.09
5.555,0.08,-0.23,-12.09,12.09
5.565,0.08,-0.23,-12.09,12.09
5.575,0.08,-0.23,-12.09,12.09
5.585,0.08,-0.23,-12.09,12.09
5.595,0.08,-0.23,-12.09,12.09
5.605,0.08,-0.23,-12.09,12.09
5.615,0.08,-0.23,-12.09,12.09
5.625,0.08,-0.23,-12.09,12.09
5.635,0.08,-0.23,-12.09,12.09
5.645,0.08,-0.23,-12.09,12.09
5.655,0.08,-0.23,-12.09,12.09
5.665,0.08,-0.23,-12.09,12.09
5.675,0.08,-0.23,-12.09,12.09
5.685,0.08,-0.23,-12.09,12.09
5.695,0.08,-0.23,-12.09,12.09
5.705,0.08,-0.23,-12.09,12.09
5.715,0.08,-0.23,-12.09,12.09
5.725,0.08,-0.23,-12.09,12.09
5.735,0.08,-0.23,-12.09,12.09
5.745,0.08,-0.23,-12.09,12.09
5.755,0.08,-0.23,-12.09,12.09
5.765,0.08,-0.23,-12.09,12.09
5.775,0.08,-0.23,-12.09,12.09
5.785,0.08,-0.23,-12.09,12.09
5.795,0.08,-0.23,-12.09,12.09
5.805,0.08,-0.23,-12.09,12.09
5.815,0.08,-0.23,-12.09,12.09
5.825,0.08,-0.23,-12.09,12.09
5.835,0.08,-0.23,-12.09,12.09
5.845,0.08,-0.23,-12.09,12.09
5.855,0.08,-0.23,-12.09,12.09
5.865,0.08,-0.23,-12.09,12.09
5.875,0.08,-0.23,-12.09,12.09
5.885,0.08,-0.23,-12.09,12.09
5.895,0.08,-0.23,-12.09,12.09
5.905,0.08,-0.23,-12.09,12.09
5.915,0.08,-0.23,-12.09,12.09
5.925,0.08,-0.23,-12.09,12.09
5.935,0.08,-0.23,-12.09,12.09
5.945,0.08,-0.23,-12.09,12.09
5.955,0.08,-0.23,-12.09,12.09
5.965,0.08,-0.23,-12.09,12.09
5.975,0.08,-0.23,-12.09,12.09
5.985,0.08,-0.23,-12.09,12.09
5.995,0.08,-0.23,-12.09,12.09
6.005,0.08,-0.23,-12.09,12.09
6.015,0.08,-0.23,-12.09,12.09
6.025,0.08,-0.23,-12.09,12.09
6.035,0.08,-0.23,-12.09,12.09
6.045,0.08,-0.23,-12.09,12.09
6.055,0.08,-0.23,-12.09,12.09
6.065,0.08,-0.23,-12.09,12.09
6.075,0.08,-0.23,-12.09,12.09
6.085,0.08,-0.23,-12.09,12.09
6.095,0.08,-0.23,-12.09,12.09
6.105,0.08,-0.23,-12.09,12.09
6.115,0.08,-0.23,-12.09,12.09
6.125,0.08,-0.23,-12.09,12.09
6.135,0.08,-0.23,-12.09,12.09
6.145,0.08,-0.23,-12.09,12.09
6.155,0.08,-0.23,-12.09,12.09
6.165,0.08,-0.23,-12.09,12.09
6.175,0.08,-0.23,-12.09,12.09
6.185,0.08,-0.23,-12.09,12.09
6.195,0.08,-0.23,-12.09,12.09
6.205,0.08,-0.23,-12.09,12.09
6.215,0.08,-0.23,-12.09,12.09
6.225,0.08,-0.23,-12.09,12.09
6.235,0.08,-0.23,-12.09,12.09
6.245,0.08,-0.23,-12.09,12.09
6.255,0.08,-0.23,-12.09,12.09
6.265,0.08,-0.23,-12.09,12.09
6.275,0.08,-0.23,-12.09,12.09
6.285,0.08,-0.23,-12.09,12.09
6.295,0.08,-0.23,-12.09,12.09
6.305,0.08,-0.23,-12.09,12.09
6.315,0.08,-0.23,-12.09,12.09
6.325,0.08,-0.23,-12.09,12.09
6.335,0.08,-0.23,-12.09,12.09
6.345,0.08,-0.23,-12.09,12.09
6.355,0.08,-0.23,-12.09,12.09
6.365,0.08,-0.23,-12.09,12.09
6.375,0.08,-0.23,-12.09,12.09
6.385,0.08,-0.23,-12.09,12.09
6.395,0.08,-0.23,-12.09,12.09
6.405,0.08,-0.23,-12.09,12.09
6.415,0.08,-0.23,-12.09,12.09
6.425,0.08,-0.23,-12.09,12.09
6.435,0.08,-0.23,-12.09,12.09
6.445,0.08,-0.23,-12.09,12.09
6.455,0.08,-0.23,-12.09,12.09
6.465,0.08,-0.23,-12.09,12.09
6.475,0.08,-0.23,-12.09,12.09
6.485,0.08,-0.23,-12.09,12.09
6.495,0.08,-0.23,-12.09,12.09
6.505,0.08,-0.23,-12.09,12.09
6.515,0.08,-0.23,-12.09,12.09
6.525,0.08,-0.23,-12.09,12.09
6.535,0.08,-0.23,-12.09,12.09
6.545,0.08,-0.23,-12.09,12.09
6.555,0.08,-0.23,-12.09,12.09
6.565,0.08,-0.23,-12.09,12.09
6.575,0.08,-0.23,-12.09,12.09
6.585,0.08,-0.23,-12.09,12.09
6.596,0.08,-0.23,-12.09,12.09
6.605,0.08,-0.23,-12.09,12.09
6.615,0.08,-0.23,-12.09,12.09
6.625,0.08,-0.23,-12.09,12.09
6.635,0.08,-0.23,-12.09,12.09
6.645,0.08,-0.23,-12.09,12.09
6.655,0.08,-0.23,-12.09,12.09
6.665,0.08,-0.23,-12.09,12.09
6.675,0.08,-0.23,-12.09,12.09
6.685,0.08,-0.23,-12.09,12.09
6.695,0.08,-0.23,-12.09,12.09
6.705,0.08,-0.23,-12.09,12.09
6.715,0.08,-0.23,-12.09,12.09
6.725,0.08,-0.23,-12.09,12.09
6.735,0.08,-0.23,-12.09,12.09
6.745,0.08,-0.23,-12.09,12.09
6.755,0.08,-0.23,-12.09,12.09
6.765,0.08,-0.23,-12.09,12.09
6.775,0.08,-0.23,-12.09,12.09
6.785,0.08,-0.23,-12.09,12.09
6.795,0.08,-0.23,-12.09,12.09
6.805,0.08,-0.23,-12.09,12.09
6.815,0.08,-0.23,-12.09,12.09
6.825,0.08,-0.23,-12.09,12.09
6.835,0.08,-0.23,-12.09,12.09
6.845,0.08,-0.23,-12.09,12.09
6.855,0.08,-0.23,-12.09,12.09
6.865,0.08,-0.23,-12.09,12.09
6.875,0.08,-0.23,-12.09,12.09
6.885,0.08,-0.23,-12.09,12.09
6.895,0.08,-0.23,-12.09,12.09
6.905,0.08,-0.23,-12.09,12.09
6.915,0.08,-0.23,-12.09,12.09
6.925,0.08,-0.23,-12.09,12.09
6.935,0.08,-0.23,-12.09,12.09
6.945,0.08,-0.23,-12.09,12.09
6.955,0.08,-0.23,-12.09,12.09
6.965,0.08,-0.23,-12.09,12.09
6.975,0.08,-0.23,-12.09,12.09
6.985,0.08,-0.23,-12.09,12.09
6.995,0.08,-0.23,-12.09,12.09
7.005,0.08,-0.23,-12.09,12.09
7.015,0.08,-0.23,-12.09,12.09
7.025,0.08,-0.23,-12.09,12.09
7.035,0.08,-0.23,-12.09,12.09
7.045,0.08,-0.23,-12.09,12.09
7.055,0.08,-0.23,-12.09,12.09
7.065,0.08,-0.23,-12.09,12.09
7.075,0.08,-0.23,-12.09,12.09
7.085,0.08,-0.23,-12.09,12.09
7.095,0.08,-0.23,-12.09,12.09
7.105,0.08,-0.23,-12.09,12.09
7.115,0.08,-0.23,-12.09,12.09
7.125,0.08,-0.23,-12.09,12.09
7.135,0.08,-0.23,-12.09,12.09
7.145,0.08,-0.23,-12.09,12.09
7.155,0.08,-0.23,-12.09,12.09
7.165,0.08,-0.23,-12.09,12.09
7.175,0.08,-0.23,-12.09,12.09
7.185,0.08,-0.23,-12.09,12.09
7.195,0.08,-0.23,-12.09,12.09
7.205,0.08,-0.23,-12.09,12.09
7.215,0.08,-0.23,-12.09,12.09
7.225,0.08,-0.23,-12.09,12.09
7.235,0.08,-0.23,-12.09,12.09
7.245,0.08,-0.23,-12.09,12.09
7.255,0.08,-0.23,-12.09,12.09
7.265,0.08,-0.23,-12.09,12.09
7.275,0.08,-0.23,-12.09,12.09
7.285,0.08,-0.23,-12.09,12.09
7.295,0.08,-0.23,-12.09,12.09
7.305,0.08,-0.23,-12.09,12.09
7.315,0.08,-0.23,-12.09,12.09
7.325,0.08,-0.23,-12.09,12.09
7.335,0.08,-0.23,-12.09,12.09
7.345,0.08,-0.23,-12.09,12.09
7.355,0.08,-0.23,-12.09,12.09
7.365,0.08,-0.23,-12.09,12.09
7.375,0.08,-0.23,-12.09,12.09
7.385,0.08,-0.23,-12.09,12.09
7.395,0.08,-0.23,-12.09,12.09
7.405,0.08,-0.23,-12.09,12.09
7.415,0.08,-0.23,-12.09,12.09
7.425,0.08,-0.23,-12.09,12.09
7.435,0.08,-0.23,-12.09,12.09
7.445,0.08,-0.23,-12.09,12.09
7.455,0.08,-0.23,-12.09,12.09
7.465,0.08,-0.23,-12.09,12.09
7.475,0.08,-0.23,-12.09,12.09
7.485,0.08,-0.23,-12.09,12.09
7.495,0.08,-0.23,-12.09,12.09
7.505,0.08,-0.23,-12.09,12.09
7.515,0.08,-0.23,-12.09,12.09
7.525,0.08,-0.23,-12.09,12.09
7.535,0.08,-0.23,-12.09,12.09
7.545,0.08,-0.23,-12.09,12.09
7.555,0.08,-0.23,-12.09,12.09
7.565,0.08,-0.23,-12.09,12.09
7.575,0.08,-0.23,-12.09,12.09
7.585,0.08,-0.23,-12.09,12.09
7.595,0.08,-0.23,-12.09,12.09
7.605,0.08,-0.23,-12.09,12.09
7.615,0.08,-0.23,-12.09,12.09
7.625,0.08,-0.23,-12.09,12.09
7.635,0.08,-0.23,-12.09,12.09
7.645,0.08,-0.23,-12.09,12.09
7.655,0.08,-0.23,-12.09,12.09
7.665,0.08,-0.23,-12.09,12.09
7.675,0.08,-0.23,-12.09,12.09
7.685,0.08,-0.23,-12.09,12.09
7.695,0.08,-0.23,-12.09,12.09
7.705,0.08,-0.23,-12.09,12.09
7.715,0.08,-0.23,-12.09,12.09
7.725,0.08,-0.23,-12.09,12.09
7.735,0.08,-0.23,-12.09,12.09
7.745,0.08,-0.23,-12.09,12.09
7.755,0.08,-0.23,-12.09,12.09
7.765,0.08,-0.23,-12.09,12.09
7.775,0.08,-0.23,-12.09,12.09
7.785,0.08,-0.23,-12.09,12.09
7.795,0.08,-0.23,-12.09,12.09
7.805,0.08,-0.23,-12.09,12.09
7.815,0.08,-0.23,-12.09,12.09
7.825,0.08,-0.23,-12.09,12.09
7.835,0.08,-0.23,-12.09,12.09
7.845,0.08,-0.23,-12.09,12.09
7.855,0.08,-0.23,-12.09,12.09
7.865,0.08,-0.23,-12.09,12.09
7.875,0.08,-0.23,-12.09,12.09
7.885,0.08,-0.23,-12.09,12.09
7.895,0.08,-0.23,-12.09,12.09
7.905,0.08,-0.23,-12.09,12.09
7.915,0.08,-0.23,-12.09,12.09
7.925,0.08,-0.23,-12.09,12.09
7.935,0.08,-0.23,-12.09,12.09
7.945,0.08,-0.23,-12.09,12.09
7.955,0.08,-0.23,-12.09,12.09
7.965,0.08,-0.23,-12.09,12.09
7.975,0.08,-0.23,-12.09,12.09
7.985,0.08,-0.23,-12.09,12.09
7.995,0.08,-0.23,-12.09,12.09
8.005,0.08,-0.23,-12.09,12.09
8.015,0.08,-0.23,-12.09,12.09
8.025,0.08,-0.23,-12.09,12.09
8.035,0.08,-0.23,-12.09,12.09
8.045,0.08,-0.23,-12.09,12.09
8.055,0.08,-0.23,-12.09,12.09
8.065,0.08,-0.23,-12.09,12.09
8.075,0.08,-0.23,-12.09,12.09
8.085,0.08,-0.23,-12.09,12.09
8.095,0.08,-0.23,-12.09,12.09
8.105,0.08,-0.23,-12.09,12.09
8.115,0.08,-0.23,-12.09,12.09
8.125,0.08,-0.23,-12.09,12.09
8.135,0.08,-0.23,-12.09,12.09
8.145,0.08,-0.23,-12.09,12.09
8.155,0.08,-0.23,-12.09,12.09
8.165,0.08,-0.23,-12.09,12.09
8.175,0.08,-0.23,-12.09,12.09
8.185,0.08,-0.23,-12.09,12.09
8.195,0.08,-0.23,-12.09,12.09
8.205,0.08,-0.23,-12.09,12.09
8.215,0.08,-0.23,-12.09,12.09
8.225,0.08,-0.23,-12.09,12.09
8.235,0.08,-0.23,-12.09,12.09
8.245,0.08,-0.23,-12.09,12.09
8.255,0.08,-0.23,-12.09,12.09
8.265,0.08,-0.23,-12.09,12.09
8.275,0.08,-0.23,-12.09,12.09
8.285,0.08,-0.23,-12.09,12.09
8.295,0.08,-0.23,-12.09,12.09
8.305,0.08,-0.23,-12.09,12.09
8.315,0.08,-0.23,-12.09,12.09
8.325,0.08,-0.23,-12.09,12.09
8.335,0.08,-0.23,-12.09,12.09
8.345,0.08,-0.23,-12.09,12.09
8.355,0.08,-0.23,-12.09,12.09
8.365,0.08,-0.23,-12.09,12.09
8.375,0.08,-0.23,-12.09,12.09
8.385,0.08,-0.23,-12.09,12.09
8.395,0.08,-0.23,-12.09,12.09
8.405,0.08,-0.23,-12.09,12.09
8.415,0.08,-0.23,-12.09,12.09
8.425,0.08,-0.23,-12.09,12.09
8.435,0.08,-0.23,-12.09,12.09
8.445,0.08,-0.23,-12.09,12.09
8.455,0.08,-0.23,-12.09,12.09
8.465,0.08,-0.23,-12.09,12.09
8.475,0.08,-0.23,-12.09,12.09
8.485,0.08,-0.23,-12.09,12.09
8.495,0.08,-0.23,-12.09,12.09
8.505,0.08,-0.23,-12.09,12.09
8.515,0.08,-0.23,-12.09,12.09
8.525,0.08,-0.23,-12.09,12.09
8.535,0.08,-0.23,-12.09,12.09
8.545,0.08,-0.23,-12.09,12.09
8.555,0.08,-0.23,-12.09,12.09
8.565,0.08,-0.23,-12.09,12.09
8.575,0.08,-0.23,-12.09,12.09
8.585,0.08,-0.23,-12.09,12.09
8.595,0.08,-0.23,-12.09,12.09
8.605,0.08,-0.23,-12.09,12.09
8.615,0.08,-0.23,-12.09,12.09
8.625,0.08,-0.23,-12.09,12.09
8.635,0.08,-0.23,-12.09,12.09
8.645,0.08,-0.23,-12.09,12.09
8.655,0.08,-0.23,-12.09,12.09
8.665,0.08,-0.23,-12.09,12.09
8.675,0.08,-0.23,-12.09,12.09
8.685,0.08,-0.23,-12.09,12.09
8.695,0.08,-0.23,-12.09,12.09
8.705,0.08,-0.23,-12.09,12.09
8.715,0.08,-0.23,-12.09,12.09
8.725,0.08,-0.23,-12.09,12.09
8.735,0.08,-0.23,-12.09,12.09
8.745,0.08,-0.23,-12.09,12.09
8.755,0.08,-0.23,-12.09,12.09
8.765,0.08,-0.23,-12.09,12.09
8.775,0.08,-0.23,-12.09,12.09
8.785,0.08,-0.23,-12.09,12.09
8.795,0.08,-0.23,-12.09,12.09
8.805,0.08,-0.23,-12.09,12.09
8.815,0.08,-0.23,-12.09,12.09
8.825,0.08,-0.23,-12.09,12.09
8.835,0.08,-0.23,-12.09,12.09
8.845,0.08,-0.23,-12.09,12.09
8.855,0.08,-0.23,-12.09,12.09
8.865,0.08,-0.23,-12.09,12.09
8.875,0.08,-0.23,-12.09,12.09
8.885,0.08,-0.23,-12.09,12.09
8.895,0.08,-0.23,-12.09,12.09
8.905,0.08,-0.23,-12.09,12.09
8.915,0.08,-0.23,-12.09,12.09
8.925,0.08,-0.23,-12.09,12.09
8.935,0.08,-0.23,-12.09,12.09
8.945,0.08,-0.23,-12.09,12.09
8.955,0.08,-0.23,-12.09,12.09
8.965,0.08,-0.23,-12.09,12.09
8.975,0.08,-0.23,-12.09,12.09
8.985,0.08,-0.23,-12.09,12.09
8.995,0.08,-0.23,-12.09,12.09
9.005,0.08,-0.23,-12.09,12.09
9.015,0.08,-0.23,-12.09,12.09
9.025,0.08,-0.23,-12.09,12.09
9.035,0.08,-0.23,-12.09,12.09
9.045,0.08,-0.23,-12.09,12.09
9.055,0.08,-0.23,-12.09,12.09
9.065,0.08,-0.23,-12.09,12.09
9.075,0.08,-0.23,-12.09,12.09
9.085,0.08,-0.23,-12.09,12.09
9.095,0.08,-0.23,-12.09,12.09
9.105,0.08,-0.23,-12.09,12.09
9.115,0.08,-0.23,-12.09,12.09
9.125,0.08,-0.23,-12.09,12.09
9.135,0.08,-0.23,-12.09,12.09
9.145,0.08,-0.23,-12.09,12.09
9.155,0.08,-0.23,-12.09,12.09
9.165,0.08,-0.23,-12.09,12.09
9.175,0.08,-0.23,-12.09,12.09
9.185,0.08,-0.23,-12.09,12.09
9.195,0.08,-0.23,-12.09,12.09
9.205,0.08,-0.23,-12.09,12.09
9.215,0.08,-0.23,-12.09,12.09
9.225,0.08,-0.23,-12.09,12.09
9.235,0.08,-0.23,-12.09,12.09
9.245,0.08,-0.23,-12.09,12.09
9.255,0.08,-0.23,-12.09,12.09
9.265,0.08,-0.23,-12.09,12.09
9.275,0.08,-0.23,-12.09,12.09
9.285,0.08,-0.23,-12.09,12.09
9.295,0.08,-0.23,-12.09,12.09
9.305,0.08,-0.23,-12.09,12.09
9.315,0.08,-0.23,-12.09,12.09
9.325,0.08,-0.23,-12.09,12.09
9.335,0.08,-0.23,-12.09,12.09
9.345,0.08,-0.23,-12.09,12.09
9.355,0.08,-0.23,-12.09,12.09
9.365,0.08,-0.23,-12.09,12.09
9.375,0.08,-0.23,-12.09,12.09
9.385,0.08,-0.23,-12.09,12.09
9.395,0.08,-0.23,-12.09,12.09
9.405,0.08,-0.23,-12.09,12.09
9.415,0.08,-0.23,-12.09,12.09
9.425,0.08,-0.23,-12.09,12.09
9.435,0.08,-0.23,-12.09,12.09
9.445,0.08,-0.23,-12.09,12.09
9.455,0.08,-0.23,-12.09,12.09
9.465,0.08,-0.23,-12.09,12.09
9.475,0.08,-0.23,-12.09,12.09
9.485,0.08,-0.23,-12.09,12.09
9.495,0.08,-0.23,-12.09,12.09
9.505,0.08,-0.23,-12.09,12.09
9.515,0.08,-0.23,-12.09,12.09
9.525,0.08,-0.23,-12.09,12.09
9.535,0.08,-0.23,-12.09,12.09
9.545,0.08,-0.23,-12.09,12.09
9.555,0.08,-0.23,-12.09,12.09
9.565,0.08,-0.23,-12.09,12.09
9.575,0.08,-0.23,-12.09,12.09
9.585,0.08,-0.23,-12.09,12.09
9.595,0.08,-0.23,-12.09,12.09
9.605,0.08,-0.23,-12.09,12.09
9.615,0.08,-0.23,-12.09,12.09
9.625,0.08,-0.23,-12.09,12.09
9.635,0.08,-0.23,-12.09,12.09
9.645,0.08,-0.23,-12.09,12.09
9.655,0.08,-0.23,-12.09,12.09
9.665,0.08,-0.23,-12.09,12.09
9.675,0.08,-0.23,-12.09,12.09
9.685,0.08,-0.23,-12.09,12.09
9.695,0.08,-0.23,-12.09,12.09
9.705,0.08,-0.23,-12.09,12.09
9.715,0.08,-0.23,-12.09,12.09
9.725,0.08,-0.23,-12.09,12.09
9.735,0.08,-0.23,-12.09,12.09
9.745,0.08,-0.23,-12.09,12.09
9.755,0.08,-0.23,-12.09,12.09
9.765,0.08,-0.23,-12.09,12.09
9.775,0.08,-0.23,-12.09,12.09
9.785,0.08,-0.23,-12.09,12.09
9.795,0.08,-0.23,-12.09,12.09
9.805,0.08,-0.23,-12.09,12.09
9.815,0.08,-0.23,-12.09,12.09
9.825,0.08,-0.23,-12.09,12.09
9.835,0.08,-0.23,-12.09,12.09
9.845,0.08,-0.23,-12.09,12.09
9.855,0.08,-0.23,-12.09,12.09
9.865,0.08,-0.23,-12.09,12.09
9.875,0.08,-0.23,-12.09,12.09
9.885,0.08,-0.23,-12.09,12.09
9.895,0.08,-0.23,-12.09,12.09
9.905,0.08,-0.23,-12.09,12.09
9.915,0.08,-0.23,-12.09,12.09
9.925,0.08,-0.23,-12.09,12.09
9.935,0.08,-0.23,-12.09,12.09
9.945,0.08,-0.23,-12.09,12.09
9.955,0.08,-0.23,-12.09,12.09
9.965,0.08,-0.23,-12.09,12.09
9.975,0.08,-0.23,-12.09,12.09
9.985,0.08,-0.23,-12.09,12.09
9.995,0.08,-0.23,-12.09,12.09
10.005,0.08,-0.23,-12.09,12.09
10.015,0.08,-0.23,-12.09,12.09
10.025,0.08,-0.23,-12.09,12.09
10.035,0.08,-0.23,-12.09,12.09
10.045,0.08,-0.23,-12.09,12.09
10.055,0.08,-0.23,-12.09,12.09
10.065,0.08,-0.23,-12.09,12.09
10.075,0.08,-0.23,-12.09,12.09
10.085,0.08,-0.23,-12.09,12.09
10.095,0.08,-0.23,-12.09,12.09
10.105,0.08,-0.23,-12.09,12.09
10.115,0.08,-0.23,-12.09,12.09
10.125,0.08,-0.23,-12.09,12.09
10.135,0.08,-0.23,-12.09,12.09
10.145,0.08,-0.23,-12.09,12.09
10.155,0.08,-0.23,-12.09,12.09
10.165,0.08,-0.23,-12.09,12.09
10.175,0.08,-0.23,-12.09,12.09
10.185,0.08,-0.23,-12.09,12.09
10.195,0.08,-0.23,-12.09,12.09
10.205,0.08,-0.23,-12.09,12.09
10.215,0.08,-0.23,-12.09,12.09
10.225,0.08,-0.23,-12.09,12.09
10.235,0.08,-0.23,-12.09,12.09
10.245,0.08,-0.23,-12.09,12.09
10.255,0.08,-0.23,-12.09,12.09
10.265,0.08,-0.23,-12.09,12.09
10.275,0.08,-0.23,-12.09,12.09
10.285,0.08,-0.23,-12.09,12.09
10.295,0.08,-0.23,-12.09,12.09
10.305,0.08,-0.23,-12.09,12.09
10.315,0.08,-0.23,-12.09,12.09
10.325,0.08,-0.23,-12.09,12.09
10.335,0.08,-0.23,-12.09,12.09
10.345,0.08,-0.23,-12.09,12.09
10.355,0.08,-0.23,-12.09,12.09
10.365,0.08,-0.23,-12.09,12.09
10.375,0.08,-0.23,-12.09,12.09
10.385,0.08,-0.23,-12.09,12.09
10.395,0.08,-0.23,-12.09,12.09
10.405,0.08,-0.23,-12.09,12.09
10.415,0.08,-0.23,-12.09,12.09
10.425,0.08,-0.23,-12.09,12.09
10.435,0.08,-0.23,-12.09,12.09
10.445,0.08,-0.23,-12.09,12.09
10.455,0.08,-0.23,-12.09,12.09
10.465,0.08,-0.23,-12.09,12.09
10.475,0.08,-0.23,-12.09,12.09
10.485,0.08,-0.23,-12.09,12.09
10.495,0.08,-0.23,-12.09,12.09
10.505,0.08,-0.23,-12.09,12.09
10.515,0.08,-0.23,-12.09,12.09
10.525,0.08,-0.23,-12.09,12.09
10.535,0.08,-0.23,-12.09,12.09
10.545,0.08,-0.23,-12.09,12.09
10.555,0.08,-0.23,-12.09,12.09
10.565,0.08,-0.23,-12.09,12.09
10.575,0.08,-0.23,-12.09,12.09
10.585,0.08,-0.23,-12.09,12.09
10.595,0.08,-0.23,-12.09,12.09
10.605,0.08,-0.23,-12.09,12.09
10.615,0.08,-0.23,-12.09,12.09
10.625,0.08,-0.23,-12.09,12.09
10.635,0.08,-0.23,-12.09,12.09
10.645,0.08,-0.23,-12.09,12.09
10.655,0.08,-0.23,-12.09,12.09
10.665,0.08,-0.23,-12.09,12.09
10.675,0.08,-0.23,-12.09,12.09
10.685,0.08,-0.23,-12.09,12.09
10.695,0.08,-0.23,-12.09,12.09
10.705,0.08,-0.23,-12.09,12.09
10.715,0.08,-0.23,-12.09,12.09
10.725,0.08,-0.23,-12.09,12.09
10.735,0.08,-0.23,-12.09,12.09
10.745,0.08,-0.23,-12.09,12.09
10.755,0.08,-0.23,-12.09,12.09
10.765,0.08,-0.23,-12.09,12.09
10.775,0.08,-0.23,-12.09,12.09
10.785,0.08,-0.23,-12.09,12.09
10.795,0.08,-0.23,-12.09,12.09
10.805,0.08,-0.23,-12.09,12.09
10.815,0.08,-0.23,-12.09,12.09
10.825,0.08,-0.23,-12.09,12.09
10.835,0.08,-0.23,-12.09,12.09
10.845,0.08,-0.23,-12.09,12.09
10.855,0.08,-0.23,-12.09,12.09
10.865,0.08,-0.23,-12.09,12.09
10.875,0.08,-0.23,-12.09,12.09
10.885,0.08,-0.23,-12.09,12.09
10.895,0.08,-0.23,-12.09,12.09
10.905,0.08,-0.23,-12.09,12.09
10.915,0.08,-0.23,-12.09,12.09
10.925,0.08,-0.23,-12.09,12.09
10.935,0.08,-0.23,-12.09,12.09
10.945,0.08,-0.23,-12.09,12.09
10.955,0.08,-0.23,-12.09,12.09
10.965,0.08,-0.23,-12.09,12.09
10.975,0.08,-0.23,-12.09,12.09
10.985,0.08,-0.23,-12.09,12.09
10.995,0.08,-0.23,-12.09,12.09
11.005,0.08,-0.23,-12.09,12.09
11.015,0.08,-0.23,-12.09,12.09
11.025,0.08,-0.23,-12.09,12.09
11.035,0.08,-0.23,-12.09,12.09
11.045,0.08,-0.23,-12.09,12.09
11.055,0.08,-0.23,-12.09,12.09
11.065,0.08,-0.23,-12.09,12.09
11.075,0.08,-0.23,-12.09,12.09
11.085,0.08,-0.23,-12.09,12.09
11.095,0.08,-0.23,-12.09,12.09
11.105,0.08,-0.23,-12.09,12.09
11.115,0.08,-0.23,-12.09,12.09
11.125,0.08,-0.23,-12.09,12.09
11.135,0.08,-0.23,-12.09,12.09
11.145,0.08,-0.23,-12.09,12.09
11.155,0.08,-0.23,-12.09,12.09
11.165,0.08,-0.23,-12.09,12.09
11.175,0.08,-0.23,-12.09,12.09
11.185,0.08,-0.23,-12.09,12.09
11.195,0.08,-0.23,-12.09,12.09
11.205,0.08,-0.23,-12.09,12.09
11.215,0.08,-0.23,-12.09,12.09
11.225,0.08,-0.23,-12.09,12.09
11.235,0.08,-0.23,-12.09,12.09
11.245,0.08,-0.23,-12.09,12.09
11.255,0.08,-0.23,-12.09,12.09
11.265,0.08,-0.23,-12.09,12.09
11.275,0.08,-0.23,-12.09,12.09
11.285,0.08,-0.23,-12.09,12.09
11.295,0.08,-0.23,-12.09,12.09
11.305,0.08,-0.23,-12.09,12.09
11.315,0.08,-0.23,-12.09,12.09
11.325,0.08,-0.23,-12.09,12.09
11.335,0.08,-0.23,-12.09,12.09
11.345,0.08,-0.23,-12.09,12.09
11.355,0.08,-0.23,-12.09,12.09
11.365,0.08,-0.23,-12.09,12.09
11.375,0.08,-0.23,-12.09,12.09
11.385,0.08,-0.23,-12.09,12.09
11.395,0.08,-0.23,-12.09,12.09
11.405,0.08,-0.23,-12.09,12.09
11.415,0.08,-0.23,-12.09,12.09
11.425,0.08,-0.23,-12.09,12.09
11.435,0.08,-0.23,-12.09,12.09
11.445,0.08,-0.23,-12.09,12.09
11.455,0.08,-0.23,-12.09,12.09
11.465,0.08,-0.23,-12.09,12.09
11.475,0.08,-0.23,-12.09,12.09
11.485,0.08,-0.23,-12.09,12.09
11.495,0.08,-0.23,-12.09,12.09
11.505,0.08,-0.23,-12.09,12.09
11.515,0.08,-0.23,-12.09,12.09
11.525,0.08,-0.23,-12.09,12.09
11.535,0.08,-0.23,-12.09,12.09
11.545,0.08,-0.23,-12.09,12.09
11.555,0.08,-0.23,-12.09,12.09
11.565,0.08,-0.23,-12.09,12.09
11.575,0.08,-0.23,-12.09,12.09
11.585,0.08,-0.23,-12.09,12.09
11.595,0.08,-0.23,-12.09,12.09
11.605,0.08,-0.23,-12.09,12.09
11.615,0.08,-0.23,-12.09,12.09
11.625,0.08,-0.23,-12.09,12.09
11.635,0.08,-0.23,-12.09,12.09
11.645,0.08,-0.23,-12.09,12.09
11.655,0.08,-0.23,-12.09,12.09
11.665,0.08,-0.23,-12.09,12.09
11.675,0.08,-0.23,-12.09,12.09
11.685,0.08,-0.23,-12.09,12.09
11.695,0.08,-0.23,-12.09,12.09
11.705,0.08,-0.23,-12.09,12.09
11.715,0.08,-0.23,-12.09,12.09
11.725,0.08,-0.23,-12.09,12.09
11.735,0.08,-0.23,-12.09,12.09
11.745,0.08,-0.23,-12.09,12.09
11.755,0.08,-0.23,-12.09,12.09
11.765,0.08,-0.23,-12.09,12.09
11.775,0.08,-0.23,-12.09,12.09
11.785,0.08,-0.23,-12.09,12.09
11.795,0.08,-0.23,-12.09,12.09
11.805,0.08,-0.23,-12.09,12.09
11.815,0.08,-0.23,-12.09,12.09
11.825,0.08,-0.23,-12.09,12.09
11.835,0.08,-0.23,-12.09,12.09
11.845,0.08,-0.23,-12.09,12.09
11.855,0.08,-0.23,-12.09,12.09
11.865,0.08,-0.23,-12.09,12.09
11.875,0.08,-0.23,-12.09,12.09
11.885,0.08,-0.23,-12.09,12.09
11.895,0.08,-0.23,-12.09,12.09
11.905,0.08,-0.23,-12.09,12.09
11.915,0.08,-0.23,-12.09,12.09
11.925,0.08,-0.23,-12.09,12.09
11.935,0.08,-0.23,-12.09,12.09
11.945,0.08,-0.23,-12.09,12.09
11.955,0.08,-0.23,-12.09,12.09
11.965,0.08,-0.23,-12.09,12.09
11.975,0.08,-0.23,-12.09,12.09
11.985,0.08,-0.23,-12.09,12.09
11.995,0.08,-0.23,-12.09,12.09
12.005,0.08,-0.23,-12.09,12.09
12.015,0.08,-0.23,-12.09,12.09
12.025,0.08,-0.23,-12.09,12.09
12.035,0.08,-0.23,-12.09,12.09
12.045,0.08,-0.23,-12.09,12.09
12.055,0.08,-0.23,-12.09,12.09
12.065,0.08,-0.23,-12.09,12.09
12.075,0.08,-0.23,-12.09,12.09
12.085,0.08,-0.23,-12.09,12.09
12.095,0.08,-0.23,-12.09,12.09
12.105,0.08,-0.23,-12.09,12.09
12.115,0.08,-0.23,-12.09,12.09
12.125,0.08,-0.23,-12.09,12.09
12.135,0.08,-0.23,-12.09,12.09
12.145,0.08,-0.23,-12.09,12.09
12.155,0.08,-0.23,-12.09,12.09
12.165,0.08,-0.23,-12.09,12.09
12.175,0.08,-0.23,-12.09,12.09
12.185,0.08,-0.23,-12.09,12.09
12.195,0.08,-0.23,-12.09,12.09
12.205,0.08,-0.23,-12.09,12.09
12.215,0.08,-0.23,-12.09,12.09
12.225,0.08,-0.23,-12.09,12.09
12.235,0.08,-0.23,-12.09,12.09
12.245,0.08,-0.23,-12.09,12.09
12.255,0.08,-0.23,-12.09,12.09
12.265,0.08,-0.23,-12.09,12.09
12.275,0.08,-0.23,-12.09,12.09
12.285,0.08,-0.23,-12.09,12.09
12.295,0.08,-0.23,-12.09,12.09
12.305,0.08,-0.23,-12.09,12.09
12.315,0.08,-0.23,-12.09,12.09
12.325,0.08,-0.23,-12.09,12.09
12.335,0.08,-0.23,-12.09,12.09
12.345,0.08,-0.23,-12.09,12.09
12.355,0.08,-0.23,-12.09,12.09
12.365,0.08,-0.23,-12.09,12.09
12.375,0.08,-0.23,-12.09,12.09
12.385,0.08,-0.23,-12.09,12.09
12.395,0.08,-0.23,-12.09,12.09
12.405,0.08,-0.23,-12.09,12.09
12.415,0.08,-0.23,-12.09,12.09
12.425,0.08,-0.23,-12.09,12.09
12.435,0.08,-0.23,-12.09,12.09
12.445,0.08,-0.23,-12.09,12.09
12.455,0.08,-0.23,-12.09,12.09
12.465,0.08,-0.23,-12.09,12.09
12.475,0.08,-0.23,-12.09,12.09
12.485,0.08,-0.23,-12.09,12.09
12.495,0.08,-0.23,-12.09,12.09
12.505,0.08,-0.23,-12.09,12.09
12.515,0.08,-0.23,-12.09,12.09
12.525,0.08,-0.23,-12.09,12.09
12.535,0.08,-0.23,-12.09,12.09
12.545,0.08,-0.23,-12.09,12.09
12.555,0.08,-0.23,-12.09,12.09
12.565,0.08,-0.23,-12.09,12.09
12.575,0.08,-0.23,-12.09,12.09
12.585,0.08,-0.23,-12.09,12.09
12.595,0.08,-0.23,-12.09,12.09
12.605,0.08,-0.23,-12.09,12.09
12.615,0.08,-0.23,-12.09,12.09
12.625,0.08,-0.23,-12.09,12.09
12.635,0.08,-0.23,-12.09,12.09
12.645,0.08,-0.23,-12.09,12.09
12.655,0.08,-0.23,-12.09,12.09
12.665,0.08,-0.23,-12.09,12.09
12.675,0.08,-0.23,-12.09,12.09
12.685,0.08,-0.23,-12.09,12.09
12.695,0.08,-0.23,-12.09,12.09
12.705,0.08,-0.23,-12.09,12.09
12.715,0.08,-0.23,-12.09,12.09
12.725,0.08,-0.23,-12.09,12.09
12.735,0.08,-0.23,-12.09,12.09
12.745,0.08,-0.23,-12.09,12.09
12.755,0.08,-0.23,-12.09,12.09
12.765,0.08,-0.23,-12.09,12.09
12.775,0.08,-0.23,-12.09,12.09
12.785,0.08,-0.23,-12.09,12.09
12.795,0.08,-0.23,-12.09,12.09
12.805,0.08,-0.23,-12.09,12.09
12.815,0.08,-0.23,-12.09,12.09
12.825,0.08,-0.23,-12.09,12.09
12.835,0.08,-0.23,-12.09,12.09
12.845,0.08,-0.23,-12.09,12.09
12.855,0.08,-0.23,-12.09,12.09
12.865,0.08,-0.23,-12.09,12.09
12.875,0.08,-0.23,-12.09,12.09
12.885,0.08,-0.23,-12.09,12.09
12.895,0.08,-0.23,-12.09,12.09
12.905,0.08,-0.23,-12.09,12.09
12.915,0.08,-0.23,-12.09,12.09
12.925,0.08,-0.23,-12.09,12.09
12.935,0.08,-0.23,-12.09,12.09
12.945,0.08,-0.23,-12.09,12.09
12.955,0.08,-0.23,-12.09,12.09
12.965,0.08,-0.23,-12.09,12.09
12.975,0.08,-0.23,-12.09,12.09
12.985,0.08,-0.23,-12.09,12.09
12.995,0.08,-0.23,-12.09,12.09
13.005,0.08,-0.23,-12.09,12.09
13.015,0.08,-0.23,-12.09,12.09
13.025,0.08,-0.23,-12.09,12.09
13.035,0.08,-0.23,-12.09,12.09
13.045,0.08,-0.23,-12.09,12.09
13.055,0.08,-0.23,-12.09,12.09
13.065,0.08,-0.23,-12.09,12.09
13.075,0.08,-0.23,-12.09,12.09
13.085,0.08,-0.23,-12.09,12.09
13.095,0.08,-0.23,-12.09,12.09
13.105,0.08,-0.23,-12.09,12.09
13.115,0.08,-0.23,-12.09,12.09
13.125,0.08,-0.23,-12.09,12.09
13.135,0.08,-0.23,-12.09,12.09
13.145,0.08,-0.23,-12.09,12.09
13.155,0.08,-0.23,-12.09,12.09
13.165,0.08,-0.23,-12.09,12.09
13.175,0.08,-0.23,-12.09,12.09
13.185,0.08,-0.23,-12.09,12.09
13.195,0.08,-0.23,-12.09,12.09
13.205,0.08,-0.23,-12.09,12.09
13.215,0.08,-0.23,-12.09,12.09
13.225,0.08,-0.23,-12.09,12.09
13.235,0.08,-0.23,-12.09,12.09
13.245,0.08,-0.23,-12.09,12.09
13.255,0.08,-0.23,-12.09,12.09
13.265,0.08,-0.23,-12.09,12.09
13.275,0.08,-0.23,-12.09,12.09
13.285,0.08,-0.23,-12.09,12.09
13.295,0.08,-0.23,-12.09,12.09
13.305,0.08,-0.23,-12.09,12.09
13.315,0.08,-0.23,-12.09,12.09
13.325,0.08,-0.23,-12.09,12.09
13.335,0.08,-0.23,-12.09,12.09
13.345,0.08,-0.23,-12.09,12.09
13.355,0.08,-0.23,-12.09,12.09
13.365,0.08,-0.23,-12.09,12.09
13.375,0.08,-0.23,-12.09,12.09
13.385,0.08,-0.23,-12.09,12.09
13.395,0.08,-0.23,-12.09,12.09
13.405,0.08,-0.23,-12.09,12.09
13.415,0.08,-0.23,-12.09,12.09
13.425,0.08,-0.23,-12.09,12.09
13.435,0.08,-0.23,-12.09,12.09
13.445,0.08,-0.23,-12.09,12.09
13.455,0.08,-0.23,-12.09,12.09
13.465,0.08,-0.23,-12.09,12.09
13.475,0.08,-0.23,-12.09,12.09
13.485,0.08,-0.23,-12.09,12.09
13.495,0.08,-0.23,-12.09,12.09
13.505,0.08,-0.23,-12.09,12.09
13.515,0.08,-0.23,-12.09,12.09
13.525,0.08,-0.23,-12.09,12.09
13.535,0.08,-0.23,-12.09,12.09
13.545,0.08,-0.23,-12.09,12.09
13.555,0.08,-0.23,-12.09,12.09
13.565,0.08,-0.23,-12.09,12.09
13.575,0.08,-0.23,-12.09,12.09
13.585,0.08,-0.23,-12.09,12.09
13.595,0.08,-0.23,-12.09,12.09
13.605,0.08,-0.23,-12.09,12.09
13.615,0.08,-0.23,-12.09,12.09
13.625,0.08,-0.23,-12.09,12.09
13.635,0.08,-0.23,-12.09,12.09
13.645,0.08,-0.23,-12.09,12.09
13.655,0.08,-0.23,-12.09,12.09
13.665,0.08,-0.23,-12.09,12.09
13.675,0.08,-0.23,-12.09,12.09
13.685,0.08,-0.23,-12.09,12.09
13.695,0.08,-0.23,-12.09,12.09
13.705,0.08,-0.23,-12.09,12.09
13.715,0.08,-0.23,-12.09,12.09
13.725,0.08,-0.23,-12.09,12.09
13.735,0.08,-0.23,-12.09,12.09
13.745,0.08,-0.23,-12.09,12.09
13.755,0.08,-0.23,-12.09,12.09
13.765,0.08,-0.23,-12.09,12.09
13.775,0.08,-0.23,-12.09,12.09
13.785,0.08,-0.23,-12.09,12.09
13.795,0.08,-0.23,-12.09,12.09
13.805,0.08,-0.23,-12.09,12.09
13.815,0.08,-0.23,-12.09,12.09
13.825,0.08,-0.23,-12.09,12.09
13.835,0.08,-0.23,-12.09,12.09
13.845,0.08,-0.23,-12.09,12.09
13.855,0.08,-0.23,-12.09,12.09
13.865,0.08,-0.23,-12.09,12.09
13.875,0.08,-0.23,-12.09,12.09
13.885,0.08,-0.23,-12.09,12.09
13.895,0.08,-0.23,-12.09,12.09
13.905,0.08,-0.23,-12.09,12.09
13.915,0.08,-0.23,-12.09,12.09
13.925,0.08,-0.23,-12.09,12.09
13.935,0.08,-0.23,-12.09,12.09
13.945,0.08,-0.23,-12.09,12.09
13.955,0.08,-0.23,-12.09,12.09
13.965,0.08,-0.23,-12.09,12.09
13.975,0.08,-0.23,-12.09,12.09
13.985,0.08,-0.23,-12.09,12.09
13.995,0.08,-0.23,-12.09,12.09
14.005,0.08,-0.23,-12.09,12.09
14.015,0.08,-0.23,-12.09,12.09
14.025,0.08,-0.23,-12.09,12.09
14.035,0.08,-0.23,-12.09,12.09
14.045,0.08,-0.23,-12.09,12.09
14.055,0.08,-0.23,-12.09,12.09
14.065,0.08,-0.23,-12.09,12.09
14.075,0.08,-0.23,-12.09,12.09
14.085,0.08,-0.23,-12.09,12.09
14.095,0.08,-0.23,-12.09,12.09
14.105,0.08,-0.23,-12.09,12.09
14.115,0.08,-0.23,-12.09,12.09
14.125,0.08,-0.23,-12.09,12.09
14.135,0.08,-0.23,-12.09,12.09
14.145,0.08,-0.23,-12.09,12.09
14.155,0.08,-0.23,-12.09,12.09
14.165,0.08,-0.23,-12.09,12.09
14.175,0.08,-0.23,-12.09,12.09
14.185,0.08,-0.23,-12.09,12.09
14.195,0.08,-0.23,-12.09,12.09
14.205,0.08,-0.23,-12.09,12.09
14.215,0.08,-0.23,-12.09,12.09
14.225,0.08,-0.23,-12.09,12.09
14.235,0.08,-0.23,-12.09,12.09
14.245,0.08,-0.23,-12.09,12.09
14.255,0.08,-0.23,-12.09,12.09
14.265,0.08,-0.23,-12.09,12.09
14.275,0.08,-0.23,-12.09,12.09
14.285,0.08,-0.23,-12.09,12.09
14.295,0.08,-0.23,-12.09,12.09
14.305,0.08,-0.23,-12.09,12.09
14.315,0.08,-0.23,-12.09,12.09
14.325,0.08,-0.23,-12.09,12.09
14.335,0.08,-0.23,-12.09,12.09
14.345,0.08,-0.23,-12.09,12.09
14.355,0.08,-0.23,-12.09,12.09
14.365,0.08,-0.23,-12.09,12.09
14.375,0.08,-0.23,-12.09,12.09
14.385,0.08,-0.23,-12.09,12.09
14.395,0.08,-0.23,-12.09,12.09
14.405,0.08,-0.23,-12.09,12.09
14.415,0.08,-0.23,-12.09,12.09
14.425,0.08,-0.23,-12.09,12.09
14.435,0.08,-0.23,-12.09,12.09
14.445,0.08,-0.23,-12.09,12.09
14.455,0.08,-0.23,-12.09,12.09
14.465,0.08,-0.23,-12.09,12.09
14.475,0.08,-0.23,-12.09,12.09
14.485,0.08,-0.23,-12.09,12.09
14.495,0.08,-0.23,-12.09,12.09
14.505,0.08,-0.23,-12.09,12.09
14.515,0.08,-0.23,-12.09,12.09
14.525,0.08,-0.23,-12.09,12.09
14.535,0.08,-0.23,-12.09,12.09
14.545,0.08,-0.23,-12.09,12.09
14.555,0.08,-0.23,-12.09,12.09
14.565,0.08,-0.23,-12.09,12.09
14.575,0.08,-0.23,-12.09,12.09
14.585,0.08,-0.23,-12.09,12.09
14.595,0.08,-0.23,-12.09,12.09
14.605,0.08,-0.23,-12.09,12.09
14.615,0.08,-0.23,-12.09,12.09
14.625,0.08,-0.23,-12.09,12.09
14.635,0.08,-0.23,-12.09,12.09
14.645,0.08,-0.23,-12.09,12.09
14.655,0.08,-0.23,-12.09,12.09
14.665,0.08,-0.23,-12.09,12.09
14.675,0.08,-0.23,-12.09,12.09
14.685,0.08,-0.23,-12.09,12.09
14.695,0.08,-0.23,-12.09,12.09
14.705,0.08,-0.23,-12.09,12.09
14.715,0.08,-0.23,-12.09,12.09
14.725,0.08,-0.23,-12.09,12.09
14.735,0.08,-0.23,-12.09,12.09
14.745,0.08,-0.23,-12.09,12.09
14.755,0.08,-0.23,-12.09,12.09
14.765,0.08,-0.23,-12.09,12.09
14.775,0.08,-0.23,-12.09,12.09
14.785,0.08,-0.23,-12.09,12.09
14.795,0.08,-0.23,-12.09,12.09
14.805,0.08,-0.23,-12.09,12.09
14.815,0.08,-0.23,-12.09,12.09
14.825,0.08,-0.23,-12.09,12.09
14.835,0.08,-0.23,-12.09,12.09
14.845,0.08,-0.23,-12.09,12.09
14.855,0.08,-0.23,-12.09,12.09
14.865,0.08,-0.23,-12.09,12.09
14.875,0.08,-0.23,-12.09,12.09
14.885,0.08,-0.23,-12.09,12.09
14.895,0.08,-0.23,-12.09,12.09
14.905,0.08,-0.23,-12.09,12.09
14.915,0.08,-0.23,-12.09,12.09
14.925,0.08,-0.23,-12.09,12.09
14.935,0.08,-0.23,-12.09,12.09
14.945,0.08,-0.23,-12.09,12.09
14.955,0.08,-0.23,-12.09,12.09
14.965,0.08,-0.23,-12.09,12.09
14.975,0.08,-0.23,-12.09,12.09
14.985,0.08,-0.23,-12.09,12.09
14.995,0.08,-0.23,-12.09,12.09
15.005,0.08,-0.23,-12.09,12.09
15.015,0.08,-0.23,-12.09,12.09
15.025,0.08,-0.23,-12.09,12.09
15.035,0.08,-0.23,-12.09,12.09
15.045,0.08,-0.23,-12.09,12.09
15.055,0.08,-0.23,-12.09,12.09
15.065,0.08,-0.23,-12.09,12.09
15.075,0.08,-0.23,-12.09,12.09
15.085,0.08,-0.23,-12.09,12.09
15.095,0.08,-0.23,-12.09,12.09
15.105,0.08,-0.23,-12.09,12.09
15.115,0.08,-0.23,-12.09,12.09
15.125,0.08,-0.23,-12.09,12.09
15.135,0.08,-0.23,-12.09,12.09
15.145,0.08,-0.23,-12.09,12.09
15.155,0.08,-0.23,-12.09,12.09
15.165,0.08,-0.23,-12.09,12.09
15.175,0.08,-0.23,-12.09,12.09
15.185,0.08,-0.23,-12.09,12.09
15.195,0.08,-0.23,-12.09,12.09
15.205,0.08,-0.23,-12.09,12.09
15.215,0.08,-0.23,-12.09,12.09
15.225,0.08,-0.23,-12.09,12.09
15.235,0.08,-0.23,-12.09,12.09
15.245,0.08,-0.23,-12.09,12.09
15.255,0.08,-0.23,-12.09,12.09
15.265,0.08,-0.23,-12.09,12.09
15.275,0.08,-0.23,-12.09,12.09
15.285,0.08,-0.23,-12.09,12.09
15.295,0.08,-0.23,-12.09,12.09
15.305,0.08,-0.23,-12.09,12.09
15.315,0.08,-0.23,-12.09,12.09
15.325,0.08,-0.23,-12.09,12.09
15.335,0.08,-0.23,-12.09,12.09
15.345,0.08,-0.23,-12.09,12.09
15.355,0.08,-0.23,-12.09,12.09
15.365,0.08,-0.23,-12.09,12.09
15.375,0.08,-0.23,-12.09,12.09
15.385,0.08,-0.23,-12.09,12.09
15.395,0.08,-0.23,-12.09,12.09
15.405,0.08,-0.23,-12.09,12.09
15.415,0.08,-0.23,-12.09,12.09
15.425,0.08,-0.23,-12.09,12.09
15.435,0.08,-0.23,-12.09,12.09
15.445,0.08,-0.23,-12.09,12.09
15.455,0.08,-0.23,-12.09,12.09
15.465,0.08,-0.23,-12.09,12.09
15.475,0.08,-0.23,-12.09,12.09
15.485,0.08,-0.23,-12.09,12.09
15.495,0.08,-0.23,-12.09,12.09
15.505,0.08,-0.23,-12.09,12.09
15.515,0.08,-0.23,-12.09,12.09
15.525,0.08,-0.23,-12.09,12.09
15.535,0.08,-0.23,-12.09,12.09
15.545,0.08,-0.23,-12.09,12.09
15.555,0.08,-0.23,-12.09,12.09
15.565,0.08,-0.23,-12.09,12.09
15.575,0.08,-0.23,-12.09,12.09
15.585,0.08,-0.23,-12.09,12.09
15.595,0.08,-0.23,-12.09,12.09
15.605,0.08,-0.23,-12.09,12.09
15.615,0.08,-0.23,-12.09,12.09
15.625,0.08,-0.23,-12.09,12.09
15.635,0.08,-0.23,-12.09,12.09
15.645,0.08,-0.23,-12.09,12.09
15.655,0.08,-0.23,-12.09,12.09
15.665,0.08,-0.23,-12.09,12.09
15.675,0.08,-0.23,-12.09,12.09
15.685,0.08,-0.23,-12.09,12.09
15.695,0.08,-0.23,-12.09,12.09
15.705,0.08,-0.23,-12.09,12.09
15.715,0.08,-0.23,-12.09,12.09
15.725,0.08,-0.23,-12.09,12.09
15.735,0.08,-0.23,-12.09,12.09
15.745,0.08,-0.23,-12.09,12.09
15.755,0.08,-0.23,-12.09,12.09
15.765,0.08,-0.23,-12.09,12.09
15.775,0.08,-0.23,-12.09,12.09
15.785,0.08,-0.23,-12.09,12.09
15.795,0.08,-0.23,-12.09,12.09
15.805,0.08,-0.23,-12.09,12.09
15.815,0.08,-0.23,-12.09,12.09
15.825,0.08,-0.23,-12.09,12.09
15.835,0.08,-0.23,-12.09,12.09
15.845,0.08,-0.23,-12.09,12.09
15.855,0.08,-0.23,-12.09,12.09
15.865,0.08,-0.23,-12.09,12.09
15.875,0.08,-0.23,-12.09,12.09
15.885,0.08,-0.23,-12.09,12.09
15.895,0.08,-0.23,-12.09,12.09
15.905,0.08,-0.23,-12.09,12.09
15.915,0.08,-0.23,-12.09,12.09
15.925,0.08,-0.23,-12.09,12.09
15.935,0.08,-0.23,-12.09,12.09
15.945,0.08,-0.23,-12.09,12.09
15.955,0.08,-0.23,-12.09,12.09
15.965,0.08,-0.23,-12.09,12.09
15.975,0.08,-0.23,-12.09,12.09
15.985,0.08,-0.23,-12.09,12.09
15.995,0.08,-0.23,-12.09,12.09
16.005,0.08,-0.23,-12.09,12.09
16.015,0.08,-0.23,-12.09,12.09
16.025,0.08,-0.23,-12.09,12.09
16.035,0.08,-0.23,-12.09,12.09
16.045,0.08,-0.23,-12.09,12.09
16.055,0.08,-0.23,-12.09,12.09
16.065,0.08,-0.23,-12.09,12.09
16.075,0.08,-0.23,-12.09,12.09
16.085,0.08,-0.23,-12.09,12.09
16.095,0.08,-0.23,-12.09,12.09
16.105,0.08,-0.23,-12.09,12.09
16.115,0.08,-0.23,-12.09,12.09
16.125,0.08,-0.23,-12.09,12.09
16.135,0.08,-0.23,-12.09,12.09
16.145,0.08,-0.23,-12.09,12.09
16.155,0.08,-0.23,-12.09,12.09
16.165,0.08,-0.23,-12.09,12.09
16.175,0.08,-0.23,-12.09,12.09
16.185,0.08,-0.23,-12.09,12.09
16.195,0.08,-0.23,-12.09,12.09
16.205,0.08,-0.23,-12.09,12.09
16.215,0.08,-0.23,-12.09,12.09
16.225,0.08,-0.23,-12.09,12.09
16.235,0.08,-0.23,-12.09,12.09
16.245,0.08,-0.23,-12.09,12.09
16.255,0.08,-0.23,-12.09,12.09
16.265,0.08,-0.23,-12.09,12.09
16.275,0.08,-0.23,-12.09,12.09
16.285,0.08,-0.23,-12.09,12.09
16.295,0.08,-0.23,-12.09,12.09
16.305,0.08,-0.23,-12.09,12.09
16.315,0.08,-0.23,-12.09,12.09
16.325,0.08,-0.23,-12.09,12.09
16.335,0.08,-0.23,-12.09,12.09
16.345,0.08,-0.23,-12.09,12.09
16.355,0.08,-0.23,-12.09,12.09
16.365,0.08,-0.23,-12.09,12.09
16.375,0.08,-0.23,-12.09,12.09
16.385,0.08,-0.23,-12.09,12.09
16.395,0.08,-0.23,-12.09,12.09
16.405,0.08,-0.23,-12.09,12.09
16.415,0.08,-0.23,-12.09,12.09
16.425,0.08,-0.23,-12.09,12.09
16.435,0.08,-0.23,-12.09,12.09
16.445,0.08,-0.23,-12.09,12.09
16.455,0.08,-0.23,-12.09,12.09
16.465,0.08,-0.23,-12.09,12.09
16.475,0.08,-0.23,-12.09,12.09
16.485,0.08,-0.23,-12.09,12.09
16.495,0.08,-0.23,-12.09,12.09
16.505,0.08,-0.23,-12.09,12.09
16.515,0.08,-0.23,-12.09,12.09
16.525,0.08,-0.23,-12.09,12.09
16.535,0.08,-0.23,-12.09,12.09
16.545,0.08,-0.23,-12.09,12.09
16.555,0.08,-0.23,-12.09,12.09
16.565,0.08,-0.23,-12.09,12.09
16.575,0.08,-0.23,-12.09,12.09
16.585,0.08,-0.23,-12.09,12.09
16.595,0.08,-0.23,-12.09,12.09
16.605,0.08,-0.23,-12.09,12.09
16.615,0.08,-0.23,-12.09,12.09
16.625,0.08,-0.23,-12.09,12.09
16.635,0.08,-0.23,-12.09,12.09
16.645,0.08,-0.23,-12.09,12.09
16.655,0.08,-0.23,-12.09,12.09
16.665,0.08,-0.23,-12.09,12.09
16.675,0.08,-0.23,-12.09,12.09
16.685,0.08,-0.23,-12.09,12.09
16.695,0.08,-0.23,-12.09,12.09
16.705,0.08,-0.23,-12.09,12.09
16.715,0.08,-0.23,-12.09,12.09
16.725,0.08,-0.23,-12.09,12.09
16.735,0.08,-0.23,-12.09,12.09
16.745,0.08,-0.23,-12.09,12.09
16.755,0.08,-0.23,-12.09,12.09
16.765,0.08,-0.23,-12.09,12.09
16.775,0.08,-0.23,-12.09,12.09
16.785,0.08,-0.23,-12.09,12.09
16.795,0.08,-0.23,-12.09,12.09
16.805,0.08,-0.23,-12.09,12.09
16.815,0.08,-0.23,-12.09,12.09
16.825,0.08,-0.23,-12.09,12.09
16.835,0.08,-0.23,-12.09,12.09
16.845,0.08,-0.23,-12.09,12.09
16.855,0.08,-0.23,-12.09,12.09
16.865,0.08,-0.23,-12.09,12.09
16.875,0.08,-0.23,-12.09,12.09
16.885,0.08,-0.23,-12.09,12.09
16.895,0.08,-0.23,-12.09,12.09
16.905,0.08,-0.23,-12.09,12.09
16.915,0.08,-0.23,-12.09,12.09
16.925,0.08,-0.23,-12.09,12.09
16.935,0.08,-0.23,-12.09,12.09
16.945,0.08,-0.23,-12.09,12.09
16.955,0.08,-0.23,-12.09,12.09
16.965,0.08,-0.23,-12.09,12.09
16.975,0.08,-0.23,-12.09,12.09
16.985,0.08,-0.23,-12.09,12.09
16.995,0.08,-0.23,-12.09,12.09
17.005,0.08,-0.23,-12.09,12.09
17.015,0.08,-0.23,-12.09,12.09
17.025,0.08,-0.23,-12.09,12.09
17.035,0.08,-0.23,-12.09,12.09
17.045,0.08,-0.23,-12.09,12.09
17.055,0.08,-0.23,-12.09,12.09
17.065,0.08,-0.23,-12.09,12.09
17.075,0.08,-0.23,-12.09,12.09
17.085,0.08,-0.23,-12.09,12.09
17.095,0.08,-0.23,-12.09,12.09
17.105,0.08,-0.23,-12.09,12.09
17.115,0.08,-0.23,-12.09,12.09
17.125,0.08,-0.23,-12.09,12.09
17.135,0.08,-0.23,-12.09,12.09
17.145,0.08,-0.23,-12.09,12.09
17.155,0.08,-0.23,-12.09,12.09
17.165,0.08,-0.23,-12.09,12.09
17.175,0.08,-0.23,-12.09,12.09
17.185,0.08,-0.23,-12.09,12.09
17.195,0.08,-0.23,-12.09,12.09
17.205,0.08,-0.23,-12.09,12.09
17.215,0.08,-0.23,-12.09,12.09
17.225,0.08,-0.23,-12.09,12.09
17.235,0.08,-0.23,-12.09,12.09
17.245,0.08,-0.23,-12.09,12.09
17.255,0.08,-0.23,-12.09,12.09
17.265,0.08,-0.23,-12.09,12.09
17.275,0.08,-0.23,-12.09,12.09
17.285,0.08,-0.23,-12.09,12.09
17.295,0.08,-0.23,-12.09,12.09
17.305,0.08,-0.23,-12.09,12.09
17.315,0.08,-0.23,-12.09,12.09
17.325,0.08,-0.23,-12.09,12.09
17.335,0.08,-0.23,-12.09,12.09
17.345,0.08,-0.23,-12.09,12.09
17.355,0.08,-0.23,-12.09,12.09
17.365,0.08,-0.23,-12.09,12.09
17.375,0.08,-0.23,-12.09,12.09
17.385,0.08,-0.23,-12.09,12.09
17.395,0.08,-0.23,-12.09,12.09
17.405,0.08,-0.23,-12.09,12.09
17.415,0.08,-0.23,-12.09,12.09
17.425,0.08,-0.23,-12.09,12.09
17.435,0.08,-0.23,-12.09,12.09
17.445,0.08,-0.23,-12.09,12.09
17.455,0.08,-0.23,-12.09,12.09
17.465,0.08,-0.23,-12.09,12.09
17.475,0.08,-0.23,-12.09,12.09
17.485,0.08,-0.23,-12.09,12.09
17.495,0.08,-0.23,-12.09,12.09
17.505,0.08,-0.23,-12.09,12.09
17.515,0.08,-0.23,-12.09,12.09
17.525,0.08,-0.23,-12.09,12.09
17.535,0.08,-0.23,-12.09,12.09
17.545,0.08,-0.23,-12.09,12.09
17.555,0.08,-0.23,-12.09,12.09
17.565,0.08,-0.23,-12.09,12.09
17.575,0.08,-0.23,-12.09,12.09
17.585,0.08,-0.23,-12.09,12.09
17.595,0.08,-0.23,-12.09,12.09
17.605,0.08,-0.23,-12.09,12.09
17.615,0.08,-0.23,-12.09,12.09
17.625,0.08,-0.23,-12.09,12.09
17.635,0.08,-0.23,-12.09,12.09
17.645,0.08,-0.23,-12.09,12.09
17.655,0.08,-0.23,-12.09,12.09
17.665,0.08,-0.23,-12.09,12.09
17.675,0.08,-0.23,-12.09,12.09
17.685,0.08,-0.23,-12.09,12.09
17.695,0.08,-0.23,-12.09,12.09
17.705,0.08,-0.23,-12.09,12.09
17.715,0.08,-0.23,-12.09,12.09
17.725,0.08,-0.23,-12.09,12.09
17.735,0.08,-0.23,-12.09,12.09
17.745,0.08,-0.23,-12.09,12.09
17.755,0.08,-0.23,-12.09,12.09
17.765,0.08,-0.23,-12.09,12.09
17.775,0.08,-0.23,-12.09,12.09
17.785,0.08,-0.23,-12.09,12.09
17.795,0.08,-0.23,-12.09,12.09
17.805,0.08,-0.23,-12.09,12.09
17.815,0.08,-0.23,-12.09,12.09
17.825,0.08,-0.23,-12.09,12.09
17.835,0.08,-0.23,-12.09,12.09
17.845,0.08,-0.23,-12.09,12.09
17.855,0.08,-0.23,-12.09,12.09
17.865,0.08,-0.23,-12.09,12.09
17.875,0.08,-0.23,-12.09,12.09
17.885,0.08,-0.23,-12.09,12.09
17.895,0.08,-0.23,-12.09,12.09
17.905,0.08,-0.23,-12.09,12.09
17.915,0.08,-0.23,-12.09,12.09
17.925,0.08,-0.23,-12.09,12.09
17.935,0.08,-0.23,-12.09,12.09
17.945,0.08,-0.23,-12.09,12.09
17.955,0.08,-0.23,-12.09,12.09
17.965,0.08,-0.23,-12.09,12.09
17.975,0.08,-0.23,-12.09,12.09
17.985,0.08,-0.23,-12.09,12.09
17.995,0.08,-0.23,-12.09,12.09
18.005,0.08,-0.23,-12.09,12.09
18.015,0.08,-0.23,-12.09,12.09
18.025,0.08,-0.23,-12.09,12.09
18.035,0.08,-0.23,-12.09,12.09
18.045,0.08,-0.23,-12.09,12.09
18.055,0.08,-0.23,-12.09,12.09
18.065,0.08,-0.23,-12.09,12.09
18.075,0.08,-0.23,-12.09,12.09
18.085,0.08,-0.23,-12.09,12.09
18.095,0.08,-0.23,-12.09,12.09
18.105,0.08,-0.23,-12.09,12.09
18.115,0.08,-0.23,-12.09,12.09
18.125,0.08,-0.23,-12.09,12.09
18.135,0.08,-0.23,-12.09,12.09
18.145,0.08,-0.23,-12.09,12.09
18.155,0.08,-0.23,-12.09,12.09
18.165,0.08,-0.23,-12.09,12.09
18.175,0.08,-0.23,-12.09,12.09
18.185,0.08,-0.23,-12.09,12.09
18.195,0.08,-0.23,-12.09,12.09
18.205,0.08,-0.23,-12.09,12.09
18.215,0.08,-0.23,-12.09,12.09
18.225,0.08,-0.23,-12.09,12.09
18.235,0.08,-0.23,-12.09,12.09
18.245,0.08,-0.23,-12.09,12.09
18.255,0.08,-0.23,-12.09,12.09
18.265,0.08,-0.23,-12.09,12.09
18.275,0.08,-0.23,-12.09,12.09
18.285,0.08,-0.23,-12.09,12.09
18.295,0.08,-0.23,-12.09,12.09
18.305,0.08,-0.23,-12.09,12.09
18.315,0.08,-0.23,-12.09,12.09
18.325,0.08,-0.23,-12.09,12.09
18.335,0.08,-0.23,-12.09,12.09
18.345,0.08,-0.23,-12.09,12.09
18.355,0.08,-0.23,-12.09,12.09
18.365,0.08,-0.23,-12.09,12.09
18.375,0.08,-0.23,-12.09,12.09
18.385,0.08,-0.23,-12.09,12.09
18.395,0.08,-0.23,-12.09,12.09
18.405,0.08,-0.23,-12.09,12.09
18.415,0.08,-0.23,-12.09,12.09
18.425,0.08,-0.23,-12.09,12.09
18.435,0.08,-0.23,-12.09,12.09
18.445,0.08,-0.23,-12.09,12.09
18.455,0.08,-0.23,-12.09,12.09
18.465,0.08,-0.23,-12.09,12.09
18.475,0.08,-0.23,-12.09,12.09
18.485,0.08,-0.23,-12.09,12.09
18.495,0.08,-0.23,-12.09,12.09
18.505,0.08,-0.23,-12.09,12.09
18.515,0.08,-0.23,-12.09,12.09
18.525,0.08,-0.23,-12.09,12.09
18.535,0.08,-0.23,-12.09,12.09
18.545,0.08,-0.23,-12.09,12.09
18.555,0.08,-0.23,-12.09,12.09
18.565,0.08,-0.23,-12.09,12.09
18.575,0.08,-0.23,-12.09,12.09
18.585,0.08,-0.23,-12.09,12.09
18.595,0.08,-0.23,-12.09,12.09
18.605,0.08,-0.23,-12.09,12.09
18.615,0.08,-0.23,-12.09,12.09
18.625,0.08,-0.23,-12.09,12.09
18.635,0.08,-0.23,-12.09,12.09
18.645,0.08,-0.23,-12.09,12.09
18.655,0.08,-0.23,-12.09,12.09
18.665,0.08,-0.23,-12.09,12.09
18.675,0.08,-0.23,-12.09,12.09
18.685,0.08,-0.23,-12.09,12.09
18.695,0.08,-0.23,-12.09,12.09
18.705,0.08,-0.23,-12.09,12.09
18.715,0.08,-0.23,-12.09,12.09
18.725,0.08,-0.23,-12.09,12.09
18.735,0.08,-0.23,-12.09,12.09
18.745,0.08,-0.23,-12.09,12.09
18.755,0.08,-0.23,-12.09,12.09
18.765,0.08,-0.23,-12.09,12.09
18.775,0.08,-0.23,-12.09,12.09
18.785,0.08,-0.23,-12.09,12.09
18.795,0.08,-0.23,-12.09,12.09
18.805,0.08,-0.23,-12.09,12.09
18.815,0.08,-0.23,-12.09,12.09
18.825,0.08,-0.23,-12.09,12.09
18.835,0.08,-0.23,-12.09,12.09
18.845,0.08,-0.23,-12.09,12.09
18.855,0.08,-0.23,-12.09,12.09
18.865,0.08,-0.23,-12.09,12.09
18.875,0.08,-0.23,-12.09,12.09
18.885,0.08,-0.23,-12.09,12.09
18.895,0.08,-0.23,-12.09,12.09
18.905,0.08,-0.23,-12.09,12.09
18.915,0.08,-0.23,-12.09,12.09
18.925,0.08,-0.23,-12.09,12.09
18.935,0.08,-0.23,-12.09,12.09
18.945,0.08,-0.23,-12.09,12.09
18.955,0.08,-0.23,-12.09,12.09
18.965,0.08,-0.23,-12.09,12.09
18.975,0.08,-0.23,-12.09,12.09
18.985,0.08,-0.23,-12.09,12.09
18.995,0.08,-0.23,-12.09,12.09
19.005,0.08,-0.23,-12.09,12.09
19.015,0.08,-0.23,-12.09,12.09
19.025,0.08,-0.23,-12.09,12.09
19.035,0.08,-0.23,-12.09,12.09
19.045,0.08,-0.23,-12.09,12.09
19.055,0.08,-0.23,-12.09,12.09
19.065,0.08,-0.23,-12.09,12.09
19.075,0.08,-0.23,-12.09,12.09
19.085,0.08,-0.23,-12.09,12.09
19.095,0.08,-0.23,-12.09,12.09
19.105,0.08,-0.23,-12.09,12.09
19.115,0.08,-0.23,-12.09,12.09
19.125,0.08,-0.23,-12.09,12.09
19.135,0.08,-0.23,-12.09,12.09
19.145,0.08,-0.23,-12.09,12.09
19.155,0.08,-0.23,-12.09,12.09
19.165,0.08,-0.23,-12.09,12.09
19.175,0.08,-0.23,-12.09,12.09
19.185,0.08,-0.23,-12.09,12.09
19.195,0.08,-0.23,-12.09,12.09
19.205,0.08,-0.23,-12.09,12.09
19.215,0.08,-0.23,-12.09,12.09
19.225,0.08,-0.23,-12.09,12.09
19.235,0.08,-0.23,-12.09,12.09
19.245,0.08,-0.23,-12.09,12.09
19.255,0.08,-0.23,-12.09,12.09
19.265,0.08,-0.23,-12.09,12.09
19.275,0.08,-0.23,-12.09,12.09
19.285,0.08,-0.23,-12.09,12.09
19.295,0.08,-0.23,-12.09,12.09
19.305,0.08,-0.23,-12.09,12.09
19.315,0.08,-0.23,-12.09,12.09
19.325,0.08,-0.23,-12.09,12.09
19.335,0.08,-0.23,-12.09,12.09
19.345,0.08,-0.23,-12.09,12.09
19.355,0.08,-0.23,-12.09,12.09
19.365,0.08,-0.23,-12.09,12.09
19.375,0.08,-0.23,-12.09,12.09
19.385,0.08,-0.23,-12.09,12.09
19.395,0.08,-0.23,-12.09,12.09
19.405,0.08,-0.23,-12.09,12.09
19.415,0.08,-0.23,-12.09,12.09
19.425,0.08,-0.23,-12.09,12.09
19.435,0.08,-0.23,-12.09,12.09
19.445,0.08,-0.23,-12.09,12.09
19.455,0.08,-0.23,-12.09,12.09
19.465,0.08,-0.23,-12.09,12.09
19.475,0.08,-0.23,-12.09,12.09
19.485,0.08,-0.23,-12.09,12.09
19.495,0.08,-0.23,-12.09,12.09
19.505,0.08,-0.23,-12.09,12.09
19.515,0.08,-0.23,-12.09,12.09
19.525,0.08,-0.23,-12.09,12.09
19.535,0.08,-0.23,-12.09,12.09
19.545,0.08,-0.23,-12.09,12.09
19.555,0.08,-0.23,-12.09,12.09
19.565,0.08,-0.23,-12.09,12.09
19.575,0.08,-0.23,-12.09,12.09
19.585,0.08,-0.23,-12.09,12.09
19.595,0.08,-0.23,-12.09,12.09
19.605,0.08,-0.23,-12.09,12.09
19.615,0.08,-0.23,-12.09,12.09
19.625,0.08,-0.23,-12.09,12.09
19.635,0.08,-0.23,-12.09,12.09
19.645,0.08,-0.23,-12.09,12.09
19.655,0.08,-0.23,-12.09,12.09
19.665,0.08,-0.23,-12.09,12.09
19.675,0.08,-0.23,-12.09,12.09
19.685,0.08,-0.23,-12.09,12.09
19.695,0.08,-0.23,-12.09,12.09
19.705,0.08,-0.23,-12.09,12.09
19.715,0.08,-0.23,-12.09,12.09
19.725,0.08,-0.23,-12.09,12.09
19.735,0.08,-0.23,-12.09,12.09
19.745,0.08,-0.23,-12.09,12.09
19.755,0.08,-0.23,-12.09,12.09
19.765,0.08,-0.23,-12.09,12.09
19.775,0.08,-0.23,-12.09,12.09
19.785,0.08,-0.23,-12.09,12.09
19.795,0.08,-0.23,-12.09,12.09
19.805,0.08,-0.23,-12.09,12.09
19.815,0.08,-0.23,-12.09,12.09
19.825,0.08,-0.23,-12.09,12.09
19.835,0.08,-0.23,-12.09,12.09
19.845,0.08,-0.23,-12.09,12.09
19.855,0.08,-0.23,-12.09,12.09
19.865,0.08,-0.23,-12.09,12.09
19.875,0.08,-0.23,-12.09,12.09
19.885,0.08,-0.23,-12.09,12.09
19.895,0.08,-0.23,-12.09,12.09
19.905,0.08,-0.23,-12.09,12.09
19.915,0.08,-0.23,-12.09,12.09
19.925,0.08,-0.23,-12.09,12.09
19.935,0.08,-0.23,-12.09,12.09
19.945,0.08,-0.23,-12.09,12.09
19.955,0.08,-0.23,-12.09,12.09
19.965,0.08,-0.23,-12.09,12.09
19.975,0.08,-0.23,-12.09,12.09
19.985,0.08,-0.23,-12.09,12.09
19.995,0.08,-0.23,-12.09,12.09
20.005,0.08,-0.23,-12.09,12.09
20.015,0.08,-0.23,-12.09,12.09
20.025,0.08,-0.23,-12.09,12.09
20.035,0.08,-0.23,-12.09,12.09
20.045,0.08,-0.23,-12.09,12.09
20.055,0.08,-0.23,-12.09,12.09
20.065,0.08,-0.23,-12.09,12.09
20.075,0.08,-0.23,-12.09,12.09
20.085,0.08,-0.23,-12.09,12.09
20.095,0.08,-0.23,-12.09,12.09
20.105,0.08,-0.23,-12.09,12.09
20.115,0.08,-0.23,-12.09,12.09
20.125,0.08,-0.23,-12.09,12.09
20.135,0.08,-0.23,-12.09,12.09
20.145,0.08,-0.23,-12.09,12.09
20.155,0.08,-0.23,-12.09,12.09
20.165,0.08,-0.23,-12.09,12.09
20.175,0.08,-0.23,-12.09,12.09
20.185,0.08,-0.23,-12.09,12.09
20.195,0.08,-0.23,-12.09,12.09
20.205,0.08,-0.23,-12.09,12.09
20.215,0.08,-0.23,-12.09,12.09
20.225,0.08,-0.23,-12.09,12.09
20.235,0.08,-0.23,-12.09,12.09
20.245,0.08,-0.23,-12.09,12.09
20.255,0.08,-0.23,-12.09,12.09
20.265,0.08,-0.23,-12.09,12.09
20.275,0.08,-0.23,-12.09,12.09
20.285,0.08,-0.23,-12.09,12.09
20.295,0.08,-0.23,-12.09,12.09
20.305,0.08,-0.23,-12.09,12.09
20.315,0.08,-0.23,-12.09,12.09
20.325,0.08,-0.23,-12.09,12.09
20.335,0.08,-0.23,-12.09,12.09
20.345,0.08,-0.23,-12.09,12.09
20.355,0.08,-0.23,-12.09,12.09
20.365,0.08,-0.23,-12.09,12.09
20.375,0.08,-0.23,-12.09,12.09
20.385,0.08,-0.23,-12.09,12.09
20.395,0.08,-0.23,-12.09,12.09
20.405,0.08,-0.23,-12.09,12.09
20.415,0.08,-0.23,-12.09,12.09
20.425,0.08,-0.23,-12.09,12.09
20.435,0.08,-0.23,-12.09,12.09
20.445,0.08,-0.23,-12.09,12.09
20.455,0.08,-0.23,-12.09,12.09
20.465,0.08,-0.23,-12.09,12.09
20.475,0.08,-0.23,-12.09,12.09
20.485,0.08,-0.23,-12.09,12.09
20.495,0.08,-0.23,-12.09,12.09
20.505,0.08,-0.23,-12.09,12.09
20.515,0.08,-0.23,-12.09,12.09
20.525,0.08,-0.23,-12.09,12.09
20.535,0.08,-0.23,-12.09,12.09
20.545,0.08,-0.23,-12.09,12.09
20.555,0.08,-0.23,-12.09,12.09
20.565,0.08,-0.23,-12.09,12.09
20.575,0.08,-0.23,-12.09,12.09
20.585,0.08,-0.23,-12.09,12.09
20.595,0.08,-0.23,-12.09,12.09
20.605,0.08,-0.23,-12.09,12.09
20.615,0.08,-0.23,-12.09,12.09
20.625,0.08,-0.23,-12.09,12.09
20.635,0.08,-0.23,-12.09,12.09
20.645,0.08,-0.23,-12.09,12.09
20.655,0.08,-0.23,-12.09,12.09
20.665,0.08,-0.23,-12.09,12.09
20.675,0.08,-0.23,-12.09,12.09
20.685,0.08,-0.23,-12.09,12.09
20.695,0.08,-0.23,-12.09,12.09
20.705,0.08,-0.23,-12.09,12.09
20.715,0.08,-0.23,-12.09,12.09
20.725,0.08,-0.23,-12.09,12.09
20.735,0.08,-0.23,-12.09,12.09
20.745,0.08,-0.23,-12.09,12.09
20.755,0.08,-0.23,-12.09,12.09
20.765,0.08,-0.23,-12.09,12.09
20.775,0.08,-0.23,-12.09,12.09
20.785,0.08,-0.23,-12.09,12.09
20.795,0.08,-0.23,-12.09,12.09
20.805,0.08,-0.23,-12.09,12.09
20.815,0.08,-0.23,-12.09,12.09
20.825,0.08,-0.23,-12.09,12.09
20.835,0.08,-0.23,-12.09,12.09
20.845,0.08,-0.23,-12.09,12.09
20.855,0.08,-0.23,-12.09,12.09
20.865,0.08,-0.23,-12.09,12.09
20.875,0.08,-0.23,-12.09,12.09
20.885,0.08,-0.23,-12.09,12.09
20.895,0.08,-0.23,-12.09,12.09
20.905,0.08,-0.23,-12.09,12.09
20.915,0.08,-0.23,-12.09,12.09
20.925,0.08,-0.23,-12.09,12.09
20.935,0.08,-0.23,-12.09,12.09
20.945,0.08,-0.23,-12.09,12.09
20.955,0.08,-0.23,-12.09,12.09
20.965,0.08,-0.23,-12.09,12.09
20.975,0.08,-0.23,-12.09,12.09
20.985,0.08,-0.23,-12.09,12.09
20.995,0.08,-0.23,-12.09,12.09
21.005,0.08,-0.23,-12.09,12.09
21.015,0.08,-0.23,-12.09,12.09
21.025,0.08,-0.23,-12.09,12.09
21.035,0.08,-0.23,-12.09,12.09
21.045,0.08,-0.23,-12.09,12.09
21.055,0.08,-0.23,-12.09,12.09
21.065,0.08,-0.23,-12.09,12.09
21.075,0.08,-0.23,-12.09,12.09
21.085,0.08,-0.23,-12.09,12.09
21.095,0.08,-0.23,-12.09,12.09
21.105,0.08,-0.23,-12.09,12.09
21.115,0.08,-0.23,-12.09,12.09
21.125,0.08,-0.23,-12.09,12.09
21.135,0.08,-0.23,-12.09,12.09
21.145,0.08,-0.23,-12.09,12.09
21.155,0.08,-0.23,-12.09,12.09
21.165,0.08,-0.23,-12.09,12.09
21.175,0.08,-0.23,-12.09,12.09
21.185,0.08,-0.23,-12.09,12.09
21.195,0.08,-0.23,-12.09,12.09
21.205,0.08,-0.23,-12.09,12.09
21.215,0.08,-0.23,-12.09,12.09
21.225,0.08,-0.23,-12.09,12.09
21.235,0.08,-0.23,-12.09,12.09
21.245,0.08,-0.23,-12.09,12.09
21.255,0.08,-0.23,-12.09,12.09
21.265,0.08,-0.23,-12.09,12.09
21.275,0.08,-0.23,-12.09,12.09
21.285,0.08,-0.23,-12.09,12.09
21.295,0.08,-0.23,-12.09,12.09
21.305,0.08,-0.23,-12.09,12.09
21.315,0.08,-0.23,-12.09,12.09
21.325,0.08,-0.23,-12.09,12.09
21.335,0.08,-0.23,-12.09,12.09
21.345,0.08,-0.23,-12.09,12.09
21.355,0.08,-0.23,-12.09,12.09
21.365,0.08,-0.23,-12.09,12.09
21.375,0.08,-0.23,-12.09,12.09
21.385,0.08,-0.23,-12.09,12.09
21.395,0.08,-0.23,-12.09,12.09
21.405,0.08,-0.23,-12.09,12.09
21.416,0.08,-0.23,-12.09,12.09
21.425,0.08,-0.23,-12.09,12.09
21.435,0.08,-0.23,-12.09,12.09
21.445,0.08,-0.23,-12.09,12.09
21.455,0.08,-0.23,-12.09,12.09
21.465,0.08,-0.23,-12.09,12.09
21.475,0.08,-0.23,-12.09,12.09
21.485,0.08,-0.23,-12.09,12.09
21.495,0.08,-0.23,-12.09,12.09
21.505,0.08,-0.23,-12.09,12.09
21.515,0.08,-0.23,-12.09,12.09
21.525,0.08,-0.23,-12.09,12.09
21.535,0.08,-0.23,-12.09,12.09
21.545,0.08,-0.23,-12.09,12.09
21.555,0.08,-0.23,-12.09,12.09
21.565,0.08,-0.23,-12.09,12.09
21.575,0.08,-0.23,-12.09,12.09
21.585,0.08,-0.23,-12.09,12.09
21.595,0.08,-0.23,-12.09,12.09
21.605,0.08,-0.23,-12.09,12.09
21.615,0.08,-0.23,-12.09,12.09
21.625,0.08,-0.23,-12.09,12.09
21.635,0.08,-0.23,-12.09,12.09
21.645,0.08,-0.23,-12.09,12.09
21.655,0.08,-0.23,-12.09,12.09
21.665,0.08,-0.23,-12.09,12.09
21.675,0.08,-0.23,-12.09,12.09
21.685,0.08,-0.23,-12.09,12.09
21.695,0.08,-0.23,-12.09,12.09
21.705,0.08,-0.23,-12.09,12.09
21.715,0.08,-0.23,-12.09,12.09
21.725,0.08,-0.23,-12.09,12.09
21.735,0.08,-0.23,-12.09,12.09
21.745,0.08,-0.23,-12.09,12.09
21.755,0.08,-0.23,-12.09,12.09
21.765,0.08,-0.23,-12.09,12.09
21.775,0.08,-0.23,-12.09,12.09
21.785,0.08,-0.23,-12.09,12.09
21.795,0.08,-0.23,-12.09,12.09
21.805,0.08,-0.23,-12.09,12.09
21.816,0.08,-0.23,-12.09,12.09
21.825,0.08,-0.23,-12.09,12.09
21.835,0.08,-0.23,-12.09,12.09
21.845,0.08,-0.23,-12.09,12.09
21.855,0.08,-0.23,-12.09,12.09
21.865,0.08,-0.23,-12.09,12.09
21.875,0.08,-0.23,-12.09,12.09
21.885,0.08,-0.23,-12.09,12.09
21.895,0.08,-0.23,-12.09,12.09
21.905,0.08,-0.23,-12.09,12.09
21.915,0.08,-0.23,-12.09,12.09
21.925,0.08,-0.23,-12.09,12.09
21.935,0.08,-0.23,-12.09,12.09
21.945,0.08,-0.23,-12.09,12.09
21.955,0.08,-0.23,-12.09,12.09
21.965,0.08,-0.23,-12.09,12.09
21.975,0.08,-0.23,-12.09,12.09
21.985,0.08,-0.23,-12.09,12.09
21.995,0.08,-0.23,-12.09,12.09
22.005,0.08,-0.23,-12.09,12.09
22.015,0.08,-0.23,-12.09,12.09
22.025,0.08,-0.23,-12.09,12.09
22.035,0.08,-0.23,-12.09,12.09
22.045,0.08,-0.23,-12.09,12.09
22.055,0.08,-0.23,-12.09,12.09
22.065,0.08,-0.23,-12.09,12.09
22.075,0.08,-0.23,-12.09,12.09
22.085,0.08,-0.23,-12.09,12.09
22.095,0.08,-0.23,-12.09,12.09
22.105,0.08,-0.23,-12.09,12.09
22.115,0.08,-0.23,-12.09,12.09
22.125,0.08,-0.23,-12.09,12.09
22.135,0.08,-0.23,-12.09,12.09
22.145,0.08,-0.23,-12.09,12.09
22.155,0.08,-0.23,-12.09,12.09
22.165,0.08,-0.23,-12.09,12.09
22.175,0.08,-0.23,-12.09,12.09
22.185,0.08,-0.23,-12.09,12.09
22.195,0.08,-0.23,-12.09,12.09
22.205,0.08,-0.23,-12.09,12.09
22.215,0.08,-0.23,-12.09,12.09
22.225,0.08,-0.23,-12.09,12.09
22.235,0.08,-0.23,-12.09,12.09
22.245,0.08,-0.23,-12.09,12.09
22.255,0.08,-0.23,-12.09,12.09
22.265,0.08,-0.23,-12.09,12.09
22.275,0.08,-0.23,-12.09,12.09
22.285,0.08,-0.23,-12.09,12.09
22.295,0.08,-0.23,-12.09,12.09
22.305,0.08,-0.23,-12.09,12.09
22.315,0.08,-0.23,-12.09,12.09
22.325,0.08,-0.23,-12.09,12.09
22.335,0.08,-0.23,-12.09,12.09
22.345,0.08,-0.23,-12.09,12.09
22.355,0.08,-0.23,-12.09,12.09
22.365,0.08,-0.23,-12.09,12.09
22.375,0.08,-0.23,-12.09,12.09
22.385,0.08,-0.23,-12.09,12.09
22.395,0.08,-0.23,-12.09,12.09
22.405,0.08,-0.23,-12.09,12.09
22.415,0.08,-0.23,-12.09,12.09
22.425,0.08,-0.23,-12.09,12.09
22.435,0.08,-0.23,-12.09,12.09
22.445,0.08,-0.23,-12.09,12.09
22.455,0.08,-0.23,-12.09,12.09
22.465,0.08,-0.23,-12.09,12.09
22.475,0.08,-0.23,-12.09,12.09
22.485,0.08,-0.23,-12.09,12.09
22.495,0.08,-0.23,-12.09,12.09
22.505,0.08,-0.23,-12.09,12.09
22.515,0.08,-0.23,-12.09,12.09
22.525,0.08,-0.23,-12.09,12.09
22.535,0.08,-0.23,-12.09,12.09
22.545,0.08,-0.23,-12.09,12.09
22.555,0.08,-0.23,-12.09,12.09
22.565,0.08,-0.23,-12.09,12.09
22.575,0.08,-0.23,-12.09,12.09
22.585,0.08,-0.23,-12.09,12.09
22.595,0.08,-0.23,-12.09,12.09
22.605,0.08,-0.23,-12.09,12.09
22.615,0.08,-0.23,-12.09,12.09
22.625,0.08,-0.23,-12.09,12.09
22.635,0.08,-0.23,-12.09,12.09
22.645,0.08,-0.23,-12.09,12.09
22.655,0.08,-0.23,-12.09,12.09
22.665,0.08,-0.23,-12.09,12.09
22.675,0.08,-0.23,-12.09,12.09
22.685,0.08,-0.23,-12.09,12.09
22.695,0.08,-0.23,-12.09,12.09
22.705,0.08,-0.23,-12.09,12.09
22.715,0.08,-0.23,-12.09,12.09
22.725,0.08,-0.23,-12.09,12.09
22.735,0.08,-0.23,-12.09,12.09
22.745,0.08,-0.23,-12.09,12.09
22.755,0.08,-0.23,-12.09,12.09
22.765,0.08,-0.23,-12.09,12.09
22.775,0.08,-0.23,-12.09,12.09
22.785,0.08,-0.23,-12.09,12.09
22.795,0.08,-0.23,-12.09,12.09
22.805,0.08,-0.23,-12.09,12.09
22.815,0.08,-0.23,-12.09,12.09
22.825,0.08,-0.23,-12.09,12.09
22.835,0.08,-0.23,-12.09,12.09
22.845,0.08,-0.23,-12.09,12.09
22.855,0.08,-0.23,-12.09,12.09
22.865,0.08,-0.23,-12.09,12.09
22.875,0.08,-0.23,-12.09,12.09
22.885,0.08,-0.23,-12.09,12.09
22.895,0.08,-0.23,-12.09,12.09
22.905,0.08,-0.23,-12.09,12.09
22.915,0.08,-0.23,-12.09,12.09
22.925,0.08,-0.23,-12.09,12.09
22.935,0.08,-0.23,-12.09,12.09
22.945,0.08,-0.23,-12.09,12.09
22.955,0.08,-0.23,-12.09,12.09
22.965,0.08,-0.23,-12.09,12.09
22.975,0.08,-0.23,-12.09,12.09
22.985,0.08,-0.23,-12.09,12.09
22.995,0.08,-0.23,-12.09,12.09
23.005,0.08,-0.23,-12.09,12.09
23.015,0.08,-0.23,-12.09,12.09
23.025,0.08,-0.23,-12.09,12.09
23.035,0.08,-0.23,-12.09,12.09
23.045,0.08,-0.23,-12.09,12.09
23.055,0.08,-0.23,-12.09,12.09
23.065,0.08,-0.23,-12.09,12.09
23.075,0.08,-0.23,-12.09,12.09
23.085,0.08,-0.23,-12.09,12.09
23.095,0.08,-0.23,-12.09,12.09
23.105,0.08,-0.23,-12.09,12.09
23.115,0.08,-0.23,-12.09,12.09
23.125,0.08,-0.23,-12.09,12.09
23.135,0.08,-0.23,-12.09,12.09
23.145,0.08,-0.23,-12.09,12.09
23.155,0.08,-0.23,-12.09,12.09
23.165,0.08,-0.23,-12.09,12.09
23.175,0.08,-0.23,-12.09,12.09
23.185,0.08,-0.23,-12.09,12.09
23.195,0.08,-0.23,-12.09,12.09
23.205,0.08,-0.23,-12.09,12.09
23.215,0.08,-0.23,-12.09,12.09
23.225,0.08,-0.23,-12.09,12.09
23.235,0.08,-0.23,-12.09,12.09
23.245,0.08,-0.23,-12.09,12.09
23.255,0.08,-0.23,-12.09,12.09
23.265,0.08,-0.23,-12.09,12.09
23.275,0.08,-0.23,-12.09,12.09
23.285,0.08,-0.23,-12.09,12.09
23.295,0.08,-0.23,-12.09,12.09
23.305,0.08,-0.23,-12.09,12.09
23.315,0.08,-0.23,-12.09,12.09
23.325,0.08,-0.23,-12.09,12.09
23.335,0.08,-0.23,-12.09,12.09
23.345,0.08,-0.23,-12.09,12.09
23.355,0.08,-0.23,-12.09,12.09
23.365,0.08,-0.23,-12.09,12.09
23.375,0.08,-0.23,-12.09,12.09
23.385,0.08,-0.23,-12.09,12.09
23.395,0.08,-0.23,-12.09,12.09
23.405,0.08,-0.23,-12.09,12.09
23.415,0.08,-0.23,-12.09,12.09
23.425,0.08,-0.23,-12.09,12.09
23.435,0.08,-0.23,-12.09,12.09
23.445,0.08,-0.23,-12.09,12.09
23.455,0.08,-0.23,-12.09,12.09
23.465,0.08,-0.23,-12.09,12.09
23.475,0.08,-0.23,-12.09,12.09
23.485,0.08,-0.23,-12.09,12.09
23.495,0.08,-0.23,-12.09,12.09
23.505,0.08,-0.23,-12.09,12.09
23.515,0.08,-0.23,-12.09,12.09
23.525,0.08,-0.23,-12.09,12.09
23.535,0.08,-0.23,-12.09,12.09
23.545,0.08,-0.23,-12.09,12.09
23.555,0.08,-0.23,-12.09,12.09
23.565,0.08,-0.23,-12.09,12.09
23.575,0.08,-0.23,-12.09,12.09
23.585,0.08,-0.23,-12.09,12.09
23.595,0.08,-0.23,-12.09,12.09
23.605,0.08,-0.23,-12.09,12.09
23.615,0.08,-0.23,-12.09,12.09
23.625,0.08,-0.23,-12.09,12.09
23.635,0.08,-0.23,-12.09,12.09
23.645,0.08,-0.23,-12.09,12.09
23.655,0.08,-0.23,-12.09,12.09
23.665,0.08,-0.23,-12.09,12.09
23.675,0.08,-0.23,-12.09,12.09
23.685,0.08,-0.23,-12.09,12.09
23.695,0.08,-0.23,-12.09,12.09
23.705,0.08,-0.23,-12.09,12.09
23.715,0.08,-0.23,-12.09,12.09
23.725,0.08,-0.23,-12.09,12.09
23.735,0.08,-0.23,-12.09,12.09
23.745,0.08,-0.23,-12.09,12.09
23.755,0.08,-0.23,-12.09,12.09
23.765,0.08,-0.23,-12.09,12.09
23.775,0.08,-0.23,-12.09,12.09
23.785,0.08,-0.23,-12.09,12.09
23.795,0.08,-0.23,-12.09,12.09
23.805,0.08,-0.23,-12.09,12.09
23.815,0.08,-0.23,-12.09,12.09
23.825,0.08,-0.23,-12.09,12.09
23.835,0.08,-0.23,-12.09,12.09
23.845,0.08,-0.23,-12.09,12.09
23.855,0.08,-0.23,-12.09,12.09
23.865,0.08,-0.23,-12.09,12.09
23.875,0.08,-0.23,-12.09,12.09
23.885,0.08,-0.23,-12.09,12.09
23.895,0.08,-0.23,-12.09,12.09
23.905,0.08,-0.23,-12.09,12.09
23.915,0.08,-0.23,-12.09,12.09
23.925,0.08,-0.23,-12.09,12.09
23.935,0.08,-0.23,-12.09,12.09
23.945,0.08,-0.23,-12.09,12.09
23.955,0.08,-0.23,-12.09,12.09
23.965,0.08,-0.23,-12.09,12.09
23.975,0.08,-0.23,-12.09,12.09
23.985,0.08,-0.23,-12.09,12.09
23.995,0.08,-0.23,-12.09,12.09
24.005,0.08,-0.23,-12.09,12.09
24.015,0.08,-0.23,-12.09,12.09
24.025,0.08,-0.23,-12.09,12.09
24.035,0.08,-0.23,-12.09,12.09
24.045,0.08,-0.23,-12.09,12.09
24.055,0.08,-0.23,-12.09,12.09
24.065,0.08,-0.23,-12.09,12.09
24.075,0.08,-0.23,-12.09,12.09
24.085,0.08,-0.23,-12.09,12.09
24.095,0.08,-0.23,-12.09,12.09
24.105,0.08,-0.23,-12.09,12.09
24.115,0.08,-0.23,-12.09,12.09
24.125,0.08,-0.23,-12.09,12.09
24.135,0.08,-0.23,-12.09,12.09
24.145,0.08,-0.23,-12.09,12.09
24.155,0.08,-0.23,-12.09,12.09
24.165,0.08,-0.23,-12.09,12.09
24.175,0.08,-0.23,-12.09,12.09
24.185,0.08,-0.23,-12.09,12.09
24.195,0.08,-0.23,-12.09,12.09
24.205,0.08,-0.23,-12.09,12.09
24.215,0.08,-0.23,-12.09,12.09
24.225,0.08,-0.23,-12.09,12.09
24.235,0.08,-0.23,-12.09,12.09
24.245,0.08,-0.23,-12.09,12.09
24.255,0.08,-0.23,-12.09,12.09
24.265,0.08,-0.23,-12.09,12.09
24.275,0.08,-0.23,-12.09,12.09
24.285,0.08,-0.23,-12.09,12.09
24.295,0.08,-0.23,-12.09,12.09
24.305,0.08,-0.23,-12.09,12.09
24.315,0.08,-0.23,-12.09,12.09
24.325,0.08,-0.23,-12.09,12.09
24.335,0.08,-0.23,-12.09,12.09
24.345,0.08,-0.23,-12.09,12.09
24.355,0.08,-0.23,-12.09,12.09
24.365,0.08,-0.23,-12.09,12.09
24.375,0.08,-0.23,-12.09,12.09
24.385,0.08,-0.23,-12.09,12.09
24.395,0.08,-0.23,-12.09,12.09
24.405,0.08,-0.23,-12.09,12.09
24.415,0.08,-0.23,-12.09,12.09
24.425,0.08,-0.23,-12.09,12.09
24.435,0.08,-0.23,-12.09,12.09
24.445,0.08,-0.23,-12.09,12.09
24.455,0.08,-0.23,-12.09,12.09
24.465,0.08,-0.23,-12.09,12.09
24.475,0.08,-0.23,-12.09,12.09
24.485,0.08,-0.23,-12.09,12.09
24.495,0.08,-0.23,-12.09,12.09
24.505,0.08,-0.23,-12.09,12.09
24.515,0.08,-0.23,-12.09,12.09
24.525,0.08,-0.23,-12.09,12.09
24.535,0.08,-0.23,-12.09,12.09
24.545,0.08,-0.23,-12.09,12.09
24.555,0.08,-0.23,-12.09,12.09
24.565,0.08,-0.23,-12.09,12.09
24.575,0.08,-0.23,-12.09,12.09
24.585,0.08,-0.23,-12.09,12.09
24.595,0.08,-0.23,-12.09,12.09
24.605,0.08,-0.23,-12.09,12.09
24.615,0.08,-0.23,-12.09,12.09
24.625,0.08,-0.23,-12.09,12.09
24.635,0.08,-0.23,-12.09,12.09
24.645,0.08,-0.23,-12.09,12.09
24.655,0.08,-0.23,-12.09,12.09
24.665,0.08,-0.23,-12.09,12.09
24.675,0.08,-0.23,-12.09,12.09
24.685,0.08,-0.23,-12.09,12.09
24.695,0.08,-0.23,-12.09,12.09
24.705,0.08,-0.23,-12.09,12.09
24.715,0.08,-0.23,-12.09,12.09
24.725,0.08,-0.23,-12.09,12.09
24.735,0.08,-0.23,-12.09,12.09
24.745,0.08,-0.23,-12.09,12.09
24.755,0.08,-0.23,-12.09,12.09
24.765,0.08,-0.23,-12.09,12.09
24.775,0.08,-0.23,-12.09,12.09
24.785,0.08,-0.23,-12.09,12.09
24.795,0.08,-0.23,-12.09,12.09
24.805,0.08,-0.23,-12.09,12.09
24.815,0.08,-0.23,-12.09,12.09
24.825,0.08,-0.23,-12.09,12.09
24.835,0.08,-0.23,-12.09,12.09
24.845,0.08,-0.23,-12.09,12.09
24.855,0.08,-0.23,-12.09,12.09
24.865,0.08,-0.23,-12.09,12.09
24.875,0.08,-0.23,-12.09,12.09
24.885,0.08,-0.23,-12.09,12.09
24.895,0.08,-0.23,-12.09,12.09
24.905,0.08,-0.23,-12.09,12.09
24.915,0.08,-0.23,-12.09,12.09
24.925,0.08,-0.23,-12.09,12.09
24.935,0.08,-0.23,-12.09,12.09
24.945,0.08,-0.23,-12.09,12.09
24.955,0.08,-0.23,-12.09,12.09
24.965,0.08,-0.23,-12.09,12.09
24.975,0.08,-0.23,-12.09,12.09
24.985,0.08,-0.23,-12.09,12.09
24.995,0.08,-0.23,-12.09,12.09
25.005,0.08,-0.23,-12.09,12.09
25.015,0.08,-0.23,-12.09,12.09
25.025,0.08,-0.23,-12.09,12.09
25.035,0.08,-0.23,-12.09,12.09
25.045,0.08,-0.23,-12.09,12.09
25.055,0.08,-0.23,-12.09,12.09
25.065,0.08,-0.23,-12.09,12.09
25.075,0.08,-0.23,-12.09,12.09
25.085,0.08,-0.23,-12.09,12.09
25.095,0.08,-0.23,-12.09,12.09
25.105,0.08,-0.23,-12.09,12.09
25.115,0.08,-0.23,-12.09,12.09
25.125,0.08,-0.23,-12.09,12.09
25.135,0.08,-0.23,-12.09,12.09
25.145,0.08,-0.23,-12.09,12.09
25.155,0.08,-0.23,-12.09,12.09
25.165,0.08,-0.23,-12.09,12.09
25.175,0.08,-0.23,-12.09,12.09
25.185,0.08,-0.23,-12.09,12.09
25.195,0.08,-0.23,-12.09,12.09
25.205,0.08,-0.23,-12.09,12.09
25.215,0.08,-0.23,-12.09,12.09
25.225,0.08,-0.23,-12.09,12.09
25.235,0.08,-0.23,-12.09,12.09
25.245,0.08,-0.23,-12.09,12.09
25.255,0.08,-0.23,-12.09,12.09
25.265,0.08,-0.23,-12.09,12.09
25.275,0.08,-0.23,-12.09,12.09
25.285,0.08,-0.23,-12.09,12.09
25.295,0.08,-0.23,-12.09,12.09
25.305,0.08,-0.23,-12.09,12.09
25.315,0.08,-0.23,-12.09,12.09
25.325,0.08,-0.23,-12.09,12.09
25.335,0.08,-0.23,-12.09,12.09
25.345,0.08,-0.23,-12.09,12.09
25.355,0.08,-0.23,-12.09,12.09
25.365,0.08,-0.23,-12.09,12.09
25.375,0.08,-0.23,-12.09,12.09
25.385,0.08,-0.23,-12.09,12.09
25.395,0.08,-0.23,-12.09,12.09
25.405,0.08,-0.23,-12.09,12.09
25.415,0.08,-0.23,-12.09,12.09
25.425,0.08,-0.23,-12.09,12.09
25.435,0.08,-0.23,-12.09,12.09
25.445,0.08,-0.23,-12.09,12.09
25.455,0.08,-0.23,-12.09,12.09
25.465,0.08,-0.23,-12.09,12.09
25.475,0.08,-0.23,-12.09,12.09
25.485,0.08,-0.23,-12.09,12.09
25.495,0.08,-0.23,-12.09,12.09
25.505,0.08,-0.23,-12.09,12.09
25.515,0.08,-0.23,-12.09,12.09
25.525,0.08,-0.23,-12.09,12.09
25.535,0.08,-0.23,-12.09,12.09
25.545,0.08,-0.23,-12.09,12.09
25.555,0.08,-0.23,-12.09,12.09
25.565,0.08,-0.23,-12.09,12.09
25.575,0.08,-0.23,-12.09,12.09
25.585,0.08,-0.23,-12.09,12.09
25.595,0.08,-0.23,-12.09,12.09
25.605,0.08,-0.23,-12.09,12.09
25.615,0.08,-0.23,-12.09,12.09
25.625,0.08,-0.23,-12.09,12.09
25.635,0.08,-0.23,-12.09,12.09
25.645,0.08,-0.23,-12.09,12.09
25.655,0.08,-0.23,-12.09,12.09
25.665,0.08,-0.23,-12.09,12.09
25.675,0.08,-0.23,-12.09,12.09
25.685,0.08,-0.23,-12.09,12.09
25.695,0.08,-0.23,-12.09,12.09
25.705,0.08,-0.23,-12.09,12.09
25.715,0.08,-0.23,-12.09,12.09
25.725,0.08,-0.23,-12.09,12.09
25.735,0.08,-0.23,-12.09,12.09
25.745,0.08,-0.23,-12.09,12.09
25.755,0.08,-0.23,-12.09,12.09
25.765,0.08,-0.23,-12.09,12.09
25.775,0.08,-0.23,-12.09,12.09
25.785,0.08,-0.23,-12.09,12.09
25.795,0.08,-0.23,-12.09,12.09
25.805,0.08,-0.23,-12.09,12.09
25.815,0.08,-0.23,-12.09,12.09
25.825,0.08,-0.23,-12.09,12.09
25.835,0.08,-0.23,-12.09,12.09
25.845,0.08,-0.23,-12.09,12.09
25.855,0.08,-0.23,-12.09,12.09
25.865,0.08,-0.23,-12.09,12.09
25.875,0.08,-0.23,-12.09,12.09
25.885,0.08,-0.23,-12.09,12.09
25.895,0.08,-0.23,-12.09,12.09
25.905,0.08,-0.23,-12.09,12.09
25.915,0.08,-0.23,-12.09,12.09
25.925,0.08,-0.23,-12.09,12.09
25.935,0.08,-0.23,-12.09,12.09
25.945,0.08,-0.23,-12.09,12.09
25.955,0.08,-0.23,-12.09,12.09
25.965,0.08,-0.23,-12.09,12.09
25.975,0.08,-0.23,-12.09,12.09
25.985,0.08,-0.23,-12.09,12.09
25.995,0.08,-0.23,-12.09,12.09
26.005,0.08,-0.23,-12.09,12.09
26.015,0.08,-0.23,-12.09,12.09
26.025,0.08,-0.23,-12.09,12.09
26.035,0.08,-0.23,-12.09,12.09
26.045,0.08,-0.23,-12.09,12.09
26.055,0.08,-0.23,-12.09,12.09
26.065,0.08,-0.23,-12.09,12.09
26.075,0.08,-0.23,-12.09,12.09
26.085,0.08,-0.23,-12.09,12.09
26.095,0.08,-0.23,-12.09,12.09
26.105,0.08,-0.23,-12.09,12.09
26.115,0.08,-0.23,-12.09,12.09
26.125,0.08,-0.23,-12.09,12.09
26.135,0.08,-0.23,-12.09,12.09
26.145,0.08,-0.23,-12.09,12.09
26.155,0.08,-0.23,-12.09,12.09
26.165,0.08,-0.23,-12.09,12.09
26.175,0.08,-0.23,-12.09,12.09
26.185,0.08,-0.23,-12.09,12.09
26.195,0.08,-0.23,-12.09,12.09
26.205,0.08,-0.23,-12.09,12.09
26.215,0.08,-0.23,-12.09,12.09
26.225,0.08,-0.23,-12.09,12.09
26.235,0.08,-0.23,-12.09,12.09
26.245,0.08,-0.23,-12.09,12.09
26.255,0.08,-0.23,-12.09,12.09
26.265,0.08,-0.23,-12.09,12.09
26.275,0.08,-0.23,-12.09,12.09
26.285,0.08,-0.23,-12.09,12.09
26.295,0.08,-0.23,-12.09,12.09
26.305,0.08,-0.23,-12.09,12.09
26.315,0.08,-0.23,-12.09,12.09
26.325,0.08,-0.23,-12.09,12.09
26.335,0.08,-0.23,-12.09,12.09
26.345,0.08,-0.23,-12.09,12.09
26.355,0.08,-0.23,-12.09,12.09
26.365,0.08,-0.23,-12.09,12.09
26.375,0.08,-0.23,-12.09,12.09
26.385,0.08,-0.23,-12.09,12.09
26.395,0.08,-0.23,-12.09,12.09
26.405,0.08,-0.23,-12.09,12.09
26.415,0.08,-0.23,-12.09,12.09
26.425,0.08,-0.23,-12.09,12.09
26.435,0.08,-0.23,-12.09,12.09
26.445,0.08,-0.23,-12.09,12.09
26.455,0.08,-0.23,-12.09,12.09
26.465,0.08,-0.23,-12.09,12.09
26.475,0.08,-0.23,-12.09,12.09
26.485,0.08,-0.23,-12.09,12.09
26.495,0.08,-0.23,-12.09,12.09
26.505,0.08,-0.23,-12.09,12.09
26.515,0.08,-0.23,-12.09,12.09
26.525,0.08,-0.23,-12.09,12.09
26.535,0.08,-0.23,-12.09,12.09
26.545,0.08,-0.23,-12.09,12.09
26.555,0.08,-0.23,-12.09,12.09
26.565,0.08,-0.23,-12.09,12.09
26.575,0.08,-0.23,-12.09,12.09
26.585,0.08,-0.23,-12.09,12.09
26.595,0.08,-0.23,-12.09,12.09
26.605,0.08,-0.23,-12.09,12.09
26.615,0.08,-0.23,-12.09,12.09
26.625,0.08,-0.23,-12.09,12.09
26.635,0.08,-0.23,-12.09,12.09
26.645,0.08,-0.23,-12.09,12.09
26.655,0.08,-0.23,-12.09,12.09
26.665,0.08,-0.23,-12.09,12.09
26.675,0.08,-0.23,-12.09,12.09
26.685,0.08,-0.23,-12.09,12.09
26.695,0.08,-0.23,-12.09,12.09
26.705,0.08,-0.23,-12.09,12.09
26.715,0.08,-0.23,-12.09,12.09
26.725,0.08,-0.23,-12.09,12.09
26.735,0.08,-0.23,-12.09,12.09
26.745,0.08,-0.23,-12.09,12.09
26.755,0.08,-0.23,-12.09,12.09
26.765,0.08,-0.23,-12.09,12.09
26.775,0.08,-0.23,-12.09,12.09
26.785,0.08,-0.23,-12.09,12.09
26.795,0.08,-0.23,-12.09,12.09
26.805,0.08,-0.23,-12.09,12.09
26.815,0.08,-0.23,-12.09,12.09
26.825,0.08,-0.23,-12.09,12.09
26.835,0.08,-0.23,-12.09,12.09
26.845,0.08,-0.23,-12.09,12.09
26.855,0.08,-0.23,-12.09,12.09
26.865,0.08,-0.23,-12.09,12.09
26.875,0.08,-0.23,-12.09,12.09
26.885,0.08,-0.23,-12.09,12.09
26.895,0.08,-0.23,-12.09,12.09
26.905,0.08,-0.23,-12.09,12.09
26.915,0.08,-0.23,-12.09,12.09
26.925,0.08,-0.23,-12.09,12.09
26.935,0.08,-0.23,-12.09,12.09
26.945,0.08,-0.23,-12.09,12.09
26.955,0.08,-0.23,-12.09,12.09
26.965,0.08,-0.23,-12.09,12.09
26.975,0.08,-0.23,-12.09,12.09
26.985,0.08,-0.23,-12.09,12.09
26.995,0.08,-0.23,-12.09,12.09
27.005,0.08,-0.23,-12.09,12.09
27.015,0.08,-0.23,-12.09,12.09
27.025,0.08,-0.23,-12.09,12.09
27.035,0.08,-0.23,-12.09,12.09
27.045,0.08,-0.23,-12.09,12.09
27.055,0.08,-0.23,-12.09,12.09
27.065,0.08,-0.23,-12.09,12.09
27.075,0.08,-0.23,-12.09,12.09
27.085,0.08,-0.23,-12.09,12.09
27.095,0.08,-0.23,-12.09,12.09
27.105,0.08,-0.23,-12.09,12.09
27.115,0.08,-0.23,-12.09,12.09
27.125,0.08,-0.23,-12.09,12.09
27.135,0.08,-0.23,-12.09,12.09
27.145,0.08,-0.23,-12.09,12.09
27.155,0.08,-0.23,-12.09,12.09
27.165,0.08,-0.23,-12.09,12.09
27.175,0.08,-0.23,-12.09,12.09
27.185,0.08,-0.23,-12.09,12.09
27.195,0.08,-0.23,-12.09,12.09
27.205,0.08,-0.23,-12.09,12.09
27.215,0.08,-0.23,-12.09,12.09
27.225,0.08,-0.23,-12.09,12.09
27.235,0.08,-0.23,-12.09,12.09
27.245,0.08,-0.23,-12.09,12.09
27.255,0.08,-0.23,-12.09,12.09
27.265,0.08,-0.23,-12.09,12.09
27.275,0.08,-0.23,-12.09,12.09
27.285,0.08,-0.23,-12.09,12.09
27.295,0.08,-0.23,-12.09,12.09
27.305,0.08,-0.23,-12.09,12.09
27.315,0.08,-0.23,-12.09,12.09
27.325,0.08,-0.23,-12.09,12.09
27.335,0.08,-0.23,-12.09,12.09
27.345,0.08,-0.23,-12.09,12.09
27.355,0.08,-0.23,-12.09,12.09
27.365,0.08,-0.23,-12.09,12.09
27.375,0.08,-0.23,-12.09,12.09
27.385,0.08,-0.23,-12.09,12.09
27.395,0.08,-0.23,-12.09,12.09
27.405,0.08,-0.23,-12.09,12.09
27.415,0.08,-0.23,-12.09,12.09
27.425,0.08,-0.23,-12.09,12.09
27.435,0.08,-0.23,-12.09,12.09
27.445,0.08,-0.23,-12.09,12.09
27.455,0.08,-0.23,-12.09,12.09
27.465,0.08,-0.23,-12.09,12.09
27.475,0.08,-0.23,-12.09,12.09
27.485,0.08,-0.23,-12.09,12.09
27.495,0.08,-0.23,-12.09,12.09
27.505,0.08,-0.23,-12.09,12.09
27.515,0.08,-0.23,-12.09,12.09
27.525,0.08,-0.23,-12.09,12.09
27.535,0.08,-0.23,-12.09,12.09
27.545,0.08,-0.23,-12.09,12.09
27.555,0.08,-0.23,-12.09,12.09
27.565,0.08,-0.23,-12.09,12.09
27.575,0.08,-0.23,-12.09,12.09
27.585,0.08,-0.23,-12.09,12.09
27.595,0.08,-0.23,-12.09,12.09
27.605,0.08,-0.23,-12.09,12.09
27.615,0.08,-0.23,-12.09,12.09
27.625,0.08,-0.23,-12.09,12.09
27.635,0.08,-0.23,-12.09,12.09
27.645,0.08,-0.23,-12.09,12.09
27.655,0.08,-0.23,-12.09,12.09
27.665,0.08,-0.23,-12.09,12.09
27.675,0.08,-0.23,-12.09,12.09
27.685,0.08,-0.23,-12.09,12.09
27.695,0.08,-0.23,-12.09,12.09
27.705,0.08,-0.23,-12.09,12.09
27.715,0.08,-0.23,-12.09,12.09
27.725,0.08,-0.23,-12.09,12.09
27.735,0.08,-0.23,-12.09,12.09
27.745,0.08,-0.23,-12.09,12.09
27.755,0.08,-0.23,-12.09,12.09
27.765,0.08,-0.23,-12.09,12.09
27.775,0.08,-0.23,-12.09,12.09
27.785,0.08,-0.23,-12.09,12.09
27.795,0.08,-0.23,-12.09,12.09
27.805,0.08,-0.23,-12.09,12.09
27.815,0.08,-0.23,-12.09,12.09
27.825,0.08,-0.23,-12.09,12.09
27.835,0.08,-0.23,-12.09,12.09
27.845,0.08,-0.23,-12.09,12.09
27.855,0.08,-0.23,-12.09,12.09
27.865,0.08,-0.23,-12.09,12.09
27.875,0.08,-0.23,-12.09,12.09
27.885,0.08,-0.23,-12.09,12.09
27.895,0.08,-0.23,-12.09,12.09
27.905,0.08,-0.23,-12.09,12.09
27.915,0.08,-0.23,-12.09,12.09
27.925,0.08,-0.23,-12.09,12.09
27.935,0.08,-0.23,-12.09,12.09
27.945,0.08,-0.23,-12.09,12.09
27.955,0.08,-0.23,-12.09,12.09
27.965,0.08,-0.23,-12.09,12.09
27.975,0.08,-0.23,-12.09,12.09
27.985,0.08,-0.23,-12.09,12.09
27.995,0.08,-0.23,-12.09,12.09
28.005,0.08,-0.23,-12.09,12.09
28.015,0.08,-0.23,-12.09,12.09
28.025,0.08,-0.23,-12.09,12.09
28.035,0.08,-0.23,-12.09,12.09
28.045,0.08,-0.23,-12.09,12.09
28.055,0.08,-0.23,-12.09,12.09
28.065,0.08,-0.23,-12.09,12.09
28.075,0.08,-0.23,-12.09,12.09
28.085,0.08,-0.23,-12.09,12.09
28.095,0.08,-0.23,-12.09,12.09
28.105,0.08,-0.23,-12.09,12.09
28.115,0.08,-0.23,-12.09,12.09
28.125,0.08,-0.23,-12.09,12.09
28.135,0.08,-0.23,-12.09,12.09
28.145,0.08,-0.23,-12.09,12.09
28.155,0.08,-0.23,-12.09,12.09
28.165,0.08,-0.23,-12.09,12.09
28.175,0.08,-0.23,-12.09,12.09
28.185,0.08,-0.23,-12.09,12.09
28.195,0.08,-0.23,-12.09,12.09
28.205,0.08,-0.23,-12.09,12.09
28.215,0.08,-0.23,-12.09,12.09
28.225,0.08,-0.23,-12.09,12.09
28.235,0.08,-0.23,-12.09,12.09
28.245,0.08,-0.23,-12.09,12.09
28.255,0.08,-0.23,-12.09,12.09
28.265,0.08,-0.23,-12.09,12.09
28.275,0.08,-0.23,-12.09,12.09
28.285,0.08,-0.23,-12.09,12.09
28.295,0.08,-0.23,-12.09,12.09
28.305,0.08,-0.23,-12.09,12.09
28.315,0.08,-0.23,-12.09,12.09
28.325,0.08,-0.23,-12.09,12.09
28.335,0.08,-0.23,-12.09,12.09
28.345,0.08,-0.23,-12.09,12.09
28.355,0.08,-0.23,-12.09,12.09
28.365,0.08,-0.23,-12.09,12.09
28.375,0.08,-0.23,-12.09,12.09
28.385,0.08,-0.23,-12.09,12.09
28.395,0.08,-0.23,-12.09,12.09
28.405,0.08,-0.23,-12.09,12.09
28.415,0.08,-0.23,-12.09,12.09
28.425,0.08,-0.23,-12.09,12.09
28.435,0.08,-0.23,-12.09,12.09
28.445,0.08,-0.23,-12.09,12.09
28.455,0.08,-0.23,-12.09,12.09
28.465,0.08,-0.23,-12.09,12.09
28.475,0.08,-0.23,-12.09,12.09
28.485,0.08,-0.23,-12.09,12.09
28.495,0.08,-0.23,-12.09,12.09
28.505,0.08,-0.23,-12.09,12.09
28.515,0.08,-0.23,-12.09,12.09
28.525,0.08,-0.23,-12.09,12.09
28.535,0.08,-0.23,-12.09,12.09
28.545,0.08,-0.23,-12.09,12.09
28.555,0.08,-0.23,-12.09,12.09
28.565,0.08,-0.23,-12.09,12.09
28.575,0.08,-0.23,-12.09,12.09
28.585,0.08,-0.23,-12.09,12.09
28.595,0.08,-0.23,-12.09,12.09
28.605,0.08,-0.23,-12.09,12.09
28.615,0.08,-0.23,-12.09,12.09
28.625,0.08,-0.23,-12.09,12.09
28.635,0.08,-0.23,-12.09,12.09
28.645,0.08,-0.23,-12.09,12.09
28.655,0.08,-0.23,-12.09,12.09
28.665,0.08,-0.23,-12.09,12.09
28.675,0.08,-0.23,-12.09,12.09
28.685,0.08,-0.23,-12.09,12.09
28.695,0.08,-0.23,-12.09,12.09
28.705,0.08,-0.23,-12.09,12.09
28.715,0.08,-0.23,-12.09,12.09
28.725,0.08,-0.23,-12.09,12.09
28.735,0.08,-0.23,-12.09,12.09
28.745,0.08,-0.23,-12.09,12.09
28.755,0.08,-0.23,-12.09,12.09
28.765,0.08,-0.23,-12.09,12.09
28.775,0.08,-0.23,-12.09,12.09
28.785,0.08,-0.23,-12.09,12.09
28.795,0.08,-0.23,-12.09,12.09
28.805,0.08,-0.23,-12.09,12.09
28.815,0.08,-0.23,-12.09,12.09
28.825,0.08,-0.23,-12.09,12.09
28.835,0.08,-0.23,-12.09,12.09
28.845,0.08,-0.23,-12.09,12.09
28.855,0.08,-0.23,-12.09,12.09
28.865,0.08,-0.23,-12.09,12.09
28.875,0.08,-0.23,-12.09,12.09
28.885,0.08,-0.23,-12.09,12.09
28.895,0.08,-0.23,-12.09,12.09
28.905,0.08,-0.23,-12.09,12.09
28.915,0.08,-0.23,-12.09,12.09
28.925,0.08,-0.23,-12.09,12.09
28.935,0.08,-0.23,-12.09,12.09
28.945,0.08,-0.23,-12.09,12.09
28.955,0.08,-0.23,-12.09,12.09
28.965,0.08,-0.23,-12.09,12.09
28.975,0.08,-0.23,-12.09,12.09
28.985,0.08,-0.23,-12.09,12.09
28.995,0.08,-0.23,-12.09,12.09
29.005,0.08,-0.23,-12.09,12.09
29.015,0.08,-0.23,-12.09,12.09
29.025,0.08,-0.23,-12.09,12.09
29.035,0.08,-0.23,-12.09,12.09
29.045,0.08,-0.23,-12.09,12.09
29.055,0.08,-0.23,-12.09,12.09
29.065,0.08,-0.23,-12.09,12.09
29.075,0.08,-0.23,-12.09,12.09
29.085,0.08,-0.23,-12.09,12.09
29.095,0.08,-0.23,-12.09,12.09
29.105,0.08,-0.23,-12.09,12.09
29.115,0.08,-0.23,-12.09,12.09
29.125,0.08,-0.23,-12.09,12.09
29.135,0.08,-0.23,-12.09,12.09
29.145,0.08,-0.23,-12.09,12.09
29.155,0.08,-0.23,-12.09,12.09
29.165,0.08,-0.23,-12.09,12.09
29.175,0.08,-0.23,-12.09,12.09
29.185,0.08,-0.23,-12.09,12.09
29.195,0.08,-0.23,-12.09,12.09
29.205,0.08,-0.23,-12.09,12.09
29.215,0.08,-0.23,-12.09,12.09
29.225,0.08,-0.23,-12.09,12.09
29.235,0.08,-0.23,-12.09,12.09
29.245,0.08,-0.23,-12.09,12.09
29.255,0.08,-0.23,-12.09,12.09
29.265,0.08,-0.23,-12.09,12.09
29.275,0.08,-0.23,-12.09,12.09
29.285,0.08,-0.23,-12.09,12.09
29.295,0.08,-0.23,-12.09,12.09
29.305,0.08,-0.23,-12.09,12.09
29.315,0.08,-0.23,-12.09,12.09
29.325,0.08,-0.23,-12.09,12.09
29.335,0.08,-0.23,-12.09,12.09
29.345,0.08,-0.23,-12.09,12.09
29.355,0.08,-0.23,-12.09,12.09
29.365,0.08,-0.23,-12.09,12.09
29.375,0.08,-0.23,-12.09,12.09
29.385,0.08,-0.23,-12.09,12.09
29.395,0.08,-0.23,-12.09,12.09
29.405,0.08,-0.23,-12.09,12.09
29.415,0.08,-0.23,-12.09,12.09
29.425,0.08,-0.23,-12.09,12.09
29.435,0.08,-0.23,-12.09,12.09
29.445,0.08,-0.23,-12.09,12.09
29.455,0.08,-0.23,-12.09,12.09
29.465,0.08,-0.23,-12.09,12.09
29.475,0.08,-0.23,-12.09,12.09
29.485,0.08,-0.23,-12.09,12.09
29.495,0.08,-0.23,-12.09,12.09
29.505,0.08,-0.23,-12.09,12.09
29.515,0.08,-0.23,-12.09,12.09
29.525,0.08,-0.23,-12.09,12.09
29.535,0.08,-0.23,-12.09,12.09
29.545,0.08,-0.23,-12.09,12.09
29.555,0.08,-0.23,-12.09,12.09
29.565,0.08,-0.23,-12.09,12.09
29.575,0.08,-0.23,-12.09,12.09
29.585,0.08,-0.23,-12.09,12.09
29.595,0.08,-0.23,-12.09,12.09
29.605,0.08,-0.23,-12.09,12.09
29.615,0.08,-0.23,-12.09,12.09
29.625,0.08,-0.23,-12.09,12.09
29.635,0.08,-0.23,-12.09,12.09
29.645,0.08,-0.23,-12.09,12.09
29.655,0.08,-0.23,-12.09,12.09
29.665,0.08,-0.23,-12.09,12.09
29.675,0.08,-0.23,-12.09,12.09
29.685,0.08,-0.23,-12.09,12.09
29.695,0.08,-0.23,-12.09,12.09
29.705,0.08,-0.23,-12.09,12.09
29.715,0.08,-0.23,-12.09,12.09
29.725,0.08,-0.23,-12.09,12.09
29.735,0.08,-0.23,-12.09,12.09
29.745,0.08,-0.23,-12.09,12.09
29.755,0.08,-0.23,-12.09,12.09
29.765,0.08,-0.23,-12.09,12.09
29.775,0.08,-0.23,-12.09,12.09
29.785,0.08,-0.23,-12.09,12.09
29.795,0.08,-0.23,-12.09,12.09
29.805,0.08,-0.23,-12.09,12.09
29.815,0.08,-0.23,-12.09,12.09
29.825,0.08,-0.23,-12.09,12.09
29.835,0.08,-0.23,-12.09,12.09
29.845,0.08,-0.23,-12.09,12.09
29.855,0.08,-0.23,-12.09,12.09
29.865,0.08,-0.23,-12.09,12.09
29.875,0.08,-0.23,-12.09,12.09
29.885,0.08,-0.23,-12.09,12.09
29.895,0.08,-0.23,-12.09,12.09
29.905,0.08,-0.23,-12.09,12.09
29.915,0.08,-0.23,-12.09,12.09
29.925,0.08,-0.23,-12.09,12.09
29.935,0.08,-0.23,-12.09,12.09
29.945,0.08,-0.23,-12.09,12.09
29.955,0.08,-0.23,-12.09,12.09
29.965,0.08,-0.23,-12.09,12.09
29.975,0.08,-0.23,-12.09,12.09
29.985,0.08,-0.23,-12.09,12.09
29.995,0.08,-0.23,-12.09,12.09
30.005,0.08,-0.23,-12.09,12.09
30.015,0.08,-0.23,-12.09,12.09
30.025,0.08,-0.23,-12.09,12.09
30.035,0.08,-0.23,-12.09,12.09
30.045,0.08,-0.23,-12.09,12.09
30.055,0.08,-0.23,-12.09,12.09
30.065,0.08,-0.23,-12.09,12.09
30.075,0.08,-0.23,-12.09,12.09
30.085,0.08,-0.23,-12.09,12.09
30.095,0.08,-0.23,-12.09,12.09
30.105,0.08,-0.23,-12.09,12.09
30.115,0.08,-0.23,-12.09,12.09
30.125,0.08,-0.23,-12.09,12.09
30.135,0.08,-0.23,-12.09,12.09
30.145,0.08,-0.23,-12.09,12.09
30.155,0.08,-0.23,-12.09,12.09
30.165,0.08,-0.23,-12.09,12.09
30.175,0.08,-0.23,-12.09,12.09
30.185,0.08,-0.23,-12.09,12.09
30.195,0.08,-0.23,-12.09,12.09
30.205,0.08,-0.23,-12.09,12.09
30.215,0.08,-0.23,-12.09,12.09
30.225,0.08,-0.23,-12.09,12.09
30.235,0.08,-0.23,-12.09,12.09
30.245,0.08,-0.23,-12.09,12.09
30.255,0.08,-0.23,-12.09,12.09
30.265,0.08,-0.23,-12.09,12.09
30.275,0.08,-0.23,-12.09,12.09
30.285,0.08,-0.23,-12.09,12.09
30.295,0.08,-0.23,-12.09,12.09
30.305,0.08,-0.23,-12.09,12.09
30.315,0.08,-0.23,-12.09,12.09
30.325,0.08,-0.23,-12.09,12.09
30.335,0.08,-0.23,-12.09,12.09
30.345,0.08,-0.23,-12.09,12.09
30.355,0.08,-0.23,-12.09,12.09
30.365,0.08,-0.23,-12.09,12.09
30.375,0.08,-0.23,-12.09,12.09
30.385,0.08,-0.23,-12.09,12.09
30.395,0.08,-0.23,-12.09,12.09
30.405,0.08,-0.23,-12.09,12.09
30.415,0.08,-0.23,-12.09,12.09
30.425,0.08,-0.23,-12.09,12.09
30.435,0.08,-0.23,-12.09,12.09
30.445,0.08,-0.23,-12.09,12.09
30.455,0.08,-0.23,-12.09,12.09
30.465,0.08,-0.23,-12.09,12.09
30.475,0.08,-0.23,-12.09,12.09
30.485,0.08,-0.23,-12.09,12.09
30.495,0.08,-0.23,-12.09,12.09
30.505,0.08,-0.23,-12.09,12.09
30.515,0.08,-0.23,-12.09,12.09
30.525,0.08,-0.23,-12.09,12.09
30.535,0.08,-0.23,-12.09,12.09
30.545,0.08,-0.23,-12.09,12.09
30.555,0.08,-0.23,-12.09,12.09
30.565,0.08,-0.23,-12.09,12.09
30.575,0.08,-0.23,-12.09,12.09
30.585,0.08,-0.23,-12.09,12.09
30.595,0.08,-0.23,-12.09,12.09
30.605,0.08,-0.23,-12.09,12.09
30.615,0.08,-0.23,-12.09,12.09
30.625,0.08,-0.23,-12.09,12.09
30.635,0.08,-0.23,-12.09,12.09
30.645,0.08,-0.23,-12.09,12.09
30.655,0.08,-0.23,-12.09,12.09
30.665,0.08,-0.23,-12.09,12.09
30.675,0.08,-0.23,-12.09,12.09
30.685,0.08,-0.23,-12.09,12.09
30.695,0.08,-0.23,-12.09,12.09
30.705,0.08,-0.23,-12.09,12.09
30.715,0.08,-0.23,-12.09,12.09
30.725,0.08,-0.23,-12.09,12.09
30.735,0.08,-0.23,-12.09,12.09
30.745,0.08,-0.23,-12.09,12.09
30.755,0.08,-0.23,-12.09,12.09
30.765,0.08,-0.23,-12.09,12.09
30.775,0.08,-0.23,-12.09,12.09
30.785,0.08,-0.23,-12.09,12.09
30.795,0.08,-0.23,-12.09,12.09
30.805,0.08,-0.23,-12.09,12.09
30.815,0.08,-0.23,-12.09,12.09
30.825,0.08,-0.23,-12.09,12.09
30.835,0.08,-0.23,-12.09,12.09
30.845,0.08,-0.23,-12.09,12.09
30.855,0.08,-0.23,-12.09,12.09
30.865,0.08,-0.23,-12.09,12.09
30.875,0.08,-0.23,-12.09,12.09
30.885,0.08,-0.23,-12.09,12.09
30.895,0.08,-0.23,-12.09,12.09
30.905,0.08,-0.23,-12.09,12.09
30.915,0.08,-0.23,-12.09,12.09
30.925,0.08,-0.23,-12.09,12.09
30.935,0.08,-0.23,-12.09,12.09
30.945,0.08,-0.23,-12.09,12.09
30.955,0.08,-0.23,-12.09,12.09
30.965,0.08,-0.23,-12.09,12.09
30.975,0.08,-0.23,-12.09,12.09
30.985,0.08,-0.23,-12.09,12.09
30.995,0.08,-0.23,-12.09,12.09
31.005,0.08,-0.23,-12.09,12.09
31.015,0.08,-0.23,-12.09,12.09
31.025,0.08,-0.23,-12.09,12.09
31.035,0.08,-0.23,-12.09,12.09
31.045,0.08,-0.23,-12.09,12.09
31.055,0.08,-0.23,-12.09,12.09
31.065,0.08,-0.23,-12.09,12.09
31.075,0.08,-0.23,-12.09,12.09
31.085,0.08,-0.23,-12.09,12.09
31.095,0.08,-0.23,-12.09,12.09
31.105,0.08,-0.23,-12.09,12.09
31.115,0.08,-0.23,-12.09,12.09
31.125,0.08,-0.23,-12.09,12.09
31.135,0.08,-0.23,-12.09,12.09
31.145,0.08,-0.23,-12.09,12.09
31.155,0.08,-0.23,-12.09,12.09
31.165,0.08,-0.23,-12.09,12.09
31.175,0.08,-0.23,-12.09,12.09
31.185,0.08,-0.23,-12.09,12.09
31.195,0.08,-0.23,-12.09,12.09
31.205,0.08,-0.23,-12.09,12.09
31.215,0.08,-0.23,-12.09,12.09
31.225,0.08,-0.23,-12.09,12.09
31.235,0.08,-0.23,-12.09,12.09
31.245,0.08,-0.23,-12.09,12.09
31.255,0.08,-0.23,-12.09,12.09
31.265,0.08,-0.23,-12.09,12.09
31.275,0.08,-0.23,-12.09,12.09
31.285,0.08,-0.23,-12.09,12.09
31.295,0.08,-0.23,-12.09,12.09
31.305,0.08,-0.23,-12.09,12.09
31.315,0.08,-0.23,-12.09,12.09
31.325,0.08,-0.23,-12.09,12.09
31.335,0.08,-0.23,-12.09,12.09
31.345,0.08,-0.23,-12.09,12.09
31.355,0.08,-0.23,-12.09,12.09
31.365,0.08,-0.23,-12.09,12.09
31.375,0.08,-0.23,-12.09,12.09
31.385,0.08,-0.23,-12.09,12.09
31.395,0.08,-0.23,-12.09,12.09
31.405,0.08,-0.23,-12.09,12.09
31.415,0.08,-0.23,-12.09,12.09
31.425,0.08,-0.23,-12.09,12.09
31.435,0.08,-0.23,-12.09,12.09
31.445,0.08,-0.23,-12.09,12.09
31.455,0.08,-0.23,-12.09,12.09
31.465,0.08,-0.23,-12.09,12.09
31.475,0.08,-0.23,-12.09,12.09
31.485,0.08,-0.23,-12.09,12.09
31.495,0.08,-0.23,-12.09,12.09
31.505,0.08,-0.23,-12.09,12.09
31.515,0.08,-0.23,-12.09,12.09
31.525,0.08,-0.23,-12.09,12.09
31.535,0.08,-0.23,-12.09,12.09
31.545,0.08,-0.23,-12.09,12.09
31.555,0.08,-0.23,-12.09,12.09
31.565,0.08,-0.23,-12.09,12.09
31.575,0.08,-0.23,-12.09,12.09
31.585,0.08,-0.23,-12.09,12.09
31.595,0.08,-0.23,-12.09,12.09
31.605,0.08,-0.23,-12.09,12.09
31.615,0.08,-0.23,-12.09,12.09
31.625,0.08,-0.23,-12.09,12.09
31.635,0.08,-0.23,-12.09,12.09
31.645,0.08,-0.23,-12.09,12.09
31.655,0.08,-0.23,-12.09,12.09
31.665,0.08,-0.23,-12.09,12.09
31.675,0.08,-0.23,-12.09,12.09
31.685,0.08,-0.23,-12.09,12.09
31.695,0.08,-0.23,-12.09,12.09
31.705,0.08,-0.23,-12.09,12.09
31.715,0.08,-0.23,-12.09,12.09
31.725,0.08,-0.23,-12.09,12.09
31.735,0.08,-0.23,-12.09,12.09
31.745,0.08,-0.23,-12.09,12.09
31.755,0.08,-0.23,-12.09,12.09
31.765,0.08,-0.23,-12.09,12.09
31.775,0.08,-0.23,-12.09,12.09
31.785,0.08,-0.23,-12.09,12.09
31.795,0.08,-0.23,-12.09,12.09
31.805,0.08,-0.23,-12.09,12.09
31.815,0.08,-0.23,-12.09,12.09
31.825,0.08,-0.23,-12.09,12.09
31.835,0.08,-0.23,-12.09,12.09
31.845,0.08,-0.23,-12.09,12.09
31.855,0.08,-0.23,-12.09,12.09
31.865,0.08,-0.23,-12.09,12.09
31.875,0.08,-0.23,-12.09,12.09
31.885,0.08,-0.23,-12.09,12.09
31.895,0.08,-0.23,-12.09,12.09
31.905,0.08,-0.23,-12.09,12.09
31.915,0.08,-0.23,-12.09,12.09
31.925,0.08,-0.23,-12.09,12.09
31.935,0.08,-0.23,-12.09,12.09
31.945,0.08,-0.23,-12.09,12.09
31.955,0.08,-0.23,-12.09,12.09
31.965,0.08,-0.23,-12.09,12.09
31.975,0.08,-0.23,-12.09,12.09
31.985,0.08,-0.23,-12.09,12.09
31.995,0.08,-0.23,-12.09,12.09
32.005,0.08,-0.23,-12.09,12.09
32.015,0.08,-0.23,-12.09,12.09
32.025,0.08,-0.23,-12.09,12.09
32.035,0.08,-0.23,-12.09,12.09
32.045,0.08,-0.23,-12.09,12.09
32.055,0.08,-0.23,-12.09,12.09
32.065,0.08,-0.23,-12.09,12.09
32.075,0.08,-0.23,-12.09,12.09
32.085,0.08,-0.23,-12.09,12.09
32.095,0.08,-0.23,-12.09,12.09
32.105,0.08,-0.23,-12.09,12.09
32.115,0.08,-0.23,-12.09,12.09
32.125,0.08,-0.23,-12.09,12.09
32.135,0.08,-0.23,-12.09,12.09
32.145,0.08,-0.23,-12.09,12.09
32.155,0.08,-0.23,-12.09,12.09
32.165,0.08,-0.23,-12.09,12.09
32.175,0.08,-0.23,-12.09,12.09
32.185,0.08,-0.23,-12.09,12.09
32.195,0.08,-0.23,-12.09,12.09
32.205,0.08,-0.23,-12.09,12.09
32.215,0.08,-0.23,-12.09,12.09
32.225,0.08,-0.23,-12.09,12.09
32.235,0.08,-0.23,-12.09,12.09
32.245,0.08,-0.23,-12.09,12.09
32.255,0.08,-0.23,-12.09,12.09
32.265,0.08,-0.23,-12.09,12.09
32.275,0.08,-0.23,-12.09,12.09
32.285,0.08,-0.23,-12.09,12.09
32.295,0.08,-0.23,-12.09,12.09
32.305,0.08,-0.23,-12.09,12.09
32.315,0.08,-0.23,-12.09,12.09
32.325,0.08,-0.23,-12.09,12.09
32.335,0.08,-0.23,-12.09,12.09
32.345,0.08,-0.23,-12.09,12.09
32.355,0.08,-0.23,-12.09,12.09
32.365,0.08,-0.23,-12.09,12.09
32.375,0.08,-0.23,-12.09,12.09
32.385,0.08,-0.23,-12.09,12.09
32.395,0.08,-0.23,-12.09,12.09
32.405,0.08,-0.23,-12.09,12.09
32.415,0.08,-0.23,-12.09,12.09
32.425,0.08,-0.23,-12.09,12.09
32.435,0.08,-0.23,-12.09,12.09
32.445,0.08,-0.23,-12.09,12.09
32.455,0.08,-0.23,-12.09,12.09
32.465,0.08,-0.23,-12.09,12.09
32.475,0.08,-0.23,-12.09,12.09
32.485,0.08,-0.23,-12.09,12.09
32.495,0.08,-0.23,-12.09,12.09
32.505,0.08,-0.23,-12.09,12.09
32.515,0.08,-0.23,-12.09,12.09
32.525,0.08,-0.23,-12.09,12.09
32.535,0.08,-0.23,-12.09,12.09
32.545,0.08,-0.23,-12.09,12.09
32.555,0.08,-0.23,-12.09,12.09
32.565,0.08,-0.23,-12.09,12.09
32.575,0.08,-0.23,-12.09,12.09
32.585,0.08,-0.23,-12.09,12.09
32.595,0.08,-0.23,-12.09,12.09
32.605,0.08,-0.23,-12.09,12.09
32.615,0.08,-0.23,-12.09,12.09
32.625,0.08,-0.23,-12.09,12.09
32.635,0.08,-0.23,-12.09,12.09
32.645,0.08,-0.23,-12.09,12.09
32.655,0.08,-0.23,-12.09,12.09
32.665,0.08,-0.23,-12.09,12.09
32.675,0.08,-0.23,-12.09,12.09
32.685,0.08,-0.23,-12.09,12.09
32.695,0.08,-0.23,-12.09,12.09
32.705,0.08,-0.23,-12.09,12.09
32.715,0.08,-0.23,-12.09,12.09
32.725,0.08,-0.23,-12.09,12.09
32.735,0.08,-0.23,-12.09,12.09
32.745,0.08,-0.23,-12.09,12.09
32.755,0.08,-0.23,-12.09,12.09
32.765,0.08,-0.23,-12.09,12.09
32.775,0.08,-0.23,-12.09,12.09
32.785,0.08,-0.23,-12.09,12.09
32.795,0.08,-0.23,-12.09,12.09
32.805,0.08,-0.23,-12.09,12.09
32.815,0.08,-0.23,-12.09,12.09
32.825,0.08,-0.23,-12.09,12.09
32.835,0.08,-0.23,-12.09,12.09
32.845,0.08,-0.23,-12.09,12.09
32.855,0.08,-0.23,-12.09,12.09
32.865,0.08,-0.23,-12.09,12.09
32.875,0.08,-0.23,-12.09,12.09
32.885,0.08,-0.23,-12.09,12.09
32.895,0.08,-0.23,-12.09,12.09
32.905,0.08,-0.23,-12.09,12.09
32.915,0.08,-0.23,-12.09,12.09
32.925,0.08,-0.23,-12.09,12.09
32.935,0.08,-0.23,-12.09,12.09
32.945,0.08,-0.23,-12.09,12.09
32.955,0.08,-0.23,-12.09,12.09
32.965,0.08,-0.23,-12.09,12.09
32.975,0.08,-0.23,-12.09,12.09
32.985,0.08,-0.23,-12.09,12.09
32.995,0.08,-0.23,-12.09,12.09
33.005,0.08,-0.23,-12.09,12.09
33.015,0.08,-0.23,-12.09,12.09
33.025,0.08,-0.23,-12.09,12.09
33.035,0.08,-0.23,-12.09,12.09
33.045,0.08,-0.23,-12.09,12.09
33.055,0.08,-0.23,-12.09,12.09
33.065,0.08,-0.23,-12.09,12.09
33.075,0.08,-0.23,-12.09,12.09
33.085,0.08,-0.23,-12.09,12.09
33.095,0.08,-0.23,-12.09,12.09
33.105,0.08,-0.23,-12.09,12.09
33.115,0.08,-0.23,-12.09,12.09
33.125,0.08,-0.23,-12.09,12.09
33.135,0.08,-0.23,-12.09,12.09
33.145,0.08,-0.23,-12.09,12.09
33.155,0.08,-0.23,-12.09,12.09
33.165,0.08,-0.23,-12.09,12.09
33.175,0.08,-0.23,-12.09,12.09
33.185,0.08,-0.23,-12.09,12.09
33.195,0.08,-0.23,-12.09,12.09
33.205,0.08,-0.23,-12.09,12.09
33.215,0.08,-0.23,-12.09,12.09
33.225,0.08,-0.23,-12.09,12.09
33.235,0.08,-0.23,-12.09,12.09
33.245,0.08,-0.23,-12.09,12.09
33.255,0.08,-0.23,-12.09,12.09
33.265,0.08,-0.23,-12.09,12.09
33.275,0.08,-0.23,-12.09,12.09
33.285,0.08,-0.23,-12.09,12.09
33.295,0.08,-0.23,-12.09,12.09
33.305,0.08,-0.23,-12.09,12.09
33.315,0.08,-0.23,-12.09,12.09
33.325,0.08,-0.23,-12.09,12.09
33.335,0.08,-0.23,-12.09,12.09
33.345,0.08,-0.23,-12.09,12.09
33.355,0.08,-0.23,-12.09,12.09
33.365,0.08,-0.23,-12.09,12.09
33.375,0.08,-0.23,-12.09,12.09
33.385,0.08,-0.23,-12.09,12.09
33.395,0.08,-0.23,-12.09,12.09
33.405,0.08,-0.23,-12.09,12.09
33.415,0.08,-0.23,-12.09,12.09
33.425,0.08,-0.23,-12.09,12.09
33.435,0.08,-0.23,-12.09,12.09
33.445,0.08,-0.23,-12.09,12.09
33.455,0.08,-0.23,-12.09,12.09
33.465,0.08,-0.23,-12.09,12.09
33.475,0.08,-0.23,-12.09,12.09
33.485,0.08,-0.23,-12.09,12.09
33.495,0.08,-0.23,-12.09,12.09
33.505,0.08,-0.23,-12.09,12.09
33.515,0.08,-0.23,-12.09,12.09
33.525,0.08,-0.23,-12.09,12.09
33.535,0.08,-0.23,-12.09,12.09
33.545,0.08,-0.23,-12.09,12.09
33.555,0.08,-0.23,-12.09,12.09
33.565,0.08,-0.23,-12.09,12.09
33.575,0.08,-0.23,-12.09,12.09
33.585,0.08,-0.23,-12.09,12.09
33.595,0.08,-0.23,-12.09,12.09
33.605,0.08,-0.23,-12.09,12.09
33.615,0.08,-0.23,-12.09,12.09
33.625,0.08,-0.23,-12.09,12.09
33.635,0.08,-0.23,-12.09,12.09
33.645,0.08,-0.23,-12.09,12.09
33.655,0.08,-0.23,-12.09,12.09
33.665,0.08,-0.23,-12.09,12.09
33.675,0.08,-0.23,-12.09,12.09
33.685,0.08,-0.23,-12.09,12.09
33.695,0.08,-0.23,-12.09,12.09
33.705,0.08,-0.23,-12.09,12.09
33.715,0.08,-0.23,-12.09,12.09
33.725,0.08,-0.23,-12.09,12.09
33.735,0.08,-0.23,-12.09,12.09
33.745,0.08,-0.23,-12.09,12.09
33.755,0.08,-0.23,-12.09,12.09
33.765,0.08,-0.23,-12.09,12.09
33.775,0.08,-0.23,-12.09,12.09
33.785,0.08,-0.23,-12.09,12.09
33.795,0.08,-0.23,-12.09,12.09
33.805,0.08,-0.23,-12.09,12.09
33.815,0.08,-0.23,-12.09,12.09
33.825,0.08,-0.23,-12.09,12.09
33.835,0.08,-0.23,-12.09,12.09
33.845,0.08,-0.23,-12.09,12.09
33.855,0.08,-0.23,-12.09,12.09
33.865,0.08,-0.23,-12.09,12.09
33.875,0.08,-0.23,-12.09,12.09
33.885,0.08,-0.23,-12.09,12.09
33.895,0.08,-0.23,-12.09,12.09
33.905,0.08,-0.23,-12.09,12.09
33.915,0.08,-0.23,-12.09,12.09
33.925,0.08,-0.23,-12.09,12.09
33.935,0.08,-0.23,-12.09,12.09
33.945,0.08,-0.23,-12.09,12.09
33.955,0.08,-0.23,-12.09,12.09
33.965,0.08,-0.23,-12.09,12.09
33.975,0.08,-0.23,-12.09,12.09
33.985,0.08,-0.23,-12.09,12.09
33.995,0.08,-0.23,-12.09,12.09
34.005,0.08,-0.23,-12.09,12.09
34.015,0.08,-0.23,-12.09,12.09
34.025,0.08,-0.23,-12.09,12.09
34.035,0.08,-0.23,-12.09,12.09
34.045,0.08,-0.23,-12.09,12.09
34.055,0.08,-0.23,-12.09,12.09
34.065,0.08,-0.23,-12.09,12.09
34.075,0.08,-0.23,-12.09,12.09
34.085,0.08,-0.23,-12.09,12.09
34.095,0.08,-0.23,-12.09,12.09
34.105,0.08,-0.23,-12.09,12.09
34.115,0.08,-0.23,-12.09,12.09
34.125,0.08,-0.23,-12.09,12.09
34.135,0.08,-0.23,-12.09,12.09
34.145,0.08,-0.23,-12.09,12.09
34.155,0.08,-0.23,-12.09,12.09
34.165,0.08,-0.23,-12.09,12.09
34.175,0.08,-0.23,-12.09,12.09
34.185,0.08,-0.23,-12.09,12.09
34.195,0.08,-0.23,-12.09,12.09
34.205,0.08,-0.23,-12.09,12.09
34.215,0.08,-0.23,-12.09,12.09
34.225,0.08,-0.23,-12.09,12.09
34.235,0.08,-0.23,-12.09,12.09
34.245,0.08,-0.23,-12.09,12.09
34.255,0.08,-0.23,-12.09,12.09
34.265,0.08,-0.23,-12.09,12.09
34.275,0.08,-0.23,-12.09,12.09
34.285,0.08,-0.23,-12.09,12.09
34.295,0.08,-0.23,-12.09,12.09
34.305,0.08,-0.23,-12.09,12.09
34.315,0.08,-0.23,-12.09,12.09
34.325,0.08,-0.23,-12.09,12.09
34.335,0.08,-0.23,-12.09,12.09
34.345,0.08,-0.23,-12.09,12.09
34.355,0.08,-0.23,-12.09,12.09
34.365,0.08,-0.23,-12.09,12.09
34.375,0.08,-0.23,-12.09,12.09
34.385,0.08,-0.23,-12.09,12.09
34.395,0.08,-0.23,-12.09,12.09
34.405,0.08,-0.23,-12.09,12.09
34.415,0.08,-0.23,-12.09,12.09
34.425,0.08,-0.23,-12.09,12.09
34.435,0.08,-0.23,-12.09,12.09
34.445,0.08,-0.23,-12.09,12.09
34.455,0.08,-0.23,-12.09,12.09
34.465,0.08,-0.23,-12.09,12.09
34.475,0.08,-0.23,-12.09,12.09
34.485,0.08,-0.23,-12.09,12.09
34.495,0.08,-0.23,-12.09,12.09
34.505,0.08,-0.23,-12.09,12.09
34.515,0.08,-0.23,-12.09,12.09
34.525,0.08,-0.23,-12.09,12.09
34.535,0.08,-0.23,-12.09,12.09
34.545,0.08,-0.23,-12.09,12.09
34.555,0.08,-0.23,-12.09,12.09
34.565,0.08,-0.23,-12.09,12.09
34.575,0.08,-0.23,-12.09,12.09
34.585,0.08,-0.23,-12.09,12.09
34.595,0.08,-0.23,-12.09,12.09
34.605,0.08,-0.23,-12.09,12.09
34.615,0.08,-0.23,-12.09,12.09
34.625,0.08,-0.23,-12.09,12.09
34.635,0.08,-0.23,-12.09,12.09
34.645,0.08,-0.23,-12.09,12.09
34.655,0.08,-0.23,-12.09,12.09
34.665,0.08,-0.23,-12.09,12.09
34.675,0.08,-0.23,-12.09,12.09
34.685,0.08,-0.23,-12.09,12.09
34.695,0.08,-0.23,-12.09,12.09
34.705,0.08,-0.23,-12.09,12.09
34.715,0.08,-0.23,-12.09,12.09
34.725,0.08,-0.23,-12.09,12.09
34.735,0.08,-0.23,-12.09,12.09
34.745,0.08,-0.23,-12.09,12.09
34.755,0.08,-0.23,-12.09,12.09
34.765,0.08,-0.23,-12.09,12.09
34.775,0.08,-0.23,-12.09,12.09
34.785,0.08,-0.23,-12.09,12.09
34.795,0.08,-0.23,-12.09,12.09
34.805,0.08,-0.23,-12.09,12.09
34.815,0.08,-0.23,-12.09,12.09
34.825,0.08,-0.23,-12.09,12.09
34.835,0.08,-0.23,-12.09,12.09
34.845,0.08,-0.23,-12.09,12.09
34.855,0.08,-0.23,-12.09,12.09
34.865,0.08,-0.23,-12.09,12.09
34.875,0.08,-0.23,-12.09,12.09
34.885,0.08,-0.23,-12.09,12.09
34.895,0.08,-0.23,-12.09,12.09
34.905,0.08,-0.23,-12.09,12.09
34.915,0.08,-0.23,-12.09,12.09
34.925,0.08,-0.23,-12.09,12.09
34.935,0.08,-0.23,-12.09,12.09
34.945,0.08,-0.23,-12.09,12.09
34.955,0.08,-0.23,-12.09,12.09
34.965,0.08,-0.23,-12.09,12.09
34.975,0.08,-0.23,-12.09,12.09
34.985,0.08,-0.23,-12.09,12.09
34.995,0.08,-0.23,-12.09,12.09
35.005,0.08,-0.23,-12.09,12.09
35.015,0.08,-0.23,-12.09,12.09
35.025,0.08,-0.23,-12.09,12.09
35.035,0.08,-0.23,-12.09,12.09
35.045,0.08,-0.23,-12.09,12.09
35.055,0.08,-0.23,-12.09,12.09
35.065,0.08,-0.23,-12.09,12.09
35.075,0.08,-0.23,-12.09,12.09
35.085,0.08,-0.23,-12.09,12.09
35.095,0.08,-0.23,-12.09,12.09
35.105,0.08,-0.23,-12.09,12.09
35.115,0.08,-0.23,-12.09,12.09
35.125,0.08,-0.23,-12.09,12.09
35.135,0.08,-0.23,-12.09,12.09
35.145,0.08,-0.23,-12.09,12.09
35.155,0.08,-0.23,-12.09,12.09
35.165,0.08,-0.23,-12.09,12.09
35.175,0.08,-0.23,-12.09,12.09
35.185,0.08,-0.23,-12.09,12.09
35.195,0.08,-0.23,-12.09,12.09
35.205,0.08,-0.23,-12.09,12.09
35.215,0.08,-0.23,-12.09,12.09
35.225,0.08,-0.23,-12.09,12.09
35.235,0.08,-0.23,-12.09,12.09
35.245,0.08,-0.23,-12.09,12.09
35.255,0.08,-0.23,-12.09,12.09
35.265,0.08,-0.23,-12.09,12.09
35.275,0.08,-0.23,-12.09,12.09
35.285,0.08,-0.23,-12.09,12.09
35.295,0.08,-0.23,-12.09,12.09
35.305,0.08,-0.23,-12.09,12.09
35.315,0.08,-0.23,-12.09,12.09
35.325,0.08,-0.23,-12.09,12.09
35.335,0.08,-0.23,-12.09,12.09
35.345,0.08,-0.23,-12.09,12.09
35.355,0.08,-0.23,-12.09,12.09
35.365,0.08,-0.23,-12.09,12.09
35.375,0.08,-0.23,-12.09,12.09
35.385,0.08,-0.23,-12.09,12.09
35.395,0.08,-0.23,-12.09,12.09
35.405,0.08,-0.23,-12.09,12.09
35.415,0.08,-0.23,-12.09,12.09
35.425,0.08,-0.23,-12.09,12.09
35.435,0.08,-0.23,-12.09,12.09
35.445,0.08,-0.23,-12.09,12.09
35.455,0.08,-0.23,-12.09,12.09
35.465,0.08,-0.23,-12.09,12.09
35.475,0.08,-0.23,-12.09,12.09
35.485,0.08,-0.23,-12.09,12.09
35.495,0.08,-0.23,-12.09,12.09
35.505,0.08,-0.23,-12.09,12.09
35.515,0.08,-0.23,-12.09,12.09
35.525,0.08,-0.23,-12.09,12.09
35.535,0.08,-0.23,-12.09,12.09
35.545,0.08,-0.23,-12.09,12.09
35.555,0.08,-0.23,-12.09,12.09
35.565,0.08,-0.23,-12.09,12.09
35.575,0.08,-0.23,-12.09,12.09
35.585,0.08,-0.23,-12.09,12.09
35.595,0.08,-0.23,-12.09,12.09
35.605,0.08,-0.23,-12.09,12.09
35.615,0.08,-0.23,-12.09,12.09
35.625,0.08,-0.23,-12.09,12.09
35.635,0.08,-0.23,-12.09,12.09
35.645,0.08,-0.23,-12.09,12.09
35.655,0.08,-0.23,-12.09,12.09
35.665,0.08,-0.23,-12.09,12.09
35.675,0.08,-0.23,-12.09,12.09
35.685,0.08,-0.23,-12.09,12.09
35.695,0.08,-0.23,-12.09,12.09
35.705,0.08,-0.23,-12.09,12.09
35.715,0.08,-0.23,-12.09,12.09
35.725,0.08,-0.23,-12.09,12.09
35.735,0.08,-0.23,-12.09,12.09
35.745,0.08,-0.23,-12.09,12.09
35.755,0.08,-0.23,-12.09,12.09
35.765,0.08,-0.23,-12.09,12.09
35.775,0.08,-0.23,-12.09,12.09
35.785,0.08,-0.23,-12.09,12.09
35.795,0.08,-0.23,-12.09,12.09
35.805,0.08,-0.23,-12.09,12.09
35.815,0.08,-0.23,-12.09,12.09
35.825,0.08,-0.23,-12.09,12.09
35.835,0.08,-0.23,-12.09,12.09
35.845,0.08,-0.23,-12.09,12.09
35.855,0.08,-0.23,-12.09,12.09
35.865,0.08,-0.23,-12.09,12.09
35.875,0.08,-0.23,-12.09,12.09
35.885,0.08,-0.23,-12.09,12.09
35.895,0.08,-0.23,-12.09,12.09
35.905,0.08,-0.23,-12.09,12.09
35.915,0.08,-0.23,-12.09,12.09
35.925,0.08,-0.23,-12.09,12.09
35.935,0.08,-0.23,-12.09,12.09
35.945,0.08,-0.23,-12.09,12.09
35.955,0.08,-0.23,-12.09,12.09
35.965,0.08,-0.23,-12.09,12.09
35.975,0.08,-0.23,-12.09,12.09
35.985,0.08,-0.23,-12.09,12.09
35.995,0.08,-0.23,-12.09,12.09
36.005,0.08,-0.23,-12.09,12.09
36.015,0.08,-0.23,-12.09,12.09
36.025,0.08,-0.23,-12.09,12.09
36.035,0.08,-0.23,-12.09,12.09
36.045,0.08,-0.23,-12.09,12.09
36.055,0.08,-0.23,-12.09,12.09
36.065,0.08,-0.23,-12.09,12.09
36.075,0.08,-0.23,-12.09,12.09
36.085,0.08,-0.23,-12.09,12.09
36.095,0.08,-0.23,-12.09,12.09
36.105,0.08,-0.23,-12.09,12.09
36.115,0.08,-0.23,-12.09,12.09
36.125,0.08,-0.23,-12.09,12.09
36.135,0.08,-0.23,-12.09,12.09
36.145,0.08,-0.23,-12.09,12.09
36.155,0.08,-0.23,-12.09,12.09
36.165,0.08,-0.23,-12.09,12.09
36.175,0.08,-0.23,-12.09,12.09
36.185,0.08,-0.23,-12.09,12.09
36.195,0.08,-0.23,-12.09,12.09
36.205,0.08,-0.23,-12.09,12.09
36.215,0.08,-0.23,-12.09,12.09
36.225,0.08,-0.23,-12.09,12.09
36.235,0.08,-0.23,-12.09,12.09
36.245,0.08,-0.23,-12.09,12.09
36.255,0.08,-0.23,-12.09,12.09
36.265,0.08,-0.23,-12.09,12.09
36.275,0.08,-0.23,-12.09,12.09
36.285,0.08,-0.23,-12.09,12.09
36.295,0.08,-0.23,-12.09,12.09
36.305,0.08,-0.23,-12.09,12.09
36.315,0.08,-0.23,-12.09,12.09
36.325,0.08,-0.23,-12.09,12.09
36.335,0.08,-0.23,-12.09,12.09
36.345,0.08,-0.23,-12.09,12.09
36.355,0.08,-0.23,-12.09,12.09
36.365,0.08,-0.23,-12.09,12.09
36.375,0.08,-0.23,-12.09,12.09
36.385,0.08,-0.23,-12.09,12.09
36.395,0.08,-0.23,-12.09,12.09
36.405,0.08,-0.23,-12.09,12.09
36.415,0.08,-0.23,-12.09,12.09
36.425,0.08,-0.23,-12.09,12.09
36.435,0.08,-0.23,-12.09,12.09
36.445,0.08,-0.23,-12.09,12.09
36.455,0.08,-0.23,-12.09,12.09
36.465,0.08,-0.23,-12.09,12.09
36.475,0.08,-0.23,-12.09,12.09
36.485,0.08,-0.23,-12.09,12.09
36.495,0.08,-0.23,-12.09,12.09
36.505,0.08,-0.23,-12.09,12.09
36.515,0.08,-0.23,-12.09,12.09
36.525,0.08,-0.23,-12.09,12.09
36.535,0.08,-0.23,-12.09,12.09
36.545,0.08,-0.23,-12.09,12.09
36.555,0.08,-0.23,-12.09,12.09
36.565,0.08,-0.23,-12.09,12.09
36.575,0.08,-0.23,-12.09,12.09
36.585,0.08,-0.23,-12.09,12.09
36.595,0.08,-0.23,-12.09,12.09
36.605,0.08,-0.23,-12.09,12.09
36.615,0.08,-0.23,-12.09,12.09
36.625,0.08,-0.23,-12.09,12.09
36.635,0.08,-0.23,-12.09,12.09
36.645,0.08,-0.23,-12.09,12.09
36.655,0.08,-0.23,-12.09,12.09
36.665,0.08,-0.23,-12.09,12.09
36.675,0.08,-0.23,-12.09,12.09
36.685,0.08,-0.23,-12.09,12.09
36.695,0.08,-0.23,-12.09,12.09
36.705,0.08,-0.23,-12.09,12.09
36.715,0.08,-0.23,-12.09,12.09
36.725,0.08,-0.23,-12.09,12.09
36.735,0.08,-0.23,-12.09,12.09
36.745,0.08,-0.23,-12.09,12.09
36.755,0.08,-0.23,-12.09,12.09
36.765,0.08,-0.23,-12.09,12.09
36.775,0.08,-0.23,-12.09,12.09
36.785,0.08,-0.23,-12.09,12.09
36.795,0.08,-0.23,-12.09,12.09
36.805,0.08,-0.23,-12.09,12.09
36.815,0.08,-0.23,-12.09,12.09
36.825,0.08,-0.23,-12.09,12.09
36.835,0.08,-0.23,-12.09,12.09
36.845,0.08,-0.23,-12.09,12.09
36.855,0.08,-0.23,-12.09,12.09
36.865,0.08,-0.23,-12.09,12.09
36.875,0.08,-0.23,-12.09,12.09
36.885,0.08,-0.23,-12.09,12.09
36.895,0.08,-0.23,-12.09,12.09
36.905,0.08,-0.23,-12.09,12.09
36.915,0.08,-0.23,-12.09,12.09
36.925,0.08,-0.23,-12.09,12.09
36.935,0.08,-0.23,-12.09,12.09
36.945,0.08,-0.23,-12.09,12.09
36.955,0.08,-0.23,-12.09,12.09
36.965,0.08,-0.23,-12.09,12.09
36.975,0.08,-0.23,-12.09,12.09
36.985,0.08,-0.23,-12.09,12.09
36.995,0.08,-0.23,-12.09,12.09
37.005,0.08,-0.23,-12.09,12.09
37.015,0.08,-0.23,-12.09,12.09
37.025,0.08,-0.23,-12.09,12.09
37.035,0.08,-0.23,-12.09,12.09
37.045,0.08,-0.23,-12.09,12.09
37.055,0.08,-0.23,-12.09,12.09
37.065,0.08,-0.23,-12.09,12.09
37.075,0.08,-0.23,-12.09,12.09
37.085,0.08,-0.23,-12.09,12.09
37.095,0.08,-0.23,-12.09,12.09
37.105,0.08,-0.23,-12.09,12.09
37.115,0.08,-0.23,-12.09,12.09
37.125,0.08,-0.23,-12.09,12.09
37.135,0.08,-0.23,-12.09,12.09
37.145,0.08,-0.23,-12.09,12.09
37.155,0.08,-0.23,-12.09,12.09
37.165,0.08,-0.23,-12.09,12.09
37.175,0.08,-0.23,-12.09,12.09
37.185,0.08,-0.23,-12.09,12.09
37.195,0.08,-0.23,-12.09,12.09
37.205,0.08,-0.23,-12.09,12.09
37.215,0.08,-0.23,-12.09,12.09
37.225,0.08,-0.23,-12.09,12.09
37.235,0.08,-0.23,-12.09,12.09
37.245,0.08,-0.23,-12.09,12.09
37.255,0.08,-0.23,-12.09,12.09
37.265,0.08,-0.23,-12.09,12.09
37.275,0.08,-0.23,-12.09,12.09
37.285,0.08,-0.23,-12.09,12.09
37.295,0.08,-0.23,-12.09,12.09
37.305,0.08,-0.23,-12.09,12.09
37.315,0.08,-0.23,-12.09,12.09
37.325,0.08,-0.23,-12.09,12.09
37.335,0.08,-0.23,-12.09,12.09
37.345,0.08,-0.23,-12.09,12.09
37.355,0.08,-0.23,-12.09,12.09
37.365,0.08,-0.23,-12.09,12.09
37.375,0.08,-0.23,-12.09,12.09
37.385,0.08,-0.23,-12.09,12.09
37.395,0.08,-0.23,-12.09,12.09
37.405,0.08,-0.23,-12.09,12.09
37.415,0.08,-0.23,-12.09,12.09
37.425,0.08,-0.23,-12.09,12.09
37.435,0.08,-0.23,-12.09,12.09
37.445,0.08,-0.23,-12.09,12.09
37.455,0.08,-0.23,-12.09,12.09
37.465,0.08,-0.23,-12.09,12.09
37.475,0.08,-0.23,-12.09,12.09
37.485,0.08,-0.23,-12.09,12.09
37.495,0.08,-0.23,-12.09,12.09
37.505,0.08,-0.23,-12.09,12.09
37.515,0.08,-0.23,-12.09,12.09
37.525,0.08,-0.23,-12.09,12.09
37.535,0.08,-0.23,-12.09,12.09
37.545,0.08,-0.23,-12.09,12.09
37.555,0.08,-0.23,-12.09,12.09
37.565,0.08,-0.23,-12.09,12.09
37.575,0.08,-0.23,-12.09,12.09
37.585,0.08,-0.23,-12.09,12.09
37.595,0.08,-0.23,-12.09,12.09
37.605,0.08,-0.23,-12.09,12.09
37.615,0.08,-0.23,-12.09,12.09
37.625,0.08,-0.23,-12.09,12.09
37.635,0.08,-0.23,-12.09,12.09
37.645,0.08,-0.23,-12.09,12.09
37.655,0.08,-0.23,-12.09,12.09
37.665,0.08,-0.23,-12.09,12.09
37.675,0.08,-0.23,-12.09,12.09
37.685,0.08,-0.23,-12.09,12.09
37.695,0.08,-0.23,-12.09,12.09
37.705,0.08,-0.23,-12.09,12.09
37.715,0.08,-0.23,-12.09,12.09
37.725,0.08,-0.23,-12.09,12.09
37.735,0.08,-0.23,-12.09,12.09
37.745,0.08,-0.23,-12.09,12.09
37.755,0.08,-0.23,-12.09,12.09
37.765,0.08,-0.23,-12.09,12.09
37.775,0.08,-0.23,-12.09,12.09
37.785,0.08,-0.23,-12.09,12.09
37.795,0.08,-0.23,-12.09,12.09
37.805,0.08,-0.23,-12.09,12.09
37.815,0.08,-0.23,-12.09,12.09
37.825,0.08,-0.23,-12.09,12.09
37.835,0.08,-0.23,-12.09,12.09
37.845,0.08,-0.23,-12.09,12.09
37.855,0.08,-0.23,-12.09,12.09
37.865,0.08,-0.23,-12.09,12.09
37.875,0.08,-0.23,-12.09,12.09
37.885,0.08,-0.23,-12.09,12.09
37.895,0.08,-0.23,-12.09,12.09
37.905,0.08,-0.23,-12.09,12.09
37.915,0.08,-0.23,-12.09,12.09
37.925,0.08,-0.23,-12.09,12.09
37.935,0.08,-0.23,-12.09,12.09
37.945,0.08,-0.23,-12.09,12.09
37.955,0.08,-0.23,-12.09,12.09
37.965,0.08,-0.23,-12.09,12.09
37.975,0.08,-0.23,-12.09,12.09
37.986,0.08,-0.23,-12.09,12.09
37.995,0.08,-0.23,-12.09,12.09
38.005,0.08,-0.23,-12.09,12.09
38.015,0.08,-0.23,-12.09,12.09
38.025,0.08,-0.23,-12.09,12.09
38.035,0.08,-0.23,-12.09,12.09
38.045,0.08,-0.23,-12.09,12.09
38.055,0.08,-0.23,-12.09,12.09
38.065,0.08,-0.23,-12.09,12.09
38.075,0.08,-0.23,-12.09,12.09
38.085,0.08,-0.23,-12.09,12.09
38.095,0.08,-0.23,-12.09,12.09
38.105,0.08,-0.23,-12.09,12.09
38.115,0.08,-0.23,-12.09,12.09
38.125,0.08,-0.23,-12.09,12.09
38.135,0.08,-0.23,-12.09,12.09
38.145,0.08,-0.23,-12.09,12.09
38.155,0.08,-0.23,-12.09,12.09
38.165,0.08,-0.23,-12.09,12.09
38.175,0.08,-0.23,-12.09,12.09
38.185,0.08,-0.23,-12.09,12.09
38.195,0.08,-0.23,-12.09,12.09
38.205,0.08,-0.23,-12.09,12.09
38.215,0.08,-0.23,-12.09,12.09
38.225,0.08,-0.23,-12.09,12.09
38.235,0.08,-0.23,-12.09,12.09
38.245,0.08,-0.23,-12.09,12.09
38.255,0.08,-0.23,-12.09,12.09
38.265,0.08,-0.23,-12.09,12.09
38.275,0.08,-0.23,-12.09,12.09
38.285,0.08,-0.23,-12.09,12.09
38.295,0.08,-0.23,-12.09,12.09
38.305,0.08,-0.23,-12.09,12.09
38.315,0.08,-0.23,-12.09,12.09
38.325,0.08,-0.23,-12.09,12.09
38.335,0.08,-0.23,-12.09,12.09
38.345,0.08,-0.23,-12.09,12.09
38.355,0.08,-0.23,-12.09,12.09
38.365,0.08,-0.23,-12.09,12.09
38.375,0.08,-0.23,-12.09,12.09
38.385,0.08,-0.23,-12.09,12.09
38.395,0.08,-0.23,-12.09,12.09
38.405,0.08,-0.23,-12.09,12.09
38.415,0.08,-0.23,-12.09,12.09
38.425,0.08,-0.23,-12.09,12.09
38.435,0.08,-0.23,-12.09,12.09
38.445,0.08,-0.23,-12.09,12.09
38.455,0.08,-0.23,-12.09,12.09
38.465,0.08,-0.23,-12.09,12.09
38.475,0.08,-0.23,-12.09,12.09
38.485,0.08,-0.23,-12.09,12.09
38.495,0.08,-0.23,-12.09,12.09
38.505,0.08,-0.23,-12.09,12.09
38.515,0.08,-0.23,-12.09,12.09
38.525,0.08,-0.23,-12.09,12.09
38.535,0.08,-0.23,-12.09,12.09
38.545,0.08,-0.23,-12.09,12.09
38.555,0.08,-0.23,-12.09,12.09
38.565,0.08,-0.23,-12.09,12.09
38.575,0.08,-0.23,-12.09,12.09
38.585,0.08,-0.23,-12.09,12.09
38.595,0.08,-0.23,-12.09,12.09
38.605,0.08,-0.23,-12.09,12.09
38.615,0.08,-0.23,-12.09,12.09
38.625,0.08,-0.23,-12.09,12.09
38.635,0.08,-0.23,-12.09,12.09
38.645,0.08,-0.23,-12.09,12.09
38.655,0.08,-0.23,-12.09,12.09
38.665,0.08,-0.23,-12.09,12.09
38.675,0.08,-0.23,-12.09,12.09
38.685,0.08,-0.23,-12.09,12.09
38.695,0.08,-0.23,-12.09,12.09
38.705,0.08,-0.23,-12.09,12.09
38.715,0.08,-0.23,-12.09,12.09
38.725,0.08,-0.23,-12.09,12.09
38.735,0.08,-0.23,-12.09,12.09
38.745,0.08,-0.23,-12.09,12.09
38.755,0.08,-0.23,-12.09,12.09
38.765,0.08,-0.23,-12.09,12.09
38.775,0.08,-0.23,-12.09,12.09
38.785,0.08,-0.23,-12.09,12.09
38.795,0.08,-0.23,-12.09,12.09
38.805,0.08,-0.23,-12.09,12.09
38.815,0.08,-0.23,-12.09,12.09
38.825,0.08,-0.23,-12.09,12.09
38.835,0.08,-0.23,-12.09,12.09
38.845,0.08,-0.23,-12.09,12.09
38.855,0.08,-0.23,-12.09,12.09
38.865,0.08,-0.23,-12.09,12.09
38.875,0.08,-0.23,-12.09,12.09
38.885,0.08,-0.23,-12.09,12.09
38.895,0.08,-0.23,-12.09,12.09
38.905,0.08,-0.23,-12.09,12.09
38.915,0.08,-0.23,-12.09,12.09
38.925,0.08,-0.23,-12.09,12.09
38.935,0.08,-0.23,-12.09,12.09
38.945,0.08,-0.23,-12.09,12.09
38.955,0.08,-0.23,-12.09,12.09
38.965,0.08,-0.23,-12.09,12.09
38.975,0.08,-0.23,-12.09,12.09
38.985,0.08,-0.23,-12.09,12.09
38.995,0.08,-0.23,-12.09,12.09
39.005,0.08,-0.23,-12.09,12.09
39.015,0.08,-0.23,-12.09,12.09
39.025,0.08,-0.23,-12.09,12.09
39.035,0.08,-0.23,-12.09,12.09
39.045,0.08,-0.23,-12.09,12.09
39.055,0.08,-0.23,-12.09,12.09
39.065,0.08,-0.23,-12.09,12.09
39.075,0.08,-0.23,-12.09,12.09
39.085,0.08,-0.23,-12.09,12.09
39.095,0.08,-0.23,-12.09,12.09
39.105,0.08,-0.23,-12.09,12.09
39.115,0.08,-0.23,-12.09,12.09
39.125,0.08,-0.23,-12.09,12.09
39.135,0.08,-0.23,-12.09,12.09
39.145,0.08,-0.23,-12.09,12.09
39.155,0.08,-0.23,-12.09,12.09
39.165,0.08,-0.23,-12.09,12.09
39.175,0.08,-0.23,-12.09,12.09
39.185,0.08,-0.23,-12.09,12.09
39.195,0.08,-0.23,-12.09,12.09
39.205,0.08,-0.23,-12.09,12.09
39.215,0.08,-0.23,-12.09,12.09
39.225,0.08,-0.23,-12.09,12.09
39.235,0.08,-0.23,-12.09,12.09
39.245,0.08,-0.23,-12.09,12.09
39.255,0.08,-0.23,-12.09,12.09
39.265,0.08,-0.23,-12.09,12.09
39.275,0.08,-0.23,-12.09,12.09
39.285,0.08,-0.23,-12.09,12.09
39.295,0.08,-0.23,-12.09,12.09
39.305,0.08,-0.23,-12.09,12.09
39.315,0.08,-0.23,-12.09,12.09
39.325,0.08,-0.23,-12.09,12.09
39.335,0.08,-0.23,-12.09,12.09
39.345,0.08,-0.23,-12.09,12.09
39.355,0.08,-0.23,-12.09,12.09
39.365,0.08,-0.23,-12.09,12.09
39.375,0.08,-0.23,-12.09,12.09
39.385,0.08,-0.23,-12.09,12.09
39.395,0.08,-0.23,-12.09,12.09
39.405,0.08,-0.23,-12.09,12.09
39.415,0.08,-0.23,-12.09,12.09
39.425,0.08,-0.23,-12.09,12.09
39.435,0.08,-0.23,-12.09,12.09
39.445,0.08,-0.23,-12.09,12.09
39.455,0.08,-0.23,-12.09,12.09
39.465,0.08,-0.23,-12.09,12.09
39.475,0.08,-0.23,-12.09,12.09
39.485,0.08,-0.23,-12.09,12.09
39.495,0.08,-0.23,-12.09,12.09
39.505,0.08,-0.23,-12.09,12.09
39.515,0.08,-0.23,-12.09,12.09
39.525,0.08,-0.23,-12.09,12.09
39.535,0.08,-0.23,-12.09,12.09
39.545,0.08,-0.23,-12.09,12.09
39.555,0.08,-0.23,-12.09,12.09
39.565,0.08,-0.23,-12.09,12.09
39.575,0.08,-0.23,-12.09,12.09
39.585,0.08,-0.23,-12.09,12.09
39.595,0.08,-0.23,-12.09,12.09
39.605,0.08,-0.23,-12.09,12.09
39.615,0.08,-0.23,-12.09,12.09
39.625,0.08,-0.23,-12.09,12.09
39.635,0.08,-0.23,-12.09,12.09
39.645,0.08,-0.23,-12.09,12.09
39.655,0.08,-0.23,-12.09,12.09
39.665,0.08,-0.23,-12.09,12.09
39.675,0.08,-0.23,-12.09,12.09
39.685,0.08,-0.23,-12.09,12.09
39.695,0.08,-0.23,-12.09,12.09
39.705,0.08,-0.23,-12.09,12.09
39.715,0.08,-0.23,-12.09,12.09
39.725,0.08,-0.23,-12.09,12.09
39.735,0.08,-0.23,-12.09,12.09
39.745,0.08,-0.23,-12.09,12.09
39.755,0.08,-0.23,-12.09,12.09
39.765,0.08,-0.23,-12.09,12.09
39.775,0.08,-0.23,-12.09,12.09
39.785,0.08,-0.23,-12.09,12.09
39.795,0.08,-0.23,-12.09,12.09
39.805,0.08,-0.23,-12.09,12.09
39.815,0.08,-0.23,-12.09,12.09
39.825,0.08,-0.23,-12.09,12.09
39.835,0.08,-0.23,-12.09,12.09
39.845,0.08,-0.23,-12.09,12.09
39.855,0.08,-0.23,-12.09,12.09
39.865,0.08,-0.23,-12.09,12.09
39.875,0.08,-0.23,-12.09,12.09
39.885,0.08,-0.23,-12.09,12.09
39.895,0.08,-0.23,-12.09,12.09
39.905,0.08,-0.23,-12.09,12.09
39.915,0.08,-0.23,-12.09,12.09
39.925,0.08,-0.23,-12.09,12.09
39.935,0.08,-0.23,-12.09,12.09
39.945,0.08,-0.23,-12.09,12.09
39.955,0.08,-0.23,-12.09,12.09
39.965,0.08,-0.23,-12.09,12.09
39.975,0.08,-0.23,-12.09,12.09
39.985,0.08,-0.23,-12.09,12.09
39.995,0.08,-0.23,-12.09,12.09
40.005,0.08,-0.23,-12.09,12.09
40.015,0.08,-0.23,-12.09,12.09
40.025,0.08,-0.23,-12.09,12.09
40.035,0.08,-0.23,-12.09,12.09
40.045,0.08,-0.23,-12.09,12.09
40.055,0.08,-0.23,-12.09,12.09
40.065,0.08,-0.23,-12.09,12.09
40.075,0.08,-0.23,-12.09,12.09
40.085,0.08,-0.23,-12.09,12.09
40.095,0.08,-0.23,-12.09,12.09
40.105,0.08,-0.23,-12.09,12.09
40.115,0.08,-0.23,-12.09,12.09
40.125,0.08,-0.23,-12.09,12.09
40.135,0.08,-0.23,-12.09,12.09
40.145,0.08,-0.23,-12.09,12.09
40.155,0.08,-0.23,-12.09,12.09
40.165,0.08,-0.23,-12.09,12.09
40.175,0.08,-0.23,-12.09,12.09
40.185,0.08,-0.23,-12.09,12.09
40.195,0.08,-0.23,-12.09,12.09
40.205,0.08,-0.23,-12.09,12.09
40.215,0.08,-0.23,-12.09,12.09
40.225,0.08,-0.23,-12.09,12.09
40.235,0.08,-0.23,-12.09,12.09
40.245,0.08,-0.23,-12.09,12.09
40.255,0.08,-0.23,-12.09,12.09
40.265,0.08,-0.23,-12.09,12.09
40.275,0.08,-0.23,-12.09,12.09
40.285,0.08,-0.23,-12.09,12.09
40.295,0.08,-0.23,-12.09,12.09
40.305,0.08,-0.23,-12.09,12.09
40.315,0.08,-0.23,-12.09,12.09
40.325,0.08,-0.23,-12.09,12.09
40.335,0.08,-0.23,-12.09,12.09
40.345,0.08,-0.23,-12.09,12.09
40.355,0.08,-0.23,-12.09,12.09
40.365,0.08,-0.23,-12.09,12.09
40.375,0.08,-0.23,-12.09,12.09
40.385,0.08,-0.23,-12.09,12.09
40.395,0.08,-0.23,-12.09,12.09
40.405,0.08,-0.23,-12.09,12.09
40.415,0.08,-0.23,-12.09,12.09
40.425,0.08,-0.23,-12.09,12.09
40.435,0.08,-0.23,-12.09,12.09
40.445,0.08,-0.23,-12.09,12.09
40.455,0.08,-0.23,-12.09,12.09
40.465,0.08,-0.23,-12.09,12.09
40.475,0.08,-0.23,-12.09,12.09
40.485,0.08,-0.23,-12.09,12.09
40.495,0.08,-0.23,-12.09,12.09
40.505,0.08,-0.23,-12.09,12.09
40.515,0.08,-0.23,-12.09,12.09
40.525,0.08,-0.23,-12.09,12.09
40.535,0.08,-0.23,-12.09,12.09
40.545,0.08,-0.23,-12.09,12.09
40.555,0.08,-0.23,-12.09,12.09
40.565,0.08,-0.23,-12.09,12.09
40.575,0.08,-0.23,-12.09,12.09
40.585,0.08,-0.23,-12.09,12.09
40.595,0.08,-0.23,-12.09,12.09
40.605,0.08,-0.23,-12.09,12.09
40.615,0.08,-0.23,-12.09,12.09
40.625,0.08,-0.23,-12.09,12.09
40.635,0.08,-0.23,-12.09,12.09
40.645,0.08,-0.23,-12.09,12.09
40.655,0.08,-0.23,-12.09,12.09
40.665,0.08,-0.23,-12.09,12.09
40.675,0.08,-0.23,-12.09,12.09
40.685,0.08,-0.23,-12.09,12.09
40.695,0.08,-0.23,-12.09,12.09
40.705,0.08,-0.23,-12.09,12.09
40.715,0.08,-0.23,-12.09,12.09
40.725,0.08,-0.23,-12.09,12.09
40.735,0.08,-0.23,-12.09,12.09
40.745,0.08,-0.23,-12.09,12.09
40.755,0.08,-0.23,-12.09,12.09
40.765,0.08,-0.23,-12.09,12.09
40.775,0.08,-0.23,-12.09,12.09
40.785,0.08,-0.23,-12.09,12.09
40.795,0.08,-0.23,-12.09,12.09
40.805,0.08,-0.23,-12.09,12.09
40.815,0.08,-0.23,-12.09,12.09
40.825,0.08,-0.23,-12.09,12.09
40.835,0.08,-0.23,-12.09,12.09
40.845,0.08,-0.23,-12.09,12.09
40.855,0.08,-0.23,-12.09,12.09
40.865,0.08,-0.23,-12.09,12.09
40.875,0.08,-0.23,-12.09,12.09
40.885,0.08,-0.23,-12.09,12.09
40.895,0.08,-0.23,-12.09,12.09
40.905,0.08,-0.23,-12.09,12.09
40.915,0.08,-0.23,-12.09,12.09
40.925,0.08,-0.23,-12.09,12.09
40.935,0.08,-0.23,-12.09,12.09
40.945,0.08,-0.23,-12.09,12.09
40.955,0.08,-0.23,-12.09,12.09
40.965,0.08,-0.23,-12.09,12.09
40.975,0.08,-0.23,-12.09,12.09
40.985,0.08,-0.23,-12.09,12.09
40.995,0.08,-0.23,-12.09,12.09
41.005,0.08,-0.23,-12.09,12.09
41.015,0.08,-0.23,-12.09,12.09
41.025,0.08,-0.23,-12.09,12.09
41.035,0.08,-0.23,-12.09,12.09
41.045,0.08,-0.23,-12.09,12.09
41.055,0.08,-0.23,-12.09,12.09
41.065,0.08,-0.23,-12.09,12.09
41.075,0.08,-0.23,-12.09,12.09
41.085,0.08,-0.23,-12.09,12.09
41.095,0.08,-0.23,-12.09,12.09
41.105,0.08,-0.23,-12.09,12.09
41.115,0.08,-0.23,-12.09,12.09
41.125,0.08,-0.23,-12.09,12.09
41.135,0.08,-0.23,-12.09,12.09
41.145,0.08,-0.23,-12.09,12.09
41.155,0.08,-0.23,-12.09,12.09
41.165,0.08,-0.23,-12.09,12.09
41.175,0.08,-0.23,-12.09,12.09
41.185,0.08,-0.23,-12.09,12.09
41.195,0.08,-0.23,-12.09,12.09
41.205,0.08,-0.23,-12.09,12.09
41.215,0.08,-0.23,-12.09,12.09
41.225,0.08,-0.23,-12.09,12.09
41.235,0.08,-0.23,-12.09,12.09
41.245,0.08,-0.23,-12.09,12.09
41.255,0.08,-0.23,-12.09,12.09
41.265,0.08,-0.23,-12.09,12.09
41.275,0.08,-0.23,-12.09,12.09
41.285,0.08,-0.23,-12.09,12.09
41.295,0.08,-0.23,-12.09,12.09
41.305,0.08,-0.23,-12.09,12.09
41.315,0.08,-0.23,-12.09,12.09
41.325,0.08,-0.23,-12.09,12.09
41.335,0.08,-0.23,-12.09,12.09
41.345,0.08,-0.23,-12.09,12.09
41.355,0.08,-0.23,-12.09,12.09
41.365,0.08,-0.23,-12.09,12.09
41.375,0.08,-0.23,-12.09,12.09
41.385,0.08,-0.23,-12.09,12.09
41.395,0.08,-0.23,-12.09,12.09
41.405,0.08,-0.23,-12.09,12.09
41.415,0.08,-0.23,-12.09,12.09
41.425,0.08,-0.23,-12.09,12.09
41.435,0.08,-0.23,-12.09,12.09
41.445,0.08,-0.23,-12.09,12.09
41.455,0.08,-0.23,-12.09,12.09
41.465,0.08,-0.23,-12.09,12.09
41.475,0.08,-0.23,-12.09,12.09
41.485,0.08,-0.23,-12.09,12.09
41.495,0.08,-0.23,-12.09,12.09
41.505,0.08,-0.23,-12.09,12.09
41.515,0.08,-0.23,-12.09,12.09
41.525,0.08,-0.23,-12.09,12.09
41.535,0.08,-0.23,-12.09,12.09
41.545,0.08,-0.23,-12.09,12.09
41.555,0.08,-0.23,-12.09,12.09
41.565,0.08,-0.23,-12.09,12.09
41.575,0.08,-0.23,-12.09,12.09
41.585,0.08,-0.23,-12.09,12.09
41.595,0.08,-0.23,-12.09,12.09
41.605,0.08,-0.23,-12.09,12.09
41.615,0.08,-0.23,-12.09,12.09
41.625,0.08,-0.23,-12.09,12.09
41.635,0.08,-0.23,-12.09,12.09
41.645,0.08,-0.23,-12.09,12.09
41.655,0.08,-0.23,-12.09,12.09
41.665,0.08,-0.23,-12.09,12.09
41.675,0.08,-0.23,-12.09,12.09
41.685,0.08,-0.23,-12.09,12.09
41.695,0.08,-0.23,-12.09,12.09
41.705,0.08,-0.23,-12.09,12.09
41.715,0.08,-0.23,-12.09,12.09
41.725,0.08,-0.23,-12.09,12.09
41.735,0.08,-0.23,-12.09,12.09
41.745,0.08,-0.23,-12.09,12.09
41.755,0.08,-0.23,-12.09,12.09
41.765,0.08,-0.23,-12.09,12.09
41.775,0.08,-0.23,-12.09,12.09
41.785,0.08,-0.23,-12.09,12.09
41.795,0.08,-0.23,-12.09,12.09
41.805,0.08,-0.23,-12.09,12.09
41.815,0.08,-0.23,-12.09,12.09
41.825,0.08,-0.23,-12.09,12.09
41.835,0.08,-0.23,-12.09,12.09
41.845,0.08,-0.23,-12.09,12.09
41.855,0.08,-0.23,-12.09,12.09
41.865,0.08,-0.23,-12.09,12.09
41.875,0.08,-0.23,-12.09,12.09
41.885,0.08,-0.23,-12.09,12.09
41.895,0.08,-0.23,-12.09,12.09
41.905,0.08,-0.23,-12.09,12.09
41.915,0.08,-0.23,-12.09,12.09
41.925,0.08,-0.23,-12.09,12.09
41.935,0.08,-0.23,-12.09,12.09
41.945,0.08,-0.23,-12.09,12.09
41.955,0.08,-0.23,-12.09,12.09
41.965,0.08,-0.23,-12.09,12.09
41.975,0.08,-0.23,-12.09,12.09
41.985,0.08,-0.23,-12.09,12.09
41.995,0.08,-0.23,-12.09,12.09
42.005,0.08,-0.23,-12.09,12.09
42.015,0.08,-0.23,-12.09,12.09
42.025,0.08,-0.23,-12.09,12.09
42.035,0.08,-0.23,-12.09,12.09
42.045,0.08,-0.23,-12.09,12.09
42.055,0.08,-0.23,-12.09,12.09
42.065,0.08,-0.23,-12.09,12.09
42.075,0.08,-0.23,-12.09,12.09
42.085,0.08,-0.23,-12.09,12.09
42.095,0.08,-0.23,-12.09,12.09
42.105,0.08,-0.23,-12.09,12.09
42.115,0.08,-0.23,-12.09,12.09
42.125,0.08,-0.23,-12.09,12.09
42.135,0.08,-0.23,-12.09,12.09
42.145,0.08,-0.23,-12.09,12.09
42.155,0.08,-0.23,-12.09,12.09
42.165,0.08,-0.23,-12.09,12.09
42.175,0.08,-0.23,-12.09,12.09
42.185,0.08,-0.23,-12.09,12.09
42.195,0.08,-0.23,-12.09,12.09
42.205,0.08,-0.23,-12.09,12.09
42.215,0.08,-0.23,-12.09,12.09
42.225,0.08,-0.23,-12.09,12.09
42.235,0.08,-0.23,-12.09,12.09
42.245,0.08,-0.23,-12.09,12.09
42.255,0.08,-0.23,-12.09,12.09
42.265,0.08,-0.23,-12.09,12.09
42.275,0.08,-0.23,-12.09,12.09
42.285,0.08,-0.23,-12.09,12.09
42.295,0.08,-0.23,-12.09,12.09
42.305,0.08,-0.23,-12.09,12.09
42.315,0.08,-0.23,-12.09,12.09
42.325,0.08,-0.23,-12.09,12.09
42.335,0.08,-0.23,-12.09,12.09
42.345,0.08,-0.23,-12.09,12.09
42.355,0.08,-0.23,-12.09,12.09
42.365,0.08,-0.23,-12.09,12.09
42.375,0.08,-0.23,-12.09,12.09
42.385,0.08,-0.23,-12.09,12.09
42.395,0.08,-0.23,-12.09,12.09
42.405,0.08,-0.23,-12.09,12.09
42.415,0.08,-0.23,-12.09,12.09
42.425,0.08,-0.23,-12.09,12.09
42.435,0.08,-0.23,-12.09,12.09
42.445,0.08,-0.23,-12.09,12.09
42.455,0.08,-0.23,-12.09,12.09
42.465,0.08,-0.23,-12.09,12.09
42.475,0.08,-0.23,-12.09,12.09
42.485,0.08,-0.23,-12.09,12.09
42.495,0.08,-0.23,-12.09,12.09
42.505,0.08,-0.23,-12.09,12.09
42.515,0.08,-0.23,-12.09,12.09
42.525,0.08,-0.23,-12.09,12.09
42.535,0.08,-0.23,-12.09,12.09
42.545,0.08,-0.23,-12.09,12.09
42.555,0.08,-0.23,-12.09,12.09
42.565,0.08,-0.23,-12.09,12.09
42.575,0.08,-0.23,-12.09,12.09
42.585,0.08,-0.23,-12.09,12.09
42.595,0.08,-0.23,-12.09,12.09
42.605,0.08,-0.23,-12.09,12.09
42.615,0.08,-0.23,-12.09,12.09
42.625,0.08,-0.23,-12.09,12.09
42.635,0.08,-0.23,-12.09,12.09
42.645,0.08,-0.23,-12.09,12.09
42.655,0.08,-0.23,-12.09,12.09
42.665,0.08,-0.23,-12.09,12.09
42.675,0.08,-0.23,-12.09,12.09
42.685,0.08,-0.23,-12.09,12.09
42.695,0.08,-0.23,-12.09,12.09
42.705,0.08,-0.23,-12.09,12.09
42.715,0.08,-0.23,-12.09,12.09
42.725,0.08,-0.23,-12.09,12.09
42.735,0.08,-0.23,-12.09,12.09
42.745,0.08,-0.23,-12.09,12.09
42.755,0.08,-0.23,-12.09,12.09
42.765,0.08,-0.23,-12.09,12.09
42.775,0.08,-0.23,-12.09,12.09
42.785,0.08,-0.23,-12.09,12.09
42.795,0.08,-0.23,-12.09,12.09
42.805,0.08,-0.23,-12.09,12.09
42.815,0.08,-0.23,-12.09,12.09
42.825,0.08,-0.23,-12.09,12.09
42.835,0.08,-0.23,-12.09,12.09
42.845,0.08,-0.23,-12.09,12.09
42.855,0.08,-0.23,-12.09,12.09
42.865,0.08,-0.23,-12.09,12.09
42.875,0.08,-0.23,-12.09,12.09
42.885,0.08,-0.23,-12.09,12.09
42.895,0.08,-0.23,-12.09,12.09
42.905,0.08,-0.23,-12.09,12.09
42.915,0.08,-0.23,-12.09,12.09
42.925,0.08,-0.23,-12.09,12.09
42.935,0.08,-0.23,-12.09,12.09
42.945,0.08,-0.23,-12.09,12.09
42.955,0.08,-0.23,-12.09,12.09
42.965,0.08,-0.23,-12.09,12.09
42.975,0.08,-0.23,-12.09,12.09
42.985,0.08,-0.23,-12.09,12.09
42.995,0.08,-0.23,-12.09,12.09
43.005,0.08,-0.23,-12.09,12.09
43.015,0.08,-0.23,-12.09,12.09
43.025,0.08,-0.23,-12.09,12.09
43.035,0.08,-0.23,-12.09,12.09
43.045,0.08,-0.23,-12.09,12.09
43.055,0.08,-0.23,-12.09,12.09
43.065,0.08,-0.23,-12.09,12.09
43.075,0.08,-0.23,-12.09,12.09
43.085,0.08,-0.23,-12.09,12.09
43.095,0.08,-0.23,-12.09,12.09
43.105,0.08,-0.23,-12.09,12.09
43.115,0.08,-0.23,-12.09,12.09
43.125,0.08,-0.23,-12.09,12.09
43.135,0.08,-0.23,-12.09,12.09
43.145,0.08,-0.23,-12.09,12.09
43.155,0.08,-0.23,-12.09,12.09
43.165,0.08,-0.23,-12.09,12.09
43.175,0.08,-0.23,-12.09,12.09
43.185,0.08,-0.23,-12.09,12.09
43.195,0.08,-0.23,-12.09,12.09
43.205,0.08,-0.23,-12.09,12.09
43.215,0.08,-0.23,-12.09,12.09
43.225,0.08,-0.23,-12.09,12.09
43.235,0.08,-0.23,-12.09,12.09
43.245,0.08,-0.23,-12.09,12.09
43.255,0.08,-0.23,-12.09,12.09
43.265,0.08,-0.23,-12.09,12.09
43.275,0.08,-0.23,-12.09,12.09
43.285,0.08,-0.23,-12.09,12.09
43.295,0.08,-0.23,-12.09,12.09
43.305,0.08,-0.23,-12.09,12.09
43.315,0.08,-0.23,-12.09,12.09
43.325,0.08,-0.23,-12.09,12.09
43.335,0.08,-0.23,-12.09,12.09
43.345,0.08,-0.23,-12.09,12.09
43.355,0.08,-0.23,-12.09,12.09
43.365,0.08,-0.23,-12.09,12.09
43.375,0.08,-0.23,-12.09,12.09
43.385,0.08,-0.23,-12.09,12.09
43.395,0.08,-0.23,-12.09,12.09
43.405,0.08,-0.23,-12.09,12.09
43.415,0.08,-0.23,-12.09,12.09
43.425,0.08,-0.23,-12.09,12.09
43.435,0.08,-0.23,-12.09,12.09
43.445,0.08,-0.23,-12.09,12.09
43.455,0.08,-0.23,-12.09,12.09
43.465,0.08,-0.23,-12.09,12.09
43.475,0.08,-0.23,-12.09,12.09
43.485,0.08,-0.23,-12.09,12.09
43.495,0.08,-0.23,-12.09,12.09
43.505,0.08,-0.23,-12.09,12.09
43.515,0.08,-0.23,-12.09,12.09
43.525,0.08,-0.23,-12.09,12.09
43.535,0.08,-0.23,-12.09,12.09
43.545,0.08,-0.23,-12.09,12.09
43.555,0.08,-0.23,-12.09,12.09
43.565,0.08,-0.23,-12.09,12.09
43.575,0.08,-0.23,-12.09,12.09
43.585,0.08,-0.23,-12.09,12.09
43.595,0.08,-0.23,-12.09,12.09
43.605,0.08,-0.23,-12.09,12.09
43.615,0.08,-0.23,-12.09,12.09
43.625,0.08,-0.23,-12.09,12.09
43.635,0.08,-0.23,-12.09,12.09
43.645,0.08,-0.23,-12.09,12.09
43.655,0.08,-0.23,-12.09,12.09
43.665,0.08,-0.23,-12.09,12.09
43.675,0.08,-0.23,-12.09,12.09
43.685,0.08,-0.23,-12.09,12.09
43.695,0.08,-0.23,-12.09,12.09
43.705,0.08,-0.23,-12.09,12.09
43.715,0.08,-0.23,-12.09,12.09
43.725,0.08,-0.23,-12.09,12.09
43.735,0.08,-0.23,-12.09,12.09
43.745,0.08,-0.23,-12.09,12.09
43.755,0.08,-0.23,-12.09,12.09
43.765,0.08,-0.23,-12.09,12.09
43.775,0.08,-0.23,-12.09,12.09
43.785,0.08,-0.23,-12.09,12.09
43.795,0.08,-0.23,-12.09,12.09
43.805,0.08,-0.23,-12.09,12.09
43.815,0.08,-0.23,-12.09,12.09
43.825,0.08,-0.23,-12.09,12.09
43.835,0.08,-0.23,-12.09,12.09
43.845,0.08,-0.23,-12.09,12.09
43.855,0.08,-0.23,-12.09,12.09
43.865,0.08,-0.23,-12.09,12.09
43.875,0.08,-0.23,-12.09,12.09
43.885,0.08,-0.23,-12.09,12.09
43.895,0.08,-0.23,-12.09,12.09
43.905,0.08,-0.23,-12.09,12.09
43.915,0.08,-0.23,-12.09,12.09
43.925,0.08,-0.23,-12.09,12.09
43.935,0.08,-0.23,-12.09,12.09
43.945,0.08,-0.23,-12.09,12.09
43.955,0.08,-0.23,-12.09,12.09
43.965,0.08,-0.23,-12.09,12.09
43.975,0.08,-0.23,-12.09,12.09
43.985,0.08,-0.23,-12.09,12.09
43.995,0.08,-0.23,-12.09,12.09
44.005,0.08,-0.23,-12.09,12.09
44.015,0.08,-0.23,-12.09,12.09
44.025,0.08,-0.23,-12.09,12.09
44.035,0.08,-0.23,-12.09,12.09
44.045,0.08,-0.23,-12.09,12.09
44.055,0.08,-0.23,-12.09,12.09
44.065,0.08,-0.23,-12.09,12.09
44.075,0.08,-0.23,-12.09,12.09
44.085,0.08,-0.23,-12.09,12.09
44.095,0.08,-0.23,-12.09,12.09
44.105,0.08,-0.23,-12.09,12.09
44.115,0.08,-0.23,-12.09,12.09
44.125,0.08,-0.23,-12.09,12.09
44.135,0.08,-0.23,-12.09,12.09
44.145,0.08,-0.23,-12.09,12.09
44.155,0.08,-0.23,-12.09,12.09
44.165,0.08,-0.23,-12.09,12.09
44.175,0.08,-0.23,-12.09,12.09
44.185,0.08,-0.23,-12.09,12.09
44.195,0.08,-0.23,-12.09,12.09
44.205,0.08,-0.23,-12.09,12.09
44.215,0.08,-0.23,-12.09,12.09
44.225,0.08,-0.23,-12.09,12.09
44.235,0.08,-0.23,-12.09,12.09
44.245,0.08,-0.23,-12.09,12.09
44.255,0.08,-0.23,-12.09,12.09
44.265,0.08,-0.23,-12.09,12.09
44.275,0.08,-0.23,-12.09,12.09
44.285,0.08,-0.23,-12.09,12.09
44.295,0.08,-0.23,-12.09,12.09
44.305,0.08,-0.23,-12.09,12.09
44.315,0.08,-0.23,-12.09,12.09
44.325,0.08,-0.23,-12.09,12.09
44.335,0.08,-0.23,-12.09,12.09
44.345,0.08,-0.23,-12.09,12.09
44.355,0.08,-0.23,-12.09,12.09
44.365,0.08,-0.23,-12.09,12.09
44.375,0.08,-0.23,-12.09,12.09
44.385,0.08,-0.23,-12.09,12.09
44.395,0.08,-0.23,-12.09,12.09
44.405,0.08,-0.23,-12.09,12.09
44.415,0.08,-0.23,-12.09,12.09
44.425,0.08,-0.23,-12.09,12.09
44.435,0.08,-0.23,-12.09,12.09
44.445,0.08,-0.23,-12.09,12.09
44.455,0.08,-0.23,-12.09,12.09
44.465,0.08,-0.23,-12.09,12.09
44.475,0.08,-0.23,-12.09,12.09
44.485,0.08,-0.23,-12.09,12.09
44.495,0.08,-0.23,-12.09,12.09
44.505,0.08,-0.23,-12.09,12.09
44.515,0.08,-0.23,-12.09,12.09
44.525,0.08,-0.23,-12.09,12.09
44.535,0.08,-0.23,-12.09,12.09
44.545,0.08,-0.23,-12.09,12.09
44.555,0.08,-0.23,-12.09,12.09
44.565,0.08,-0.23,-12.09,12.09
44.575,0.08,-0.23,-12.09,12.09
44.585,0.08,-0.23,-12.09,12.09
44.595,0.08,-0.23,-12.09,12.09
44.605,0.08,-0.23,-12.09,12.09
44.615,0.08,-0.23,-12.09,12.09
44.625,0.08,-0.23,-12.09,12.09
44.635,0.08,-0.23,-12.09,12.09
44.645,0.08,-0.23,-12.09,12.09
44.655,0.08,-0.23,-12.09,12.09
44.665,0.08,-0.23,-12.09,12.09
44.675,0.08,-0.23,-12.09,12.09
44.685,0.08,-0.23,-12.09,12.09
44.695,0.08,-0.23,-12.09,12.09
44.705,0.08,-0.23,-12.09,12.09
44.715,0.08,-0.23,-12.09,12.09
44.725,0.08,-0.23,-12.09,12.09
44.735,0.08,-0.23,-12.09,12.09
44.745,0.08,-0.23,-12.09,12.09
44.755,0.08,-0.23,-12.09,12.09
44.765,0.08,-0.23,-12.09,12.09
44.775,0.08,-0.23,-12.09,12.09
44.785,0.08,-0.23,-12.09,12.09
44.795,0.08,-0.23,-12.09,12.09
44.805,0.08,-0.23,-12.09,12.09
44.815,0.08,-0.23,-12.09,12.09
44.825,0.08,-0.23,-12.09,12.09
44.835,0.08,-0.23,-12.09,12.09
44.845,0.08,-0.23,-12.09,12.09
44.855,0.08,-0.23,-12.09,12.09
44.865,0.08,-0.23,-12.09,12.09
44.875,0.08,-0.23,-12.09,12.09
44.885,0.08,-0.23,-12.09,12.09
44.895,0.08,-0.23,-12.09,12.09
44.905,0.08,-0.23,-12.09,12.09
44.915,0.08,-0.23,-12.09,12.09
44.925,0.08,-0.23,-12.09,12.09
44.935,0.08,-0.23,-12.09,12.09
44.945,0.08,-0.23,-12.09,12.09
44.955,0.08,-0.23,-12.09,12.09
44.965,0.08,-0.23,-12.09,12.09
44.975,0.08,-0.23,-12.09,12.09
44.985,0.08,-0.23,-12.09,12.09
44.995,0.08,-0.23,-12.09,12.09
45.005,0.08,-0.23,-12.09,12.09
45.015,0.08,-0.23,-12.09,12.09
45.025,0.08,-0.23,-12.09,12.09
45.035,0.08,-0.23,-12.09,12.09
45.045,0.08,-0.23,-12.09,12.09
45.055,0.08,-0.23,-12.09,12.09
45.065,0.08,-0.23,-12.09,12.09
45.075,0.08,-0.23,-12.09,12.09
45.085,0.08,-0.23,-12.09,12.09
45.095,0.08,-0.23,-12.09,12.09
45.105,0.08,-0.23,-12.09,12.09
45.115,0.08,-0.23,-12.09,12.09
45.125,0.08,-0.23,-12.09,12.09
45.135,0.08,-0.23,-12.09,12.09
45.145,0.08,-0.23,-12.09,12.09
45.155,0.08,-0.23,-12.09,12.09
45.165,0.08,-0.23,-12.09,12.09
45.175,0.08,-0.23,-12.09,12.09
45.185,0.08,-0.23,-12.09,12.09
45.195,0.08,-0.23,-12.09,12.09
45.205,0.08,-0.23,-12.09,12.09
45.215,0.08,-0.23,-12.09,12.09
45.225,0.08,-0.23,-12.09,12.09
45.235,0.08,-0.23,-12.09,12.09
45.245,0.08,-0.23,-12.09,12.09
45.255,0.08,-0.23,-12.09,12.09
45.265,0.08,-0.23,-12.09,12.09
45.275,0.08,-0.23,-12.09,12.09
45.285,0.08,-0.23,-12.09,12.09
45.295,0.08,-0.23,-12.09,12.09
45.305,0.08,-0.23,-12.09,12.09
45.315,0.08,-0.23,-12.09,12.09
45.325,0.08,-0.23,-12.09,12.09
45.335,0.08,-0.23,-12.09,12.09
45.345,0.08,-0.23,-12.09,12.09
45.355,0.08,-0.23,-12.09,12.09
45.365,0.08,-0.23,-12.09,12.09
45.375,0.08,-0.23,-12.09,12.09
45.385,0.08,-0.23,-12.09,12.09
45.395,0.08,-0.23,-12.09,12.09
45.405,0.08,-0.23,-12.09,12.09
45.415,0.08,-0.23,-12.09,12.09
45.425,0.08,-0.23,-12.09,12.09
45.435,0.08,-0.23,-12.09,12.09
45.445,0.08,-0.23,-12.09,12.09
45.455,0.08,-0.23,-12.09,12.09
45.465,0.08,-0.23,-12.09,12.09
45.475,0.08,-0.23,-12.09,12.09
45.485,0.08,-0.23,-12.09,12.09
45.495,0.08,-0.23,-12.09,12.09
45.505,0.08,-0.23,-12.09,12.09
45.515,0.08,-0.23,-12.09,12.09
45.525,0.08,-0.23,-12.09,12.09
45.535,0.08,-0.23,-12.09,12.09
45.545,0.08,-0.23,-12.09,12.09
45.555,0.08,-0.23,-12.09,12.09
45.565,0.08,-0.23,-12.09,12.09
45.575,0.08,-0.23,-12.09,12.09
45.585,0.08,-0.23,-12.09,12.09
45.595,0.08,-0.23,-12.09,12.09
45.605,0.08,-0.23,-12.09,12.09
45.615,0.08,-0.23,-12.09,12.09
45.625,0.08,-0.23,-12.09,12.09
45.635,0.08,-0.23,-12.09,12.09
45.645,0.08,-0.23,-12.09,12.09
45.655,0.08,-0.23,-12.09,12.09
45.665,0.08,-0.23,-12.09,12.09
45.675,0.08,-0.23,-12.09,12.09
45.685,0.08,-0.23,-12.09,12.09
45.695,0.08,-0.23,-12.09,12.09
45.705,0.08,-0.23,-12.09,12.09
45.715,0.08,-0.23,-12.09,12.09
45.725,0.08,-0.23,-12.09,12.09
45.735,0.08,-0.23,-12.09,12.09
45.745,0.08,-0.23,-12.09,12.09
45.755,0.08,-0.23,-12.09,12.09
45.765,0.08,-0.23,-12.09,12.09
45.775,0.08,-0.23,-12.09,12.09
45.785,0.08,-0.23,-12.09,12.09
45.795,0.08,-0.23,-12.09,12.09
45.805,0.08,-0.23,-12.09,12.09
45.815,0.08,-0.23,-12.09,12.09
45.825,0.08,-0.23,-12.09,12.09
45.835,0.08,-0.23,-12.09,12.09
45.845,0.08,-0.23,-12.09,12.09
45.855,0.08,-0.23,-12.09,12.09
45.865,0.08,-0.23,-12.09,12.09
45.875,0.08,-0.23,-12.09,12.09
45.885,0.08,-0.23,-12.09,12.09
45.895,0.08,-0.23,-12.09,12.09
45.905,0.08,-0.23,-12.09,12.09
45.915,0.08,-0.23,-12.09,12.09
45.925,0.08,-0.23,-12.09,12.09
45.935,0.08,-0.23,-12.09,12.09
45.945,0.08,-0.23,-12.09,12.09
45.955,0.08,-0.23,-12.09,12.09
45.965,0.08,-0.23,-12.09,12.09
45.975,0.08,-0.23,-12.09,12.09
45.985,0.08,-0.23,-12.09,12.09
45.995,0.08,-0.23,-12.09,12.09
46.005,0.08,-0.23,-12.09,12.09
46.015,0.08,-0.23,-12.09,12.09
46.025,0.08,-0.23,-12.09,12.09
46.035,0.08,-0.23,-12.09,12.09
46.045,0.08,-0.23,-12.09,12.09
46.055,0.08,-0.23,-12.09,12.09
46.065,0.08,-0.23,-12.09,12.09
46.075,0.08,-0.23,-12.09,12.09
46.085,0.08,-0.23,-12.09,12.09
46.095,0.08,-0.23,-12.09,12.09
46.105,0.08,-0.23,-12.09,12.09
46.115,0.08,-0.23,-12.09,12.09
46.125,0.08,-0.23,-12.09,12.09
46.135,0.08,-0.23,-12.09,12.09
46.145,0.08,-0.23,-12.09,12.09
46.155,0.08,-0.23,-12.09,12.09
46.165,0.08,-0.23,-12.09,12.09
46.175,0.08,-0.23,-12.09,12.09
46.185,0.08,-0.23,-12.09,12.09
46.195,0.08,-0.23,-12.09,12.09
46.205,0.08,-0.23,-12.09,12.09
46.215,0.08,-0.23,-12.09,12.09
46.225,0.08,-0.23,-12.09,12.09
46.235,0.08,-0.23,-12.09,12.09
46.245,0.08,-0.23,-12.09,12.09
46.255,0.08,-0.23,-12.09,12.09
46.265,0.08,-0.23,-12.09,12.09
46.275,0.08,-0.23,-12.09,12.09
46.285,0.08,-0.23,-12.09,12.09
46.295,0.08,-0.23,-12.09,12.09
46.305,0.08,-0.23,-12.09,12.09
46.315,0.08,-0.23,-12.09,12.09
46.325,0.08,-0.23,-12.09,12.09
46.335,0.08,-0.23,-12.09,12.09
46.345,0.08,-0.23,-12.09,12.09
46.355,0.08,-0.23,-12.09,12.09
46.365,0.08,-0.23,-12.09,12.09
46.375,0.08,-0.23,-12.09,12.09
46.385,0.08,-0.23,-12.09,12.09
46.395,0.08,-0.23,-12.09,12.09
46.405,0.08,-0.23,-12.09,12.09
46.415,0.08,-0.23,-12.09,12.09
46.425,0.08,-0.23,-12.09,12.09
46.435,0.08,-0.23,-12.09,12.09
46.445,0.08,-0.23,-12.09,12.09
46.455,0.08,-0.23,-12.09,12.09
46.465,0.08,-0.23,-12.09,12.09
46.475,0.08,-0.23,-12.09,12.09
46.485,0.08,-0.23,-12.09,12.09
46.495,0.08,-0.23,-12.09,12.09
46.505,0.08,-0.23,-12.09,12.09
46.515,0.08,-0.23,-12.09,12.09
46.525,0.08,-0.23,-12.09,12.09
46.535,0.08,-0.23,-12.09,12.09
46.545,0.08,-0.23,-12.09,12.09
46.555,0.08,-0.23,-12.09,12.09
46.565,0.08,-0.23,-12.09,12.09
46.575,0.08,-0.23,-12.09,12.09
46.585,0.08,-0.23,-12.09,12.09
46.595,0.08,-0.23,-12.09,12.09
46.605,0.08,-0.23,-12.09,12.09
46.615,0.08,-0.23,-12.09,12.09
46.625,0.08,-0.23,-12.09,12.09
46.635,0.08,-0.23,-12.09,12.09
46.645,0.08,-0.23,-12.09,12.09
46.655,0.08,-0.23,-12.09,12.09
46.665,0.08,-0.23,-12.09,12.09
46.675,0.08,-0.23,-12.09,12.09
46.685,0.08,-0.23,-12.09,12.09
46.695,0.08,-0.23,-12.09,12.09
46.705,0.08,-0.23,-12.09,12.09
46.715,0.08,-0.23,-12.09,12.09
46.725,0.08,-0.23,-12.09,12.09
46.735,0.08,-0.23,-12.09,12.09
46.745,0.08,-0.23,-12.09,12.09
46.755,0.08,-0.23,-12.09,12.09
46.765,0.08,-0.23,-12.09,12.09
46.775,0.08,-0.23,-12.09,12.09
46.785,0.08,-0.23,-12.09,12.09
46.795,0.08,-0.23,-12.09,12.09
46.805,0.08,-0.23,-12.09,12.09
46.815,0.08,-0.23,-12.09,12.09
46.825,0.08,-0.23,-12.09,12.09
46.835,0.08,-0.23,-12.09,12.09
46.845,0.08,-0.23,-12.09,12.09
46.855,0.08,-0.23,-12.09,12.09
46.865,0.08,-0.23,-12.09,12.09
46.875,0.08,-0.23,-12.09,12.09
46.885,0.08,-0.23,-12.09,12.09
46.895,0.08,-0.23,-12.09,12.09
46.905,0.08,-0.23,-12.09,12.09
46.915,0.08,-0.23,-12.09,12.09
46.925,0.08,-0.23,-12.09,12.09
46.935,0.08,-0.23,-12.09,12.09
46.945,0.08,-0.23,-12.09,12.09
46.955,0.08,-0.23,-12.09,12.09
46.965,0.08,-0.23,-12.09,12.09
46.975,0.08,-0.23,-12.09,12.09
46.985,0.08,-0.23,-12.09,12.09
46.995,0.08,-0.23,-12.09,12.09
47.005,0.08,-0.23,-12.09,12.09
47.015,0.08,-0.23,-12.09,12.09
47.025,0.08,-0.23,-12.09,12.09
47.035,0.08,-0.23,-12.09,12.09
47.045,0.08,-0.23,-12.09,12.09
47.055,0.08,-0.23,-12.09,12.09
47.065,0.08,-0.23,-12.09,12.09
47.075,0.08,-0.23,-12.09,12.09
47.085,0.08,-0.23,-12.09,12.09
47.095,0.08,-0.23,-12.09,12.09
47.105,0.08,-0.23,-12.09,12.09
47.115,0.08,-0.23,-12.09,12.09
47.125,0.08,-0.23,-12.09,12.09
47.135,0.08,-0.23,-12.09,12.09
47.145,0.08,-0.23,-12.09,12.09
47.155,0.08,-0.23,-12.09,12.09
47.165,0.08,-0.23,-12.09,12.09
47.175,0.08,-0.23,-12.09,12.09
47.185,0.08,-0.23,-12.09,12.09
47.195,0.08,-0.23,-12.09,12.09
47.205,0.08,-0.23,-12.09,12.09
47.215,0.08,-0.23,-12.09,12.09
47.225,0.08,-0.23,-12.09,12.09
47.235,0.08,-0.23,-12.09,12.09
47.245,0.08,-0.23,-12.09,12.09
47.255,0.08,-0.23,-12.09,12.09
47.265,0.08,-0.23,-12.09,12.09
47.275,0.08,-0.23,-12.09,12.09
47.285,0.08,-0.23,-12.09,12.09
47.295,0.08,-0.23,-12.09,12.09
47.305,0.08,-0.23,-12.09,12.09
47.315,0.08,-0.23,-12.09,12.09
47.325,0.08,-0.23,-12.09,12.09
47.335,0.08,-0.23,-12.09,12.09
47.345,0.08,-0.23,-12.09,12.09
47.355,0.08,-0.23,-12.09,12.09
47.365,0.08,-0.23,-12.09,12.09
47.375,0.08,-0.23,-12.09,12.09
47.385,0.08,-0.23,-12.09,12.09
47.395,0.08,-0.23,-12.09,12.09
47.405,0.08,-0.23,-12.09,12.09
47.415,0.08,-0.23,-12.09,12.09
47.425,0.08,-0.23,-12.09,12.09
47.435,0.08,-0.23,-12.09,12.09
47.445,0.08,-0.23,-12.09,12.09
47.455,0.08,-0.23,-12.09,12.09
47.465,0.08,-0.23,-12.09,12.09
47.475,0.08,-0.23,-12.09,12.09
47.485,0.08,-0.23,-12.09,12.09
47.495,0.08,-0.23,-12.09,12.09
47.505,0.08,-0.23,-12.09,12.09
47.515,0.08,-0.23,-12.09,12.09
47.525,0.08,-0.23,-12.09,12.09
47.535,0.08,-0.23,-12.09,12.09
47.545,0.08,-0.23,-12.09,12.09
47.555,0.08,-0.23,-12.09,12.09
47.565,0.08,-0.23,-12.09,12.09
47.575,0.08,-0.23,-12.09,12.09
47.585,0.08,-0.23,-12.09,12.09
47.595,0.08,-0.23,-12.09,12.09
47.605,0.08,-0.23,-12.09,12.09
47.615,0.08,-0.23,-12.09,12.09
47.625,0.08,-0.23,-12.09,12.09
47.635,0.08,-0.23,-12.09,12.09
47.645,0.08,-0.23,-12.09,12.09
47.655,0.08,-0.23,-12.09,12.09
47.665,0.08,-0.23,-12.09,12.09
47.675,0.08,-0.23,-12.09,12.09
47.685,0.08,-0.23,-12.09,12.09
47.695,0.08,-0.23,-12.09,12.09
47.705,0.08,-0.23,-12.09,12.09
47.715,0.08,-0.23,-12.09,12.09
47.725,0.08,-0.23,-12.09,12.09
47.735,0.08,-0.23,-12.09,12.09
47.745,0.08,-0.23,-12.09,12.09
47.755,0.08,-0.23,-12.09,12.09
47.765,0.08,-0.23,-12.09,12.09
47.775,0.08,-0.23,-12.09,12.09
47.785,0.08,-0.23,-12.09,12.09
47.795,0.08,-0.23,-12.09,12.09
47.805,0.08,-0.23,-12.09,12.09
47.815,0.08,-0.23,-12.09,12.09
47.825,0.08,-0.23,-12.09,12.09
47.835,0.08,-0.23,-12.09,12.09
47.845,0.08,-0.23,-12.09,12.09
47.855,0.08,-0.23,-12.09,12.09
47.865,0.08,-0.23,-12.09,12.09
47.875,0.08,-0.23,-12.09,12.09
47.885,0.08,-0.23,-12.09,12.09
47.895,0.08,-0.23,-12.09,12.09
47.905,0.08,-0.23,-12.09,12.09
47.915,0.08,-0.23,-12.09,12.09
47.925,0.08,-0.23,-12.09,12.09
47.935,0.08,-0.23,-12.09,12.09
47.945,0.08,-0.23,-12.09,12.09
47.955,0.08,-0.23,-12.09,12.09
47.965,0.08,-0.23,-12.09,12.09
47.975,0.08,-0.23,-12.09,12.09
47.985,0.08,-0.23,-12.09,12.09
47.995,0.08,-0.23,-12.09,12.09
48.005,0.08,-0.23,-12.09,12.09
48.015,0.08,-0.23,-12.09,12.09
48.025,0.08,-0.23,-12.09,12.09
48.035,0.08,-0.23,-12.09,12.09
48.045,0.08,-0.23,-12.09,12.09
48.055,0.08,-0.23,-12.09,12.09
48.065,0.08,-0.23,-12.09,12.09
48.075,0.08,-0.23,-12.09,12.09
48.085,0.08,-0.23,-12.09,12.09
48.095,0.08,-0.23,-12.09,12.09
48.105,0.08,-0.23,-12.09,12.09
48.115,0.08,-0.23,-12.09,12.09
48.125,0.08,-0.23,-12.09,12.09
48.135,0.08,-0.23,-12.09,12.09
48.145,0.08,-0.23,-12.09,12.09
48.155,0.08,-0.23,-12.09,12.09
48.165,0.08,-0.23,-12.09,12.09
48.175,0.08,-0.23,-12.09,12.09
48.185,0.08,-0.23,-12.09,12.09
48.195,0.08,-0.23,-12.09,12.09
48.205,0.08,-0.23,-12.09,12.09
48.215,0.08,-0.23,-12.09,12.09
48.225,0.08,-0.23,-12.09,12.09
48.235,0.08,-0.23,-12.09,12.09
48.245,0.08,-0.23,-12.09,12.09
48.255,0.08,-0.23,-12.09,12.09
48.265,0.08,-0.23,-12.09,12.09
48.275,0.08,-0.23,-12.09,12.09
48.285,0.08,-0.23,-12.09,12.09
48.295,0.08,-0.23,-12.09,12.09
48.305,0.08,-0.23,-12.09,12.09
48.315,0.08,-0.23,-12.09,12.09
48.325,0.08,-0.23,-12.09,12.09
48.335,0.08,-0.23,-12.09,12.09
48.345,0.08,-0.23,-12.09,12.09
48.355,0.08,-0.23,-12.09,12.09
48.365,0.08,-0.23,-12.09,12.09
48.375,0.08,-0.23,-12.09,12.09
48.385,0.08,-0.23,-12.09,12.09
48.395,0.08,-0.23,-12.09,12.09
48.405,0.08,-0.23,-12.09,12.09
48.415,0.08,-0.23,-12.09,12.09
48.425,0.08,-0.23,-12.09,12.09
48.435,0.08,-0.23,-12.09,12.09
48.445,0.08,-0.23,-12.09,12.09
48.455,0.08,-0.23,-12.09,12.09
48.465,0.08,-0.23,-12.09,12.09
48.475,0.08,-0.23,-12.09,12.09
48.485,0.08,-0.23,-12.09,12.09
48.495,0.08,-0.23,-12.09,12.09
48.505,0.08,-0.23,-12.09,12.09
48.515,0.08,-0.23,-12.09,12.09
48.525,0.08,-0.23,-12.09,12.09
48.535,0.08,-0.23,-12.09,12.09
48.545,0.08,-0.23,-12.09,12.09
48.555,0.08,-0.23,-12.09,12.09
48.565,0.08,-0.23,-12.09,12.09
48.575,0.08,-0.23,-12.09,12.09
48.585,0.08,-0.23,-12.09,12.09
48.595,0.08,-0.23,-12.09,12.09
48.605,0.08,-0.23,-12.09,12.09
48.615,0.08,-0.23,-12.09,12.09
48.625,0.08,-0.23,-12.09,12.09
48.635,0.08,-0.23,-12.09,12.09
48.645,0.08,-0.23,-12.09,12.09
48.655,0.08,-0.23,-12.09,12.09
48.665,0.08,-0.23,-12.09,12.09
48.675,0.08,-0.23,-12.09,12.09
48.685,0.08,-0.23,-12.09,12.09
48.695,0.08,-0.23,-12.09,12.09
48.705,0.08,-0.23,-12.09,12.09
48.715,0.08,-0.23,-12.09,12.09
48.725,0.08,-0.23,-12.09,12.09
48.735,0.08,-0.23,-12.09,12.09
48.745,0.08,-0.23,-12.09,12.09
48.755,0.08,-0.23,-12.09,12.09
48.765,0.08,-0.23,-12.09,12.09
48.775,0.08,-0.23,-12.09,12.09
48.785,0.08,-0.23,-12.09,12.09
48.795,0.08,-0.23,-12.09,12.09
48.805,0.08,-0.23,-12.09,12.09
48.815,0.08,-0.23,-12.09,12.09
48.825,0.08,-0.23,-12.09,12.09
48.835,0.08,-0.23,-12.09,12.09
48.845,0.08,-0.23,-12.09,12.09
48.855,0.08,-0.23,-12.09,12.09
48.865,0.08,-0.23,-12.09,12.09
48.875,0.08,-0.23,-12.09,12.09
48.885,0.08,-0.23,-12.09,12.09
48.895,0.08,-0.23,-12.09,12.09
48.905,0.08,-0.23,-12.09,12.09
48.915,0.08,-0.23,-12.09,12.09
48.925,0.08,-0.23,-12.09,12.09
48.935,0.08,-0.23,-12.09,12.09
48.945,0.08,-0.23,-12.09,12.09
48.955,0.08,-0.23,-12.09,12.09
48.965,0.08,-0.23,-12.09,12.09
48.975,0.08,-0.23,-12.09,12.09
48.985,0.08,-0.23,-12.09,12.09
48.995,0.08,-0.23,-12.09,12.09
49.005,0.08,-0.23,-12.09,12.09
49.015,0.08,-0.23,-12.09,12.09
49.025,0.08,-0.23,-12.09,12.09
49.035,0.08,-0.23,-12.09,12.09
49.045,0.08,-0.23,-12.09,12.09
49.055,0.08,-0.23,-12.09,12.09
49.065,0.08,-0.23,-12.09,12.09
49.075,0.08,-0.23,-12.09,12.09
49.085,0.08,-0.23,-12.09,12.09
49.095,0.08,-0.23,-12.09,12.09
49.105,0.08,-0.23,-12.09,12.09
49.115,0.08,-0.23,-12.09,12.09
49.125,0.08,-0.23,-12.09,12.09
49.135,0.08,-0.23,-12.09,12.09
49.145,0.08,-0.23,-12.09,12.09
49.155,0.08,-0.23,-12.09,12.09
49.165,0.08,-0.23,-12.09,12.09
49.175,0.08,-0.23,-12.09,12.09
49.185,0.08,-0.23,-12.09,12.09
49.195,0.08,-0.23,-12.09,12.09
49.205,0.08,-0.23,-12.09,12.09
49.215,0.08,-0.23,-12.09,12.09
49.225,0.08,-0.23,-12.09,12.09
49.235,0.08,-0.23,-12.09,12.09
49.245,0.08,-0.23,-12.09,12.09
49.255,0.08,-0.23,-12.09,12.09
49.265,0.08,-0.23,-12.09,12.09
49.275,0.08,-0.23,-12.09,12.09
49.285,0.08,-0.23,-12.09,12.09
49.295,0.08,-0.23,-12.09,12.09
49.305,0.08,-0.23,-12.09,12.09
49.315,0.08,-0.23,-12.09,12.09
49.325,0.08,-0.23,-12.09,12.09
49.335,0.08,-0.23,-12.09,12.09
49.345,0.08,-0.23,-12.09,12.09
49.355,0.08,-0.23,-12.09,12.09
49.365,0.08,-0.23,-12.09,12.09
49.375,0.08,-0.23,-12.09,12.09
49.385,0.08,-0.23,-12.09,12.09
49.395,0.08,-0.23,-12.09,12.09
49.405,0.08,-0.23,-12.09,12.09
49.415,0.08,-0.23,-12.09,12.09
49.425,0.08,-0.23,-12.09,12.09
49.435,0.08,-0.23,-12.09,12.09
49.445,0.08,-0.23,-12.09,12.09
49.455,0.08,-0.23,-12.09,12.09
49.465,0.08,-0.23,-12.09,12.09
49.475,0.08,-0.23,-12.09,12.09
49.485,0.08,-0.23,-12.09,12.09
49.495,0.08,-0.23,-12.09,12.09
49.505,0.08,-0.23,-12.09,12.09
49.515,0.08,-0.23,-12.09,12.09
49.525,0.08,-0.23,-12.09,12.09
49.535,0.08,-0.23,-12.09,12.09
49.545,0.08,-0.23,-12.09,12.09
49.555,0.08,-0.23,-12.09,12.09
49.565,0.08,-0.23,-12.09,12.09
49.575,0.08,-0.23,-12.09,12.09
49.585,0.08,-0.23,-12.09,12.09
49.595,0.08,-0.23,-12.09,12.09
49.605,0.08,-0.23,-12.09,12.09
49.615,0.08,-0.23,-12.09,12.09
49.625,0.08,-0.23,-12.09,12.09
49.635,0.08,-0.23,-12.09,12.09
49.645,0.08,-0.23,-12.09,12.09
49.655,0.08,-0.23,-12.09,12.09
49.665,0.08,-0.23,-12.09,12.09
49.675,0.08,-0.23,-12.09,12.09
49.685,0.08,-0.23,-12.09,12.09
49.695,0.08,-0.23,-12.09,12.09
49.705,0.08,-0.23,-12.09,12.09
49.715,0.08,-0.23,-12.09,12.09
49.725,0.08,-0.23,-12.09,12.09
49.735,0.08,-0.23,-12.09,12.09
49.745,0.08,-0.23,-12.09,12.09
49.755,0.08,-0.23,-12.09,12.09
49.765,0.08,-0.23,-12.09,12.09
49.775,0.08,-0.23,-12.09,12.09
49.785,0.08,-0.23,-12.09,12.09
49.795,0.08,-0.23,-12.09,12.09
49.805,0.08,-0.23,-12.09,12.09
49.815,0.08,-0.23,-12.09,12.09
49.825,0.08,-0.23,-12.09,12.09
49.835,0.08,-0.23,-12.09,12.09
49.845,0.08,-0.23,-12.09,12.09
49.855,0.08,-0.23,-12.09,12.09
49.865,0.08,-0.23,-12.09,12.09
49.875,0.08,-0.23,-12.09,12.09
49.885,0.08,-0.23,-12.09,12.09
49.895,0.08,-0.23,-12.09,12.09
49.905,0.08,-0.23,-12.09,12.09
49.915,0.08,-0.23,-12.09,12.09
49.925,0.08,-0.23,-12.09,12.09
49.935,0.08,-0.23,-12.09,12.09
49.945,0.08,-0.23,-12.09,12.09
49.955,0.08,-0.23,-12.09,12.09
49.965,0.08,-0.23,-12.09,12.09
49.975,0.08,-0.23,-12.09,12.09
49.985,0.08,-0.23,-12.09,12.09
49.995,0.08,-0.23,-12.09,12.09
50.005,0.08,-0.23,-12.09,12.09
50.015,0.08,-0.23,-12.09,12.09
50.025,0.08,-0.23,-12.09,12.09
50.035,0.08,-0.23,-12.09,12.09
50.045,0.08,-0.23,-12.09,12.09
50.055,0.08,-0.23,-12.09,12.09
50.065,0.08,-0.23,-12.09,12.09
50.075,0.08,-0.23,-12.09,12.09
50.085,0.08,-0.23,-12.09,12.09
50.095,0.08,-0.23,-12.09,12.09
50.105,0.08,-0.23,-12.09,12.09
50.115,0.08,-0.23,-12.09,12.09
50.125,0.08,-0.23,-12.09,12.09
50.135,0.08,-0.23,-12.09,12.09
50.145,0.08,-0.23,-12.09,12.09
50.155,0.08,-0.23,-12.09,12.09
50.165,0.08,-0.23,-12.09,12.09
50.175,0.08,-0.23,-12.09,12.09
50.185,0.08,-0.23,-12.09,12.09
50.195,0.08,-0.23,-12.09,12.09
50.205,0.08,-0.23,-12.09,12.09
50.215,0.08,-0.23,-12.09,12.09
50.225,0.08,-0.23,-12.09,12.09
50.235,0.08,-0.23,-12.09,12.09
50.245,0.08,-0.23,-12.09,12.09
50.255,0.08,-0.23,-12.09,12.09
50.265,0.08,-0.23,-12.09,12.09
50.275,0.08,-0.23,-12.09,12.09
50.285,0.08,-0.23,-12.09,12.09
50.295,0.08,-0.23,-12.09,12.09
50.305,0.08,-0.23,-12.09,12.09
50.315,0.08,-0.23,-12.09,12.09
50.325,0.08,-0.23,-12.09,12.09
50.335,0.08,-0.23,-12.09,12.09
50.345,0.08,-0.23,-12.09,12.09
50.355,0.08,-0.23,-12.09,12.09
50.365,0.08,-0.23,-12.09,12.09
50.375,0.08,-0.23,-12.09,12.09
50.385,0.08,-0.23,-12.09,12.09
50.395,0.08,-0.23,-12.09,12.09
50.405,0.08,-0.23,-12.09,12.09
50.415,0.08,-0.23,-12.09,12.09
50.425,0.08,-0.23,-12.09,12.09
50.435,0.08,-0.23,-12.09,12.09
50.445,0.08,-0.23,-12.09,12.09
50.455,0.08,-0.23,-12.09,12.09
50.465,0.08,-0.23,-12.09,12.09
50.475,0.08,-0.23,-12.09,12.09
50.485,0.08,-0.23,-12.09,12.09
50.495,0.08,-0.23,-12.09,12.09
50.505,0.08,-0.23,-12.09,12.09
50.515,0.08,-0.23,-12.09,12.09
50.525,0.08,-0.23,-12.09,12.09
50.535,0.08,-0.23,-12.09,12.09
50.545,0.08,-0.23,-12.09,12.09
50.555,0.08,-0.23,-12.09,12.09
50.565,0.08,-0.23,-12.09,12.09
50.575,0.08,-0.23,-12.09,12.09
50.585,0.08,-0.23,-12.09,12.09
50.595,0.08,-0.23,-12.09,12.09
50.605,0.08,-0.23,-12.09,12.09
50.615,0.08,-0.23,-12.09,12.09
50.625,0.08,-0.23,-12.09,12.09
50.635,0.08,-0.23,-12.09,12.09
50.645,0.08,-0.23,-12.09,12.09
50.655,0.08,-0.23,-12.09,12.09
50.665,0.08,-0.23,-12.09,12.09
50.675,0.08,-0.23,-12.09,12.09
50.685,0.08,-0.23,-12.09,12.09
50.695,0.08,-0.23,-12.09,12.09
50.705,0.08,-0.23,-12.09,12.09
50.715,0.08,-0.23,-12.09,12.09
50.725,0.08,-0.23,-12.09,12.09
50.735,0.08,-0.23,-12.09,12.09
50.745,0.08,-0.23,-12.09,12.09
50.755,0.08,-0.23,-12.09,12.09
50.765,0.08,-0.23,-12.09,12.09
50.775,0.08,-0.23,-12.09,12.09
50.785,0.08,-0.23,-12.09,12.09
50.795,0.08,-0.23,-12.09,12.09
50.805,0.08,-0.23,-12.09,12.09
50.815,0.08,-0.23,-12.09,12.09
50.825,0.08,-0.23,-12.09,12.09
50.835,0.08,-0.23,-12.09,12.09
50.845,0.08,-0.23,-12.09,12.09
50.855,0.08,-0.23,-12.09,12.09
50.865,0.08,-0.23,-12.09,12.09
50.875,0.08,-0.23,-12.09,12.09
50.885,0.08,-0.23,-12.09,12.09
50.895,0.08,-0.23,-12.09,12.09
50.905,0.08,-0.23,-12.09,12.09
50.915,0.08,-0.23,-12.09,12.09
50.925,0.08,-0.23,-12.09,12.09
50.935,0.08,-0.23,-12.09,12.09
50.945,0.08,-0.23,-12.09,12.09
50.955,0.08,-0.23,-12.09,12.09
50.965,0.08,-0.23,-12.09,12.09
50.975,0.08,-0.23,-12.09,12.09
50.985,0.08,-0.23,-12.09,12.09
50.995,0.08,-0.23,-12.09,12.09
51.005,0.08,-0.23,-12.09,12.09
51.015,0.08,-0.23,-12.09,12.09
51.025,0.08,-0.23,-12.09,12.09
51.035,0.08,-0.23,-12.09,12.09
51.045,0.08,-0.23,-12.09,12.09
51.055,0.08,-0.23,-12.09,12.09
51.065,0.08,-0.23,-12.09,12.09
51.075,0.08,-0.23,-12.09,12.09
51.085,0.08,-0.23,-12.09,12.09
51.095,0.08,-0.23,-12.09,12.09
51.105,0.08,-0.23,-12.09,12.09
51.115,0.08,-0.23,-12.09,12.09
51.125,0.08,-0.23,-12.09,12.09
51.135,0.08,-0.23,-12.09,12.09
51.145,0.08,-0.23,-12.09,12.09
51.155,0.08,-0.23,-12.09,12.09
51.165,0.08,-0.23,-12.09,12.09
51.175,0.08,-0.23,-12.09,12.09
51.185,0.08,-0.23,-12.09,12.09
51.195,0.08,-0.23,-12.09,12.09
51.205,0.08,-0.23,-12.09,12.09
51.215,0.08,-0.23,-12.09,12.09
51.225,0.08,-0.23,-12.09,12.09
51.235,0.08,-0.23,-12.09,12.09
51.245,0.08,-0.23,-12.09,12.09
51.255,0.08,-0.23,-12.09,12.09
51.265,0.08,-0.23,-12.09,12.09
51.275,0.08,-0.23,-12.09,12.09
51.285,0.08,-0.23,-12.09,12.09
51.295,0.08,-0.23,-12.09,12.09
51.305,0.08,-0.23,-12.09,12.09
51.315,0.08,-0.23,-12.09,12.09
51.325,0.08,-0.23,-12.09,12.09
51.335,0.08,-0.23,-12.09,12.09
51.345,0.08,-0.23,-12.09,12.09
51.355,0.08,-0.23,-12.09,12.09
51.365,0.08,-0.23,-12.09,12.09
51.375,0.08,-0.23,-12.09,12.09
51.388,0.08,-0.23,-12.09,12.09
51.395,0.08,-0.23,-12.09,12.09
51.405,0.08,-0.23,-12.09,12.09
51.415,0.08,-0.23,-12.09,12.09
51.425,0.08,-0.23,-12.09,12.09
51.435,0.08,-0.23,-12.09,12.09
51.445,0.08,-0.23,-12.09,12.09
51.455,0.08,-0.23,-12.09,12.09
51.465,0.08,-0.23,-12.09,12.09
51.475,0.08,-0.23,-12.09,12.09
51.485,0.08,-0.23,-12.09,12.09
51.495,0.08,-0.23,-12.09,12.09
51.505,0.08,-0.23,-12.09,12.09
51.515,0.08,-0.23,-12.09,12.09
51.525,0.08,-0.23,-12.09,12.09
51.535,0.08,-0.23,-12.09,12.09
51.545,0.08,-0.23,-12.09,12.09
51.555,0.08,-0.23,-12.09,12.09
51.565,0.08,-0.23,-12.09,12.09
51.575,0.08,-0.23,-12.09,12.09
51.585,0.08,-0.23,-12.09,12.09
51.595,0.08,-0.23,-12.09,12.09
51.605,0.08,-0.23,-12.09,12.09
51.615,0.08,-0.23,-12.09,12.09
51.625,0.08,-0.23,-12.09,12.09
51.635,0.08,-0.23,-12.09,12.09
51.645,0.08,-0.23,-12.09,12.09
51.655,0.08,-0.23,-12.09,12.09
51.665,0.08,-0.23,-12.09,12.09
51.675,0.08,-0.23,-12.09,12.09
51.685,0.08,-0.23,-12.09,12.09
51.695,0.08,-0.23,-12.09,12.09
51.705,0.08,-0.23,-12.09,12.09
51.715,0.08,-0.23,-12.09,12.09
51.725,0.08,-0.23,-12.09,12.09
51.735,0.08,-0.23,-12.09,12.09
51.745,0.08,-0.23,-12.09,12.09
51.756,0.08,-0.23,-12.09,12.09
51.765,0.08,-0.23,-12.09,12.09
51.775,0.08,-0.23,-12.09,12.09
51.785,0.08,-0.23,-12.09,12.09
51.795,0.08,-0.23,-12.09,12.09
51.805,0.08,-0.23,-12.09,12.09
51.815,0.08,-0.23,-12.09,12.09
51.825,0.08,-0.23,-12.09,12.09
51.835,0.08,-0.23,-12.09,12.09
51.845,0.08,-0.23,-12.09,12.09
51.856,0.08,-0.23,-12.09,12.09
51.865,0.08,-0.23,-12.09,12.09
51.875,0.08,-0.23,-12.09,12.09
51.885,0.08,-0.23,-12.09,12.09
51.895,0.08,-0.23,-12.09,12.09
51.905,0.08,-0.23,-12.09,12.09
51.915,0.08,-0.23,-12.09,12.09
51.925,0.08,-0.23,-12.09,12.09
51.935,0.08,-0.23,-12.09,12.09
51.945,0.08,-0.23,-12.09,12.09
51.955,0.08,-0.23,-12.09,12.09
51.965,0.08,-0.23,-12.09,12.09
51.975,0.08,-0.23,-12.09,12.09
51.985,0.08,-0.23,-12.09,12.09
51.995,0.08,-0.23,-12.09,12.09
52.005,0.08,-0.23,-12.09,12.09
52.015,0.08,-0.23,-12.09,12.09
52.025,0.08,-0.23,-12.09,12.09
52.035,0.08,-0.23,-12.09,12.09
52.045,0.08,-0.23,-12.09,12.09
52.055,0.08,-0.23,-12.09,12.09
52.065,0.08,-0.23,-12.09,12.09
52.075,0.08,-0.23,-12.09,12.09
52.085,0.08,-0.23,-12.09,12.09
52.095,0.08,-0.23,-12.09,12.09
52.105,0.08,-0.23,-12.09,12.09
52.115,0.08,-0.23,-12.09,12.09
52.125,0.08,-0.23,-12.09,12.09
52.135,0.08,-0.23,-12.09,12.09
52.145,0.08,-0.23,-12.09,12.09
52.155,0.08,-0.23,-12.09,12.09
52.165,0.08,-0.23,-12.09,12.09
52.175,0.08,-0.23,-12.09,12.09
52.185,0.08,-0.23,-12.09,12.09
52.195,0.08,-0.23,-12.09,12.09
52.205,0.08,-0.23,-12.09,12.09
52.215,0.08,-0.23,-12.09,12.09
52.225,0.08,-0.23,-12.09,12.09
52.235,0.08,-0.23,-12.09,12.09
52.245,0.08,-0.23,-12.09,12.09
52.255,0.08,-0.23,-12.09,12.09
52.265,0.08,-0.23,-12.09,12.09
52.275,0.08,-0.23,-12.09,12.09
52.285,0.08,-0.23,-12.09,12.09
52.295,0.08,-0.23,-12.09,12.09
52.305,0.08,-0.23,-12.09,12.09
52.315,0.08,-0.23,-12.09,12.09
52.325,0.08,-0.23,-12.09,12.09
52.335,0.08,-0.23,-12.09,12.09
52.345,0.08,-0.23,-12.09,12.09
52.355,0.08,-0.23,-12.09,12.09
52.365,0.08,-0.23,-12.09,12.09
52.375,0.08,-0.23,-12.09,12.09
52.385,0.08,-0.23,-12.09,12.09
52.395,0.08,-0.23,-12.09,12.09
52.405,0.08,-0.23,-12.09,12.09
52.415,0.08,-0.23,-12.09,12.09
52.425,0.08,-0.23,-12.09,12.09
52.435,0.08,-0.23,-12.09,12.09
52.445,0.08,-0.23,-12.09,12.09
52.455,0.08,-0.23,-12.09,12.09
52.465,0.08,-0.23,-12.09,12.09
52.475,0.08,-0.23,-12.09,12.09
52.485,0.08,-0.23,-12.09,12.09
52.495,0.08,-0.23,-12.09,12.09
52.505,0.08,-0.23,-12.09,12.09
52.515,0.08,-0.23,-12.09,12.09
52.525,0.08,-0.23,-12.09,12.09
52.535,0.08,-0.23,-12.09,12.09
52.545,0.08,-0.23,-12.09,12.09
52.555,0.08,-0.23,-12.09,12.09
52.565,0.08,-0.23,-12.09,12.09
52.575,0.08,-0.23,-12.09,12.09
52.585,0.08,-0.23,-12.09,12.09
52.595,0.08,-0.23,-12.09,12.09
52.605,0.08,-0.23,-12.09,12.09
52.615,0.08,-0.23,-12.09,12.09
52.625,0.08,-0.23,-12.09,12.09
52.635,0.08,-0.23,-12.09,12.09
52.645,0.08,-0.23,-12.09,12.09
52.655,0.08,-0.23,-12.09,12.09
52.665,0.08,-0.23,-12.09,12.09
52.675,0.08,-0.23,-12.09,12.09
52.685,0.08,-0.23,-12.09,12.09
52.695,0.08,-0.23,-12.09,12.09
52.705,0.08,-0.23,-12.09,12.09
52.715,0.08,-0.23,-12.09,12.09
52.725,0.08,-0.23,-12.09,12.09
52.735,0.08,-0.23,-12.09,12.09
52.745,0.08,-0.23,-12.09,12.09
52.755,0.08,-0.23,-12.09,12.09
52.765,0.08,-0.23,-12.09,12.09
52.775,0.08,-0.23,-12.09,12.09
52.785,0.08,-0.23,-12.09,12.09
52.795,0.08,-0.23,-12.09,12.09
52.805,0.08,-0.23,-12.09,12.09
52.815,0.08,-0.23,-12.09,12.09
52.825,0.08,-0.23,-12.09,12.09
52.835,0.08,-0.23,-12.09,12.09
52.845,0.08,-0.23,-12.09,12.09
52.855,0.08,-0.23,-12.09,12.09
52.865,0.08,-0.23,-12.09,12.09
52.875,0.08,-0.23,-12.09,12.09
52.885,0.08,-0.23,-12.09,12.09
52.895,0.08,-0.23,-12.09,12.09
52.905,0.08,-0.23,-12.09,12.09
52.915,0.08,-0.23,-12.09,12.09
52.925,0.08,-0.23,-12.09,12.09
52.935,0.08,-0.23,-12.09,12.09
52.945,0.08,-0.23,-12.09,12.09
52.955,0.08,-0.23,-12.09,12.09
52.965,0.08,-0.23,-12.09,12.09
52.975,0.08,-0.23,-12.09,12.09
52.985,0.08,-0.23,-12.09,12.09
52.995,0.08,-0.23,-12.09,12.09
53.005,0.08,-0.23,-12.09,12.09
53.015,0.08,-0.23,-12.09,12.09
53.025,0.08,-0.23,-12.09,12.09
53.035,0.08,-0.23,-12.09,12.09
53.045,0.08,-0.23,-12.09,12.09
53.055,0.08,-0.23,-12.09,12.09
53.065,0.08,-0.23,-12.09,12.09
53.075,0.08,-0.23,-12.09,12.09
53.085,0.08,-0.23,-12.09,12.09
53.095,0.08,-0.23,-12.09,12.09
53.105,0.08,-0.23,-12.09,12.09
53.115,0.08,-0.23,-12.09,12.09
53.125,0.08,-0.23,-12.09,12.09
53.135,0.08,-0.23,-12.09,12.09
53.145,0.08,-0.23,-12.09,12.09
53.155,0.08,-0.23,-12.09,12.09
53.165,0.08,-0.23,-12.09,12.09
53.175,0.08,-0.23,-12.09,12.09
53.185,0.08,-0.23,-12.09,12.09
53.195,0.08,-0.23,-12.09,12.09
53.205,0.08,-0.23,-12.09,12.09
53.215,0.08,-0.23,-12.09,12.09
53.225,0.08,-0.23,-12.09,12.09
53.235,0.08,-0.23,-12.09,12.09
53.245,0.08,-0.23,-12.09,12.09
53.255,0.08,-0.23,-12.09,12.09
53.265,0.08,-0.23,-12.09,12.09
53.275,0.08,-0.23,-12.09,12.09
53.285,0.08,-0.23,-12.09,12.09
53.295,0.08,-0.23,-12.09,12.09
53.305,0.08,-0.23,-12.09,12.09
53.315,0.08,-0.23,-12.09,12.09
53.325,0.08,-0.23,-12.09,12.09
53.335,0.08,-0.23,-12.09,12.09
53.345,0.08,-0.23,-12.09,12.09
53.355,0.08,-0.23,-12.09,12.09
53.365,0.08,-0.23,-12.09,12.09
53.375,0.08,-0.23,-12.09,12.09
53.385,0.08,-0.23,-12.09,12.09
53.395,0.08,-0.23,-12.09,12.09
53.405,0.08,-0.23,-12.09,12.09
53.415,0.08,-0.23,-12.09,12.09
53.425,0.08,-0.23,-12.09,12.09
53.435,0.08,-0.23,-12.09,12.09
53.445,0.08,-0.23,-12.09,12.09
53.455,0.08,-0.23,-12.09,12.09
53.465,0.08,-0.23,-12.09,12.09
53.475,0.08,-0.23,-12.09,12.09
53.485,0.08,-0.23,-12.09,12.09
53.495,0.08,-0.23,-12.09,12.09
53.505,0.08,-0.23,-12.09,12.09
53.515,0.08,-0.23,-12.09,12.09
53.525,0.08,-0.23,-12.09,12.09
53.535,0.08,-0.23,-12.09,12.09
53.545,0.08,-0.23,-12.09,12.09
53.555,0.08,-0.23,-12.09,12.09
53.565,0.08,-0.23,-12.09,12.09
53.575,0.08,-0.23,-12.09,12.09
53.585,0.08,-0.23,-12.09,12.09
53.595,0.08,-0.23,-12.09,12.09
53.605,0.08,-0.23,-12.09,12.09
53.615,0.08,-0.23,-12.09,12.09
53.625,0.08,-0.23,-12.09,12.09
53.635,0.08,-0.23,-12.09,12.09
53.645,0.08,-0.23,-12.09,12.09
53.655,0.08,-0.23,-12.09,12.09
53.665,0.08,-0.23,-12.09,12.09
53.675,0.08,-0.23,-12.09,12.09
53.685,0.08,-0.23,-12.09,12.09
53.695,0.08,-0.23,-12.09,12.09
53.705,0.08,-0.23,-12.09,12.09
53.715,0.08,-0.23,-12.09,12.09
53.725,0.08,-0.23,-12.09,12.09
53.735,0.08,-0.23,-12.09,12.09
53.745,0.08,-0.23,-12.09,12.09
53.755,0.08,-0.23,-12.09,12.09
53.765,0.08,-0.23,-12.09,12.09
53.775,0.08,-0.23,-12.09,12.09
53.785,0.08,-0.23,-12.09,12.09
53.795,0.08,-0.23,-12.09,12.09
53.805,0.08,-0.23,-12.09,12.09
53.815,0.08,-0.23,-12.09,12.09
53.825,0.08,-0.23,-12.09,12.09
53.835,0.08,-0.23,-12.09,12.09
53.845,0.08,-0.23,-12.09,12.09
53.855,0.08,-0.23,-12.09,12.09
53.865,0.08,-0.23,-12.09,12.09
53.875,0.08,-0.23,-12.09,12.09
53.885,0.08,-0.23,-12.09,12.09
53.895,0.08,-0.23,-12.09,12.09
53.905,0.08,-0.23,-12.09,12.09
53.915,0.08,-0.23,-12.09,12.09
53.925,0.08,-0.23,-12.09,12.09
53.935,0.08,-0.23,-12.09,12.09
53.945,0.08,-0.23,-12.09,12.09
53.955,0.08,-0.23,-12.09,12.09
53.965,0.08,-0.23,-12.09,12.09
53.975,0.08,-0.23,-12.09,12.09
53.985,0.08,-0.23,-12.09,12.09
53.995,0.08,-0.23,-12.09,12.09
54.005,0.08,-0.23,-12.09,12.09
54.015,0.08,-0.23,-12.09,12.09
54.025,0.08,-0.23,-12.09,12.09
54.035,0.08,-0.23,-12.09,12.09
54.045,0.08,-0.23,-12.09,12.09
54.055,0.08,-0.23,-12.09,12.09
54.065,0.08,-0.23,-12.09,12.09
54.075,0.08,-0.23,-12.09,12.09
54.085,0.08,-0.23,-12.09,12.09
54.095,0.08,-0.23,-12.09,12.09
54.105,0.08,-0.23,-12.09,12.09
54.115,0.08,-0.23,-12.09,12.09
54.125,0.08,-0.23,-12.09,12.09
54.135,0.08,-0.23,-12.09,12.09
54.145,0.08,-0.23,-12.09,12.09
54.155,0.08,-0.23,-12.09,12.09
54.165,0.08,-0.23,-12.09,12.09
54.175,0.08,-0.23,-12.09,12.09
54.185,0.08,-0.23,-12.09,12.09
54.195,0.08,-0.23,-12.09,12.09
54.205,0.08,-0.23,-12.09,12.09
54.215,0.08,-0.23,-12.09,12.09
54.225,0.08,-0.23,-12.09,12.09
54.235,0.08,-0.23,-12.09,12.09
54.245,0.08,-0.23,-12.09,12.09
54.255,0.08,-0.23,-12.09,12.09
54.265,0.08,-0.23,-12.09,12.09
54.275,0.08,-0.23,-12.09,12.09
54.285,0.08,-0.23,-12.09,12.09
54.295,0.08,-0.23,-12.09,12.09
54.305,0.08,-0.23,-12.09,12.09
54.315,0.08,-0.23,-12.09,12.09
54.325,0.08,-0.23,-12.09,12.09
54.335,0.08,-0.23,-12.09,12.09
54.345,0.08,-0.23,-12.09,12.09
54.355,0.08,-0.23,-12.09,12.09
54.365,0.08,-0.23,-12.09,12.09
54.375,0.08,-0.23,-12.09,12.09
54.385,0.08,-0.23,-12.09,12.09
54.395,0.08,-0.23,-12.09,12.09
54.405,0.08,-0.23,-12.09,12.09
54.415,0.08,-0.23,-12.09,12.09
54.425,0.08,-0.23,-12.09,12.09
54.435,0.08,-0.23,-12.09,12.09
54.445,0.08,-0.23,-12.09,12.09
54.455,0.08,-0.23,-12.09,12.09
54.465,0.08,-0.23,-12.09,12.09
54.475,0.08,-0.23,-12.09,12.09
54.485,0.08,-0.23,-12.09,12.09
54.495,0.08,-0.23,-12.09,12.09
54.505,0.08,-0.23,-12.09,12.09
54.515,0.08,-0.23,-12.09,12.09
54.525,0.08,-0.23,-12.09,12.09
54.535,0.08,-0.23,-12.09,12.09
54.545,0.08,-0.23,-12.09,12.09
54.555,0.08,-0.23,-12.09,12.09
54.565,0.08,-0.23,-12.09,12.09
54.575,0.08,-0.23,-12.09,12.09
54.585,0.08,-0.23,-12.09,12.09
54.595,0.08,-0.23,-12.09,12.09
54.605,0.08,-0.23,-12.09,12.09
54.615,0.08,-0.23,-12.09,12.09
54.625,0.08,-0.23,-12.09,12.09
54.635,0.08,-0.23,-12.09,12.09
54.645,0.08,-0.23,-12.09,12.09
54.655,0.08,-0.23,-12.09,12.09
54.665,0.08,-0.23,-12.09,12.09
54.675,0.08,-0.23,-12.09,12.09
54.685,0.08,-0.23,-12.09,12.09
54.695,0.08,-0.23,-12.09,12.09
54.705,0.08,-0.23,-12.09,12.09
54.715,0.08,-0.23,-12.09,12.09
54.725,0.08,-0.23,-12.09,12.09
54.735,0.08,-0.23,-12.09,12.09
54.745,0.08,-0.23,-12.09,12.09
54.755,0.08,-0.23,-12.09,12.09
54.765,0.08,-0.23,-12.09,12.09
54.775,0.08,-0.23,-12.09,12.09
54.785,0.08,-0.23,-12.09,12.09
54.795,0.08,-0.23,-12.09,12.09
54.805,0.08,-0.23,-12.09,12.09
54.815,0.08,-0.23,-12.09,12.09
54.825,0.08,-0.23,-12.09,12.09
54.835,0.08,-0.23,-12.09,12.09
54.845,0.08,-0.23,-12.09,12.09
54.855,0.08,-0.23,-12.09,12.09
54.865,0.08,-0.23,-12.09,12.09
54.875,0.08,-0.23,-12.09,12.09
54.885,0.08,-0.23,-12.09,12.09
54.895,0.08,-0.23,-12.09,12.09
54.905,0.08,-0.23,-12.09,12.09
54.915,0.08,-0.23,-12.09,12.09
54.925,0.08,-0.23,-12.09,12.09
54.935,0.08,-0.23,-12.09,12.09
54.945,0.08,-0.23,-12.09,12.09
54.955,0.08,-0.23,-12.09,12.09
54.965,0.08,-0.23,-12.09,12.09
54.975,0.08,-0.23,-12.09,12.09
54.985,0.08,-0.23,-12.09,12.09
54.995,0.08,-0.23,-12.09,12.09
55.005,0.08,-0.23,-12.09,12.09
55.015,0.08,-0.23,-12.09,12.09
55.025,0.08,-0.23,-12.09,12.09
55.035,0.08,-0.23,-12.09,12.09
55.045,0.08,-0.23,-12.09,12.09
55.055,0.08,-0.23,-12.09,12.09
55.065,0.08,-0.23,-12.09,12.09
55.075,0.08,-0.23,-12.09,12.09
55.085,0.08,-0.23,-12.09,12.09
55.095,0.08,-0.23,-12.09,12.09
55.105,0.08,-0.23,-12.09,12.09
55.115,0.08,-0.23,-12.09,12.09
55.125,0.08,-0.23,-12.09,12.09
55.135,0.08,-0.23,-12.09,12.09
55.145,0.08,-0.23,-12.09,12.09
55.155,0.08,-0.23,-12.09,12.09
55.165,0.08,-0.23,-12.09,12.09
55.175,0.08,-0.23,-12.09,12.09
55.185,0.08,-0.23,-12.09,12.09
55.195,0.08,-0.23,-12.09,12.09
55.205,0.08,-0.23,-12.09,12.09
55.215,0.08,-0.23,-12.09,12.09
55.225,0.08,-0.23,-12.09,12.09
55.235,0.08,-0.23,-12.09,12.09
55.245,0.08,-0.23,-12.09,12.09
55.255,0.08,-0.23,-12.09,12.09
55.265,0.08,-0.23,-12.09,12.09
55.275,0.08,-0.23,-12.09,12.09
55.285,0.08,-0.23,-12.09,12.09
55.295,0.08,-0.23,-12.09,12.09
55.305,0.08,-0.23,-12.09,12.09
55.315,0.08,-0.23,-12.09,12.09
55.325,0.08,-0.23,-12.09,12.09
55.335,0.08,-0.23,-12.09,12.09
55.345,0.08,-0.23,-12.09,12.09
55.355,0.08,-0.23,-12.09,12.09
55.365,0.08,-0.23,-12.09,12.09
55.375,0.08,-0.23,-12.09,12.09
55.385,0.08,-0.23,-12.09,12.09
55.395,0.08,-0.23,-12.09,12.09
55.405,0.08,-0.23,-12.09,12.09
55.415,0.08,-0.23,-12.09,12.09
55.425,0.08,-0.23,-12.09,12.09
55.435,0.08,-0.23,-12.09,12.09
55.445,0.08,-0.23,-12.09,12.09
55.455,0.08,-0.23,-12.09,12.09
55.465,0.08,-0.23,-12.09,12.09
55.475,0.08,-0.23,-12.09,12.09
55.485,0.08,-0.23,-12.09,12.09
55.495,0.08,-0.23,-12.09,12.09
55.505,0.08,-0.23,-12.09,12.09
55.515,0.08,-0.23,-12.09,12.09
55.525,0.08,-0.23,-12.09,12.09
55.535,0.08,-0.23,-12.09,12.09
55.545,0.08,-0.23,-12.09,12.09
55.555,0.08,-0.23,-12.09,12.09
55.565,0.08,-0.23,-12.09,12.09
55.575,0.08,-0.23,-12.09,12.09
55.585,0.08,-0.23,-12.09,12.09
55.595,0.08,-0.23,-12.09,12.09
55.605,0.08,-0.23,-12.09,12.09
55.615,0.08,-0.23,-12.09,12.09
55.625,0.08,-0.23,-12.09,12.09
55.635,0.08,-0.23,-12.09,12.09
55.645,0.08,-0.23,-12.09,12.09
55.655,0.08,-0.23,-12.09,12.09
55.665,0.08,-0.23,-12.09,12.09
55.675,0.08,-0.23,-12.09,12.09
55.685,0.08,-0.23,-12.09,12.09
55.695,0.08,-0.23,-12.09,12.09
55.705,0.08,-0.23,-12.09,12.09
55.715,0.08,-0.23,-12.09,12.09
55.725,0.08,-0.23,-12.09,12.09
55.735,0.08,-0.23,-12.09,12.09
55.745,0.08,-0.23,-12.09,12.09
55.755,0.08,-0.23,-12.09,12.09
55.765,0.08,-0.23,-12.09,12.09
55.775,0.08,-0.23,-12.09,12.09
55.785,0.08,-0.23,-12.09,12.09
55.795,0.08,-0.23,-12.09,12.09
55.805,0.08,-0.23,-12.09,12.09
55.815,0.08,-0.23,-12.09,12.09
55.825,0.08,-0.23,-12.09,12.09
55.835,0.08,-0.23,-12.09,12.09
55.845,0.08,-0.23,-12.09,12.09
55.855,0.08,-0.23,-12.09,12.09
55.865,0.08,-0.23,-12.09,12.09
55.875,0.08,-0.23,-12.09,12.09
55.885,0.08,-0.23,-12.09,12.09
55.895,0.08,-0.23,-12.09,12.09
55.905,0.08,-0.23,-12.09,12.09
55.915,0.08,-0.23,-12.09,12.09
55.925,0.08,-0.23,-12.09,12.09
55.935,0.08,-0.23,-12.09,12.09
55.945,0.08,-0.23,-12.09,12.09
55.955,0.08,-0.23,-12.09,12.09
55.965,0.08,-0.23,-12.09,12.09
55.975,0.08,-0.23,-12.09,12.09
55.985,0.08,-0.23,-12.09,12.09
55.995,0.08,-0.23,-12.09,12.09
56.005,0.08,-0.23,-12.09,12.09
56.015,0.08,-0.23,-12.09,12.09
56.025,0.08,-0.23,-12.09,12.09
56.035,0.08,-0.23,-12.09,12.09
56.045,0.08,-0.23,-12.09,12.09
56.055,0.08,-0.23,-12.09,12.09
56.065,0.08,-0.23,-12.09,12.09
56.075,0.08,-0.23,-12.09,12.09
56.085,0.08,-0.23,-12.09,12.09
56.095,0.08,-0.23,-12.09,12.09
56.105,0.08,-0.23,-12.09,12.09
56.115,0.08,-0.23,-12.09,12.09
56.125,0.08,-0.23,-12.09,12.09
56.135,0.08,-0.23,-12.09,12.09
56.145,0.08,-0.23,-12.09,12.09
56.155,0.08,-0.23,-12.09,12.09
56.165,0.08,-0.23,-12.09,12.09
56.175,0.08,-0.23,-12.09,12.09
56.185,0.08,-0.23,-12.09,12.09
56.195,0.08,-0.23,-12.09,12.09
56.205,0.08,-0.23,-12.09,12.09
56.215,0.08,-0.23,-12.09,12.09
56.225,0.08,-0.23,-12.09,12.09
56.235,0.08,-0.23,-12.09,12.09
56.245,0.08,-0.23,-12.09,12.09
56.255,0.08,-0.23,-12.09,12.09
56.265,0.08,-0.23,-12.09,12.09
56.275,0.08,-0.23,-12.09,12.09
56.285,0.08,-0.23,-12.09,12.09
56.295,0.08,-0.23,-12.09,12.09
56.305,0.08,-0.23,-12.09,12.09
56.315,0.08,-0.23,-12.09,12.09
56.325,0.08,-0.23,-12.09,12.09
56.335,0.08,-0.23,-12.09,12.09
56.345,0.08,-0.23,-12.09,12.09
56.355,0.08,-0.23,-12.09,12.09
56.365,0.08,-0.23,-12.09,12.09
56.375,0.08,-0.23,-12.09,12.09
56.385,0.08,-0.23,-12.09,12.09
56.395,0.08,-0.23,-12.09,12.09
56.405,0.08,-0.23,-12.09,12.09
56.415,0.08,-0.23,-12.09,12.09
56.425,0.08,-0.23,-12.09,12.09
56.435,0.08,-0.23,-12.09,12.09
56.445,0.08,-0.23,-12.09,12.09
56.455,0.08,-0.23,-12.09,12.09
56.465,0.08,-0.23,-12.09,12.09
56.475,0.08,-0.23,-12.09,12.09
56.485,0.08,-0.23,-12.09,12.09
56.495,0.08,-0.23,-12.09,12.09
56.505,0.08,-0.23,-12.09,12.09
56.515,0.08,-0.23,-12.09,12.09
56.525,0.08,-0.23,-12.09,12.09
56.535,0.08,-0.23,-12.09,12.09
56.545,0.08,-0.23,-12.09,12.09
56.555,0.08,-0.23,-12.09,12.09
56.565,0.08,-0.23,-12.09,12.09
56.575,0.08,-0.23,-12.09,12.09
56.585,0.08,-0.23,-12.09,12.09
56.595,0.08,-0.23,-12.09,12.09
56.605,0.08,-0.23,-12.09,12.09
56.615,0.08,-0.23,-12.09,12.09
56.625,0.08,-0.23,-12.09,12.09
56.635,0.08,-0.23,-12.09,12.09
56.645,0.08,-0.23,-12.09,12.09
56.655,0.08,-0.23,-12.09,12.09
56.665,0.08,-0.23,-12.09,12.09
56.675,0.08,-0.23,-12.09,12.09
56.685,0.08,-0.23,-12.09,12.09
56.695,0.08,-0.23,-12.09,12.09
56.705,0.08,-0.23,-12.09,12.09
56.715,0.08,-0.23,-12.09,12.09
56.725,0.08,-0.23,-12.09,12.09
56.735,0.08,-0.23,-12.09,12.09
56.745,0.08,-0.23,-12.09,12.09
56.755,0.08,-0.23,-12.09,12.09
56.765,0.08,-0.23,-12.09,12.09
56.775,0.08,-0.23,-12.09,12.09
56.785,0.08,-0.23,-12.09,12.09
56.795,0.08,-0.23,-12.09,12.09
56.805,0.08,-0.23,-12.09,12.09
56.815,0.08,-0.23,-12.09,12.09
56.825,0.08,-0.23,-12.09,12.09
56.835,0.08,-0.23,-12.09,12.09
56.845,0.08,-0.23,-12.09,12.09
56.855,0.08,-0.23,-12.09,12.09
56.865,0.08,-0.23,-12.09,12.09
56.875,0.08,-0.23,-12.09,12.09
56.885,0.08,-0.23,-12.09,12.09
56.895,0.08,-0.23,-12.09,12.09
56.905,0.08,-0.23,-12.09,12.09
56.915,0.08,-0.23,-12.09,12.09
56.925,0.08,-0.23,-12.09,12.09
56.935,0.08,-0.23,-12.09,12.09
56.945,0.08,-0.23,-12.09,12.09
56.955,0.08,-0.23,-12.09,12.09
56.965,0.08,-0.23,-12.09,12.09
56.975,0.08,-0.23,-12.09,12.09
56.985,0.08,-0.23,-12.09,12.09
56.995,0.08,-0.23,-12.09,12.09
57.005,0.08,-0.23,-12.09,12.09
57.015,0.08,-0.23,-12.09,12.09
57.025,0.08,-0.23,-12.09,12.09
57.035,0.08,-0.23,-12.09,12.09
57.045,0.08,-0.23,-12.09,12.09
57.055,0.08,-0.23,-12.09,12.09
57.065,0.08,-0.23,-12.09,12.09
57.075,0.08,-0.23,-12.09,12.09
57.085,0.08,-0.23,-12.09,12.09
57.095,0.08,-0.23,-12.09,12.09
57.105,0.08,-0.23,-12.09,12.09
57.115,0.08,-0.23,-12.09,12.09
57.125,0.08,-0.23,-12.09,12.09
57.135,0.08,-0.23,-12.09,12.09
57.145,0.08,-0.23,-12.09,12.09
57.155,0.08,-0.23,-12.09,12.09
57.165,0.08,-0.23,-12.09,12.09
57.175,0.08,-0.23,-12.09,12.09
57.185,0.08,-0.23,-12.09,12.09
57.195,0.08,-0.23,-12.09,12.09
57.205,0.08,-0.23,-12.09,12.09
57.215,0.08,-0.23,-12.09,12.09
57.225,0.08,-0.23,-12.09,12.09
57.235,0.08,-0.23,-12.09,12.09
57.245,0.08,-0.23,-12.09,12.09
57.255,0.08,-0.23,-12.09,12.09
57.265,0.08,-0.23,-12.09,12.09
57.275,0.08,-0.23,-12.09,12.09
57.285,0.08,-0.23,-12.09,12.09
57.295,0.08,-0.23,-12.09,12.09
57.305,0.08,-0.23,-12.09,12.09
57.315,0.08,-0.23,-12.09,12.09
57.325,0.08,-0.23,-12.09,12.09
57.335,0.08,-0.23,-12.09,12.09
57.345,0.08,-0.23,-12.09,12.09
57.355,0.08,-0.23,-12.09,12.09
57.365,0.08,-0.23,-12.09,12.09
57.375,0.08,-0.23,-12.09,12.09
57.385,0.08,-0.23,-12.09,12.09
57.395,0.08,-0.23,-12.09,12.09
57.405,0.08,-0.23,-12.09,12.09
57.415,0.08,-0.23,-12.09,12.09
57.425,0.08,-0.23,-12.09,12.09
57.435,0.08,-0.23,-12.09,12.09
57.445,0.08,-0.23,-12.09,12.09
57.455,0.08,-0.23,-12.09,12.09
57.465,0.08,-0.23,-12.09,12.09
57.475,0.08,-0.23,-12.09,12.09
57.485,0.08,-0.23,-12.09,12.09
57.495,0.08,-0.23,-12.09,12.09
57.505,0.08,-0.23,-12.09,12.09
57.515,0.08,-0.23,-12.09,12.09
57.525,0.08,-0.23,-12.09,12.09
57.535,0.08,-0.23,-12.09,12.09
57.545,0.08,-0.23,-12.09,12.09
57.555,0.08,-0.23,-12.09,12.09
57.565,0.08,-0.23,-12.09,12.09
57.575,0.08,-0.23,-12.09,12.09
57.585,0.08,-0.23,-12.09,12.09
57.595,0.08,-0.23,-12.09,12.09
57.605,0.08,-0.23,-12.09,12.09
57.615,0.08,-0.23,-12.09,12.09
57.625,0.08,-0.23,-12.09,12.09
57.635,0.08,-0.23,-12.09,12.09
57.645,0.08,-0.23,-12.09,12.09
57.655,0.08,-0.23,-12.09,12.09
57.665,0.08,-0.23,-12.09,12.09
57.675,0.08,-0.23,-12.09,12.09
57.685,0.08,-0.23,-12.09,12.09
57.695,0.08,-0.23,-12.09,12.09
57.705,0.08,-0.23,-12.09,12.09
57.715,0.08,-0.23,-12.09,12.09
57.725,0.08,-0.23,-12.09,12.09
57.735,0.08,-0.23,-12.09,12.09
57.745,0.08,-0.23,-12.09,12.09
57.755,0.08,-0.23,-12.09,12.09
57.765,0.08,-0.23,-12.09,12.09
57.775,0.08,-0.23,-12.09,12.09
57.785,0.08,-0.23,-12.09,12.09
57.795,0.08,-0.23,-12.09,12.09
57.805,0.08,-0.23,-12.09,12.09
57.815,0.08,-0.23,-12.09,12.09
57.825,0.08,-0.23,-12.09,12.09
57.835,0.08,-0.23,-12.09,12.09
57.845,0.08,-0.23,-12.09,12.09
57.855,0.08,-0.23,-12.09,12.09
57.865,0.08,-0.23,-12.09,12.09
57.875,0.08,-0.23,-12.09,12.09
57.885,0.08,-0.23,-12.09,12.09
57.895,0.08,-0.23,-12.09,12.09
57.905,0.08,-0.23,-12.09,12.09
57.915,0.08,-0.23,-12.09,12.09
57.925,0.08,-0.23,-12.09,12.09
57.935,0.08,-0.23,-12.09,12.09
57.945,0.08,-0.23,-12.09,12.09
57.955,0.08,-0.23,-12.09,12.09
57.965,0.08,-0.23,-12.09,12.09
57.975,0.08,-0.23,-12.09,12.09
57.985,0.08,-0.23,-12.09,12.09
57.995,0.08,-0.23,-12.09,12.09
58.005,0.08,-0.23,-12.09,12.09
58.015,0.08,-0.23,-12.09,12.09
58.025,0.08,-0.23,-12.09,12.09
58.035,0.08,-0.23,-12.09,12.09
58.045,0.08,-0.23,-12.09,12.09
58.055,0.08,-0.23,-12.09,12.09
58.065,0.08,-0.23,-12.09,12.09
58.075,0.08,-0.23,-12.09,12.09
58.085,0.08,-0.23,-12.09,12.09
58.095,0.08,-0.23,-12.09,12.09
58.105,0.08,-0.23,-12.09,12.09
58.115,0.08,-0.23,-12.09,12.09
58.125,0.08,-0.23,-12.09,12.09
58.135,0.08,-0.23,-12.09,12.09
58.145,0.08,-0.23,-12.09,12.09
58.155,0.08,-0.23,-12.09,12.09
58.165,0.08,-0.23,-12.09,12.09
58.175,0.08,-0.23,-12.09,12.09
58.185,0.08,-0.23,-12.09,12.09
58.195,0.08,-0.23,-12.09,12.09
58.205,0.08,-0.23,-12.09,12.09
58.215,0.08,-0.23,-12.09,12.09
58.225,0.08,-0.23,-12.09,12.09
58.235,0.08,-0.23,-12.09,12.09
58.245,0.08,-0.23,-12.09,12.09
58.255,0.08,-0.23,-12.09,12.09
58.265,0.08,-0.23,-12.09,12.09
58.275,0.08,-0.23,-12.09,12.09
58.285,0.08,-0.23,-12.09,12.09
58.295,0.08,-0.23,-12.09,12.09
58.305,0.08,-0.23,-12.09,12.09
58.315,0.08,-0.23,-12.09,12.09
58.325,0.08,-0.23,-12.09,12.09
58.335,0.08,-0.23,-12.09,12.09
58.345,0.08,-0.23,-12.09,12.09
58.355,0.08,-0.23,-12.09,12.09
58.365,0.08,-0.23,-12.09,12.09
58.375,0.08,-0.23,-12.09,12.09
58.385,0.08,-0.23,-12.09,12.09
58.395,0.08,-0.23,-12.09,12.09
58.405,0.08,-0.23,-12.09,12.09
58.415,0.08,-0.23,-12.09,12.09
58.425,0.08,-0.23,-12.09,12.09
58.435,0.08,-0.23,-12.09,12.09
58.445,0.08,-0.23,-12.09,12.09
58.455,0.08,-0.23,-12.09,12.09
58.465,0.08,-0.23,-12.09,12.09
58.475,0.08,-0.23,-12.09,12.09
58.485,0.08,-0.23,-12.09,12.09
58.495,0.08,-0.23,-12.09,12.09
58.505,0.08,-0.23,-12.09,12.09
58.515,0.08,-0.23,-12.09,12.09
58.525,0.08,-0.23,-12.09,12.09
58.535,0.08,-0.23,-12.09,12.09
58.545,0.08,-0.23,-12.09,12.09
58.555,0.08,-0.23,-12.09,12.09
58.565,0.08,-0.23,-12.09,12.09
58.575,0.08,-0.23,-12.09,12.09
58.585,0.08,-0.23,-12.09,12.09
58.595,0.08,-0.23,-12.09,12.09
58.605,0.08,-0.23,-12.09,12.09
58.615,0.08,-0.23,-12.09,12.09
58.625,0.08,-0.23,-12.09,12.09
58.635,0.08,-0.23,-12.09,12.09
58.645,0.08,-0.23,-12.09,12.09
58.655,0.08,-0.23,-12.09,12.09
58.665,0.08,-0.23,-12.09,12.09
58.675,0.08,-0.23,-12.09,12.09
58.685,0.08,-0.23,-12.09,12.09
58.695,0.08,-0.23,-12.09,12.09
58.705,0.08,-0.23,-12.09,12.09
58.715,0.08,-0.23,-12.09,12.09
58.725,0.08,-0.23,-12.09,12.09
58.735,0.08,-0.23,-12.09,12.09
58.745,0.08,-0.23,-12.09,12.09
58.755,0.08,-0.23,-12.09,12.09
58.765,0.08,-0.23,-12.09,12.09
58.775,0.08,-0.23,-12.09,12.09
58.785,0.08,-0.23,-12.09,12.09
58.795,0.08,-0.23,-12.09,12.09
58.805,0.08,-0.23,-12.09,12.09
58.815,0.08,-0.23,-12.09,12.09
58.825,0.08,-0.23,-12.09,12.09
58.835,0.08,-0.23,-12.09,12.09
58.845,0.08,-0.23,-12.09,12.09
58.855,0.08,-0.23,-12.09,12.09
58.865,0.08,-0.23,-12.09,12.09
58.875,0.08,-0.23,-12.09,12.09
58.885,0.08,-0.23,-12.09,12.09
58.895,0.08,-0.23,-12.09,12.09
58.905,0.08,-0.23,-12.09,12.09
58.915,0.08,-0.23,-12.09,12.09
58.925,0.08,-0.23,-12.09,12.09
58.935,0.08,-0.23,-12.09,12.09
58.945,0.08,-0.23,-12.09,12.09
58.955,0.08,-0.23,-12.09,12.09
58.965,0.08,-0.23,-12.09,12.09
58.975,0.08,-0.23,-12.09,12.09
58.985,0.08,-0.23,-12.09,12.09
58.995,0.08,-0.23,-12.09,12.09
59.005,0.08,-0.23,-12.09,12.09
59.015,0.08,-0.23,-12.09,12.09
59.025,0.08,-0.23,-12.09,12.09
59.035,0.08,-0.23,-12.09,12.09
59.045,0.08,-0.23,-12.09,12.09
59.055,0.08,-0.23,-12.09,12.09
59.065,0.08,-0.23,-12.09,12.09
59.075,0.08,-0.23,-12.09,12.09
59.085,0.08,-0.23,-12.09,12.09
59.095,0.08,-0.23,-12.09,12.09
59.105,0.08,-0.23,-12.09,12.09
59.115,0.08,-0.23,-12.09,12.09
59.125,0.08,-0.23,-12.09,12.09
59.135,0.08,-0.23,-12.09,12.09
59.145,0.08,-0.23,-12.09,12.09
59.155,0.08,-0.23,-12.09,12.09
59.165,0.08,-0.23,-12.09,12.09
59.175,0.08,-0.23,-12.09,12.09
59.185,0.08,-0.23,-12.09,12.09
59.195,0.08,-0.23,-12.09,12.09
59.205,0.08,-0.23,-12.09,12.09
59.215,0.08,-0.23,-12.09,12.09
59.225,0.08,-0.23,-12.09,12.09
59.235,0.08,-0.23,-12.09,12.09
59.245,0.08,-0.23,-12.09,12.09
59.255,0.08,-0.23,-12.09,12.09
59.265,0.08,-0.23,-12.09,12.09
59.275,0.08,-0.23,-12.09,12.09
59.285,0.08,-0.23,-12.09,12.09
59.295,0.08,-0.23,-12.09,12.09
59.305,0.08,-0.23,-12.09,12.09
59.315,0.08,-0.23,-12.09,12.09
59.325,0.08,-0.23,-12.09,12.09
59.335,0.08,-0.23,-12.09,12.09
59.345,0.08,-0.23,-12.09,12.09
59.355,0.08,-0.23,-12.09,12.09
59.365,0.08,-0.23,-12.09,12.09
59.375,0.08,-0.23,-12.09,12.09
59.385,0.08,-0.23,-12.09,12.09
59.395,0.08,-0.23,-12.09,12.09
59.405,0.08,-0.23,-12.09,12.09
59.415,0.08,-0.23,-12.09,12.09
59.425,0.08,-0.23,-12.09,12.09
59.435,0.08,-0.23,-12.09,12.09
59.445,0.08,-0.23,-12.09,12.09
59.455,0.08,-0.23,-12.09,12.09
59.465,0.08,-0.23,-12.09,12.09
59.475,0.08,-0.23,-12.09,12.09
59.485,0.08,-0.23,-12.09,12.09
59.495,0.08,-0.23,-12.09,12.09
59.505,0.08,-0.23,-12.09,12.09
59.515,0.08,-0.23,-12.09,12.09
59.525,0.08,-0.23,-12.09,12.09
59.535,0.08,-0.23,-12.09,12.09
59.545,0.08,-0.23,-12.09,12.09
59.555,0.08,-0.23,-12.09,12.09
59.565,0.08,-0.23,-12.09,12.09
59.575,0.08,-0.23,-12.09,12.09
59.585,0.08,-0.23,-12.09,12.09
59.595,0.08,-0.23,-12.09,12.09
59.605,0.08,-0.23,-12.09,12.09
59.615,0.08,-0.23,-12.09,12.09
59.625,0.08,-0.23,-12.09,12.09
59.635,0.08,-0.23,-12.09,12.09
59.645,0.08,-0.23,-12.09,12.09
59.655,0.08,-0.23,-12.09,12.09
59.665,0.08,-0.23,-12.09,12.09
59.675,0.08,-0.23,-12.09,12.09
59.685,0.08,-0.23,-12.09,12.09
59.695,0.08,-0.23,-12.09,12.09
59.705,0.08,-0.23,-12.09,12.09
59.715,0.08,-0.23,-12.09,12.09
59.725,0.08,-0.23,-12.09,12.09
59.735,0.08,-0.23,-12.09,12.09
59.745,0.08,-0.23,-12.09,12.09
59.755,0.08,-0.23,-12.09,12.09
59.765,0.08,-0.23,-12.09,12.09
59.775,0.08,-0.23,-12.09,12.09
59.785,0.08,-0.23,-12.09,12.09
59.795,0.08,-0.23,-12.09,12.09
59.805,0.08,-0.23,-12.09,12.09
59.815,0.08,-0.23,-12.09,12.09
59.825,0.08,-0.23,-12.09,12.09
59.835,0.08,-0.23,-12.09,12.09
59.845,0.08,-0.23,-12.09,12.09
59.855,0.08,-0.23,-12.09,12.09
59.865,0.08,-0.23,-12.09,12.09
59.875,0.08,-0.23,-12.09,12.09
59.885,0.08,-0.23,-12.09,12.09
59.895,0.08,-0.23,-12.09,12.09
59.905,0.08,-0.23,-12.09,12.09
59.915,0.08,-0.23,-12.09,12.09
59.925,0.08,-0.23,-12.09,12.09
59.935,0.08,-0.23,-12.09,12.09
59.945,0.08,-0.23,-12.09,12.09
59.955,0.08,-0.23,-12.09,12.09
59.965,0.08,-0.23,-12.09,12.09
59.975,0.08,-0.23,-12.09,12.09
59.985,0.08,-0.23,-12.09,12.09
59.995,0.08,-0.23,-12.09,12.09
60.005,0.08,-0.23,-12.09,12.09
60.015,0.08,-0.23,-12.09,12.09
60.025,0.08,-0.23,-12.09,12.09
60.035,0.08,-0.23,-12.09,12.09
60.045,0.08,-0.23,-12.09,12.09
60.055,0.08,-0.23,-12.09,12.09
60.065,0.08,-0.23,-12.09,12.09
60.075,0.08,-0.23,-12.09,12.09
60.085,0.08,-0.23,-12.09,12.09
60.095,0.08,-0.23,-12.09,12.09
60.105,0.08,-0.23,-12.09,12.09
60.115,0.08,-0.23,-12.09,12.09
60.125,0.08,-0.23,-12.09,12.09
60.135,0.08,-0.23,-12.09,12.09
60.145,0.08,-0.23,-12.09,12.09
60.155,0.08,-0.23,-12.09,12.09
60.165,0.08,-0.23,-12.09,12.09
60.175,0.08,-0.23,-12.09,12.09
60.185,0.08,-0.23,-12.09,12.09
60.195,0.08,-0.23,-12.09,12.09
60.205,0.08,-0.23,-12.09,12.09
60.215,0.08,-0.23,-12.09,12.09
60.225,0.08,-0.23,-12.09,12.09
60.235,0.08,-0.23,-12.09,12.09
60.245,0.08,-0.23,-12.09,12.09
60.255,0.08,-0.23,-12.09,12.09
60.265,0.08,-0.23,-12.09,12.09
60.275,0.08,-0.23,-12.09,12.09
60.285,0.08,-0.23,-12.09,12.09
60.295,0.08,-0.23,-12.09,12.09
60.305,0.08,-0.23,-12.09,12.09
60.315,0.08,-0.23,-12.09,12.09
60.325,0.08,-0.23,-12.09,12.09
60.335,0.08,-0.23,-12.09,12.09
60.345,0.08,-0.23,-12.09,12.09
60.355,0.08,-0.23,-12.09,12.09
60.365,0.08,-0.23,-12.09,12.09
60.375,0.08,-0.23,-12.09,12.09
60.385,0.08,-0.23,-12.09,12.09
60.395,0.08,-0.23,-12.09,12.09
60.405,0.08,-0.23,-12.09,12.09
60.415,0.08,-0.23,-12.09,12.09
60.425,0.08,-0.23,-12.09,12.09
60.435,0.08,-0.23,-12.09,12.09
60.445,0.08,-0.23,-12.09,12.09
60.455,0.08,-0.23,-12.09,12.09
60.465,0.08,-0.23,-12.09,12.09
60.475,0.08,-0.23,-12.09,12.09
60.485,0.08,-0.23,-12.09,12.09
60.495,0.08,-0.23,-12.09,12.09
60.505,0.08,-0.23,-12.09,12.09
60.515,0.08,-0.23,-12.09,12.09
60.525,0.08,-0.23,-12.09,12.09
60.535,0.08,-0.23,-12.09,12.09
60.545,0.08,-0.23,-12.09,12.09
60.555,0.08,-0.23,-12.09,12.09
60.565,0.08,-0.23,-12.09,12.09
60.575,0.08,-0.23,-12.09,12.09
60.585,0.08,-0.23,-12.09,12.09
60.595,0.08,-0.23,-12.09,12.09
60.605,0.08,-0.23,-12.09,12.09
60.615,0.08,-0.23,-12.09,12.09
60.625,0.08,-0.23,-12.09,12.09
60.635,0.08,-0.23,-12.09,12.09
60.645,0.08,-0.23,-12.09,12.09
60.655,0.08,-0.23,-12.09,12.09
60.665,0.08,-0.23,-12.09,12.09
60.675,0.08,-0.23,-12.09,12.09
60.685,0.08,-0.23,-12.09,12.09
60.695,0.08,-0.23,-12.09,12.09
60.705,0.08,-0.23,-12.09,12.09
60.715,0.08,-0.23,-12.09,12.09
60.725,0.08,-0.23,-12.09,12.09
60.735,0.08,-0.23,-12.09,12.09
60.745,0.08,-0.23,-12.09,12.09
60.755,0.08,-0.23,-12.09,12.09
60.765,0.08,-0.23,-12.09,12.09
60.775,0.08,-0.23,-12.09,12.09
60.785,0.08,-0.23,-12.09,12.09
60.795,0.08,-0.23,-12.09,12.09
60.805,0.08,-0.23,-12.09,12.09
60.815,0.08,-0.23,-12.09,12.09
60.825,0.08,-0.23,-12.09,12.09
60.835,0.08,-0.23,-12.09,12.09
60.845,0.08,-0.23,-12.09,12.09
60.855,0.08,-0.23,-12.09,12.09
60.865,0.08,-0.23,-12.09,12.09
60.875,0.08,-0.23,-12.09,12.09
60.885,0.08,-0.23,-12.09,12.09
60.895,0.08,-0.23,-12.09,12.09
60.905,0.08,-0.23,-12.09,12.09
60.915,0.08,-0.23,-12.09,12.09
60.925,0.08,-0.23,-12.09,12.09
60.935,0.08,-0.23,-12.09,12.09
60.945,0.08,-0.23,-12.09,12.09
60.955,0.08,-0.23,-12.09,12.09
60.965,0.08,-0.23,-12.09,12.09
60.975,0.08,-0.23,-12.09,12.09
60.985,0.08,-0.23,-12.09,12.09
60.995,0.08,-0.23,-12.09,12.09
61.005,0.08,-0.23,-12.09,12.09
61.016,0.08,-0.23,-12.09,12.09
61.025,0.08,-0.23,-12.09,12.09
61.035,0.08,-0.23,-12.09,12.09
61.045,0.08,-0.23,-12.09,12.09
61.055,0.08,-0.23,-12.09,12.09
61.065,0.08,-0.23,-12.09,12.09
61.075,0.08,-0.23,-12.09,12.09
61.085,0.08,-0.23,-12.09,12.09
61.095,0.08,-0.23,-12.09,12.09
61.105,0.08,-0.23,-12.09,12.09
61.115,0.08,-0.23,-12.09,12.09
61.125,0.08,-0.23,-12.09,12.09
61.135,0.08,-0.23,-12.09,12.09
61.145,0.08,-0.23,-12.09,12.09
61.155,0.08,-0.23,-12.09,12.09
61.165,0.08,-0.23,-12.09,12.09
61.175,0.08,-0.23,-12.09,12.09
61.185,0.08,-0.23,-12.09,12.09
61.195,0.08,-0.23,-12.09,12.09
61.205,0.08,-0.23,-12.09,12.09
61.215,0.08,-0.23,-12.09,12.09
61.225,0.08,-0.23,-12.09,12.09
61.235,0.08,-0.23,-12.09,12.09
61.245,0.08,-0.23,-12.09,12.09
61.255,0.08,-0.23,-12.09,12.09
61.265,0.08,-0.23,-12.09,12.09
61.275,0.08,-0.23,-12.09,12.09
61.285,0.08,-0.23,-12.09,12.09
61.295,0.08,-0.23,-12.09,12.09
61.305,0.08,-0.23,-12.09,12.09
61.315,0.08,-0.23,-12.09,12.09
61.325,0.08,-0.23,-12.09,12.09
61.335,0.08,-0.23,-12.09,12.09
61.345,0.08,-0.23,-12.09,12.09
61.355,0.08,-0.23,-12.09,12.09
61.365,0.08,-0.23,-12.09,12.09
61.375,0.08,-0.23,-12.09,12.09
61.385,0.08,-0.23,-12.09,12.09
61.395,0.08,-0.23,-12.09,12.09
61.405,0.08,-0.23,-12.09,12.09
61.415,0.08,-0.23,-12.09,12.09
61.425,0.08,-0.23,-12.09,12.09
61.435,0.08,-0.23,-12.09,12.09
61.445,0.08,-0.23,-12.09,12.09
61.455,0.08,-0.23,-12.09,12.09
61.465,0.08,-0.23,-12.09,12.09
61.475,0.08,-0.23,-12.09,12.09
61.485,0.08,-0.23,-12.09,12.09
61.495,0.08,-0.23,-12.09,12.09
61.505,0.08,-0.23,-12.09,12.09
61.515,0.08,-0.23,-12.09,12.09
61.525,0.08,-0.23,-12.09,12.09
61.535,0.08,-0.23,-12.09,12.09
61.545,0.08,-0.23,-12.09,12.09
61.555,0.08,-0.23,-12.09,12.09
61.565,0.08,-0.23,-12.09,12.09
61.575,0.08,-0.23,-12.09,12.09
61.585,0.08,-0.23,-12.09,12.09
61.595,0.08,-0.23,-12.09,12.09
61.605,0.08,-0.23,-12.09,12.09
61.615,0.08,-0.23,-12.09,12.09
61.625,0.08,-0.23,-12.09,12.09
61.635,0.08,-0.23,-12.09,12.09
61.645,0.08,-0.23,-12.09,12.09
61.655,0.08,-0.23,-12.09,12.09
61.665,0.08,-0.23,-12.09,12.09
61.675,0.08,-0.23,-12.09,12.09
61.685,0.08,-0.23,-12.09,12.09
61.695,0.08,-0.23,-12.09,12.09
61.705,0.08,-0.23,-12.09,12.09
61.715,0.08,-0.23,-12.09,12.09
61.725,0.08,-0.23,-12.09,12.09
61.735,0.08,-0.23,-12.09,12.09
61.745,0.08,-0.23,-12.09,12.09
61.755,0.08,-0.23,-12.09,12.09
61.765,0.08,-0.23,-12.09,12.09
61.775,0.08,-0.23,-12.09,12.09
61.785,0.08,-0.23,-12.09,12.09
61.795,0.08,-0.23,-12.09,12.09
61.805,0.08,-0.23,-12.09,12.09
61.815,0.08,-0.23,-12.09,12.09
61.825,0.08,-0.23,-12.09,12.09
61.835,0.08,-0.23,-12.09,12.09
61.845,0.08,-0.23,-12.09,12.09
61.855,0.08,-0.23,-12.09,12.09
61.865,0.08,-0.23,-12.09,12.09
61.875,0.08,-0.23,-12.09,12.09
61.885,0.08,-0.23,-12.09,12.09
61.895,0.08,-0.23,-12.09,12.09
61.905,0.08,-0.23,-12.09,12.09
61.915,0.08,-0.23,-12.09,12.09
61.925,0.08,-0.23,-12.09,12.09
61.935,0.08,-0.23,-12.09,12.09
61.945,0.08,-0.23,-12.09,12.09
61.955,0.08,-0.23,-12.09,12.09
61.965,0.08,-0.23,-12.09,12.09
61.975,0.08,-0.23,-12.09,12.09
61.985,0.08,-0.23,-12.09,12.09
61.995,0.08,-0.23,-12.09,12.09
62.005,0.08,-0.23,-12.09,12.09
62.015,0.08,-0.23,-12.09,12.09
62.025,0.08,-0.23,-12.09,12.09
62.035,0.08,-0.23,-12.09,12.09
62.045,0.08,-0.23,-12.09,12.09
62.055,0.08,-0.23,-12.09,12.09
62.065,0.08,-0.23,-12.09,12.09
62.075,0.08,-0.23,-12.09,12.09
62.085,0.08,-0.23,-12.09,12.09
62.095,0.08,-0.23,-12.09,12.09
62.105,0.08,-0.23,-12.09,12.09
62.115,0.08,-0.23,-12.09,12.09
62.125,0.08,-0.23,-12.09,12.09
62.135,0.08,-0.23,-12.09,12.09
62.145,0.08,-0.23,-12.09,12.09
62.155,0.08,-0.23,-12.09,12.09
62.165,0.08,-0.23,-12.09,12.09
62.175,0.08,-0.23,-12.09,12.09
62.185,0.08,-0.23,-12.09,12.09
62.195,0.08,-0.23,-12.09,12.09
62.205,0.08,-0.23,-12.09,12.09
62.215,0.08,-0.23,-12.09,12.09
62.225,0.08,-0.23,-12.09,12.09
62.235,0.08,-0.23,-12.09,12.09
62.245,0.08,-0.23,-12.09,12.09
62.255,0.08,-0.23,-12.09,12.09
62.265,0.08,-0.23,-12.09,12.09
62.275,0.08,-0.23,-12.09,12.09
62.285,0.08,-0.23,-12.09,12.09
62.295,0.08,-0.23,-12.09,12.09
62.305,0.08,-0.23,-12.09,12.09
62.315,0.08,-0.23,-12.09,12.09
62.325,0.08,-0.23,-12.09,12.09
62.335,0.08,-0.23,-12.09,12.09
62.345,0.08,-0.23,-12.09,12.09
62.355,0.08,-0.23,-12.09,12.09
62.365,0.08,-0.23,-12.09,12.09
62.375,0.08,-0.23,-12.09,12.09
62.385,0.08,-0.23,-12.09,12.09
62.395,0.08,-0.23,-12.09,12.09
62.405,0.08,-0.23,-12.09,12.09
62.415,0.08,-0.23,-12.09,12.09
62.425,0.08,-0.23,-12.09,12.09
62.435,0.08,-0.23,-12.09,12.09
62.445,0.08,-0.23,-12.09,12.09
62.455,0.08,-0.23,-12.09,12.09
62.465,0.08,-0.23,-12.09,12.09
62.475,0.08,-0.23,-12.09,12.09
62.485,0.08,-0.23,-12.09,12.09
62.495,0.08,-0.23,-12.09,12.09
62.505,0.08,-0.23,-12.09,12.09
62.515,0.08,-0.23,-12.09,12.09
62.525,0.08,-0.23,-12.09,12.09
62.535,0.08,-0.23,-12.09,12.09
62.545,0.08,-0.23,-12.09,12.09
62.555,0.08,-0.23,-12.09,12.09
62.565,0.08,-0.23,-12.09,12.09
62.575,0.08,-0.23,-12.09,12.09
62.585,0.08,-0.23,-12.09,12.09
62.595,0.08,-0.23,-12.09,12.09
62.605,0.08,-0.23,-12.09,12.09
62.615,0.08,-0.23,-12.09,12.09
62.625,0.08,-0.23,-12.09,12.09
62.635,0.08,-0.23,-12.09,12.09
62.645,0.08,-0.23,-12.09,12.09
62.655,0.08,-0.23,-12.09,12.09
62.665,0.08,-0.23,-12.09,12.09
62.675,0.08,-0.23,-12.09,12.09
62.685,0.08,-0.23,-12.09,12.09
62.695,0.08,-0.23,-12.09,12.09
62.705,0.08,-0.23,-12.09,12.09
62.715,0.08,-0.23,-12.09,12.09
62.725,0.08,-0.23,-12.09,12.09
62.735,0.08,-0.23,-12.09,12.09
62.745,0.08,-0.23,-12.09,12.09
62.755,0.08,-0.23,-12.09,12.09
62.765,0.08,-0.23,-12.09,12.09
62.775,0.08,-0.23,-12.09,12.09
62.785,0.08,-0.23,-12.09,12.09
62.795,0.08,-0.23,-12.09,12.09
62.805,0.08,-0.23,-12.09,12.09
62.815,0.08,-0.23,-12.09,12.09
62.825,0.08,-0.23,-12.09,12.09
62.835,0.08,-0.23,-12.09,12.09
62.845,0.08,-0.23,-12.09,12.09
62.855,0.08,-0.23,-12.09,12.09
62.865,0.08,-0.23,-12.09,12.09
62.875,0.08,-0.23,-12.09,12.09
62.885,0.08,-0.23,-12.09,12.09
62.895,0.08,-0.23,-12.09,12.09
62.905,0.08,-0.23,-12.09,12.09
62.915,0.08,-0.23,-12.09,12.09
62.925,0.08,-0.23,-12.09,12.09
62.935,0.08,-0.23,-12.09,12.09
62.945,0.08,-0.23,-12.09,12.09
62.955,0.08,-0.23,-12.09,12.09
62.965,0.08,-0.23,-12.09,12.09
62.975,0.08,-0.23,-12.09,12.09
62.985,0.08,-0.23,-12.09,12.09
62.995,0.08,-0.23,-12.09,12.09
63.005,0.08,-0.23,-12.09,12.09
63.015,0.08,-0.23,-12.09,12.09
63.025,0.08,-0.23,-12.09,12.09
63.035,0.08,-0.23,-12.09,12.09
63.045,0.08,-0.23,-12.09,12.09
63.055,0.08,-0.23,-12.09,12.09
63.065,0.08,-0.23,-12.09,12.09
63.075,0.08,-0.23,-12.09,12.09
63.085,0.08,-0.23,-12.09,12.09
63.095,0.08,-0.23,-12.09,12.09
63.105,0.08,-0.23,-12.09,12.09
63.115,0.08,-0.23,-12.09,12.09
63.125,0.08,-0.23,-12.09,12.09
63.135,0.08,-0.23,-12.09,12.09
63.145,0.08,-0.23,-12.09,12.09
63.155,0.08,-0.23,-12.09,12.09
63.165,0.08,-0.23,-12.09,12.09
63.175,0.08,-0.23,-12.09,12.09
63.185,0.08,-0.23,-12.09,12.09
63.195,0.08,-0.23,-12.09,12.09
63.205,0.08,-0.23,-12.09,12.09
63.215,0.08,-0.23,-12.09,12.09
63.225,0.08,-0.23,-12.09,12.09
63.235,0.08,-0.23,-12.09,12.09
63.245,0.08,-0.23,-12.09,12.09
63.255,0.08,-0.23,-12.09,12.09
63.265,0.08,-0.23,-12.09,12.09
63.275,0.08,-0.23,-12.09,12.09
63.285,0.08,-0.23,-12.09,12.09
63.295,0.08,-0.23,-12.09,12.09
63.305,0.08,-0.23,-12.09,12.09
63.315,0.08,-0.23,-12.09,12.09
63.325,0.08,-0.23,-12.09,12.09
63.335,0.08,-0.23,-12.09,12.09
63.345,0.08,-0.23,-12.09,12.09
63.355,0.08,-0.23,-12.09,12.09
63.365,0.08,-0.23,-12.09,12.09
63.375,0.08,-0.23,-12.09,12.09
63.385,0.08,-0.23,-12.09,12.09
63.395,0.08,-0.23,-12.09,12.09
63.405,0.08,-0.23,-12.09,12.09
63.415,0.08,-0.23,-12.09,12.09
63.425,0.08,-0.23,-12.09,12.09
63.435,0.08,-0.23,-12.09,12.09
63.445,0.08,-0.23,-12.09,12.09
63.455,0.08,-0.23,-12.09,12.09
63.465,0.08,-0.23,-12.09,12.09
63.475,0.08,-0.23,-12.09,12.09
63.485,0.08,-0.23,-12.09,12.09
63.495,0.08,-0.23,-12.09,12.09
63.505,0.08,-0.23,-12.09,12.09
63.515,0.08,-0.23,-12.09,12.09
63.525,0.08,-0.23,-12.09,12.09
63.535,0.08,-0.23,-12.09,12.09
63.545,0.08,-0.23,-12.09,12.09
63.555,0.08,-0.23,-12.09,12.09
63.565,0.08,-0.23,-12.09,12.09
63.575,0.08,-0.23,-12.09,12.09
63.585,0.08,-0.23,-12.09,12.09
63.595,0.08,-0.23,-12.09,12.09
63.605,0.08,-0.23,-12.09,12.09
63.615,0.08,-0.23,-12.09,12.09
63.625,0.08,-0.23,-12.09,12.09
63.635,0.08,-0.23,-12.09,12.09
63.645,0.08,-0.23,-12.09,12.09
63.655,0.08,-0.23,-12.09,12.09
63.665,0.08,-0.23,-12.09,12.09
63.675,0.08,-0.23,-12.09,12.09
63.685,0.08,-0.23,-12.09,12.09
63.695,0.08,-0.23,-12.09,12.09
63.705,0.08,-0.23,-12.09,12.09
63.715,0.08,-0.23,-12.09,12.09
63.725,0.08,-0.23,-12.09,12.09
63.735,0.08,-0.23,-12.09,12.09
63.745,0.08,-0.23,-12.09,12.09
63.755,0.08,-0.23,-12.09,12.09
63.765,0.08,-0.23,-12.09,12.09
63.775,0.08,-0.23,-12.09,12.09
63.785,0.08,-0.23,-12.09,12.09
63.795,0.08,-0.23,-12.09,12.09
63.805,0.08,-0.23,-12.09,12.09
63.815,0.08,-0.23,-12.09,12.09
63.825,0.08,-0.23,-12.09,12.09
63.835,0.08,-0.23,-12.09,12.09
63.845,0.08,-0.23,-12.09,12.09
63.855,0.08,-0.23,-12.09,12.09
63.865,0.08,-0.23,-12.09,12.09
63.875,0.08,-0.23,-12.09,12.09
63.885,0.08,-0.23,-12.09,12.09
63.895,0.08,-0.23,-12.09,12.09
63.905,0.08,-0.23,-12.09,12.09
63.915,0.08,-0.23,-12.09,12.09
63.925,0.08,-0.23,-12.09,12.09
63.935,0.08,-0.23,-12.09,12.09
63.945,0.08,-0.23,-12.09,12.09
63.955,0.08,-0.23,-12.09,12.09
63.965,0.08,-0.23,-12.09,12.09
63.975,0.08,-0.23,-12.09,12.09
63.985,0.08,-0.23,-12.09,12.09
63.995,0.08,-0.23,-12.09,12.09
64.005,0.08,-0.23,-12.09,12.09
64.015,0.08,-0.23,-12.09,12.09
64.025,0.08,-0.23,-12.09,12.09
64.035,0.08,-0.23,-12.09,12.09
64.045,0.08,-0.23,-12.09,12.09
64.055,0.08,-0.23,-12.09,12.09
64.065,0.08,-0.23,-12.09,12.09
64.075,0.08,-0.23,-12.09,12.09
64.085,0.08,-0.23,-12.09,12.09
64.095,0.08,-0.23,-12.09,12.09
64.105,0.08,-0.23,-12.09,12.09
64.115,0.08,-0.23,-12.09,12.09
64.125,0.08,-0.23,-12.09,12.09
64.135,0.08,-0.23,-12.09,12.09
64.145,0.08,-0.23,-12.09,12.09
64.155,0.08,-0.23,-12.09,12.09
64.165,0.08,-0.23,-12.09,12.09
64.175,0.08,-0.23,-12.09,12.09
64.185,0.08,-0.23,-12.09,12.09
64.195,0.08,-0.23,-12.09,12.09
64.205,0.08,-0.23,-12.09,12.09
64.215,0.08,-0.23,-12.09,12.09
64.225,0.08,-0.23,-12.09,12.09
64.235,0.08,-0.23,-12.09,12.09
64.245,0.08,-0.23,-12.09,12.09
64.255,0.08,-0.23,-12.09,12.09
64.265,0.08,-0.23,-12.09,12.09
64.275,0.08,-0.23,-12.09,12.09
64.285,0.08,-0.23,-12.09,12.09
64.295,0.08,-0.23,-12.09,12.09
64.305,0.08,-0.23,-12.09,12.09
64.315,0.08,-0.23,-12.09,12.09
64.325,0.08,-0.23,-12.09,12.09
64.335,0.08,-0.23,-12.09,12.09
64.345,0.08,-0.23,-12.09,12.09
64.355,0.08,-0.23,-12.09,12.09
64.365,0.08,-0.23,-12.09,12.09
64.375,0.08,-0.23,-12.09,12.09
64.385,0.08,-0.23,-12.09,12.09
64.395,0.08,-0.23,-12.09,12.09
64.405,0.08,-0.23,-12.09,12.09
64.415,0.08,-0.23,-12.09,12.09
64.425,0.08,-0.23,-12.09,12.09
64.435,0.08,-0.23,-12.09,12.09
64.445,0.08,-0.23,-12.09,12.09
64.455,0.08,-0.23,-12.09,12.09
64.465,0.08,-0.23,-12.09,12.09
64.475,0.08,-0.23,-12.09,12.09
64.485,0.08,-0.23,-12.09,12.09
64.495,0.08,-0.23,-12.09,12.09
64.505,0.08,-0.23,-12.09,12.09
64.515,0.08,-0.23,-12.09,12.09
64.525,0.08,-0.23,-12.09,12.09
64.535,0.08,-0.23,-12.09,12.09
64.545,0.08,-0.23,-12.09,12.09
64.555,0.08,-0.23,-12.09,12.09
64.565,0.08,-0.23,-12.09,12.09
64.575,0.08,-0.23,-12.09,12.09
64.585,0.08,-0.23,-12.09,12.09
64.595,0.08,-0.23,-12.09,12.09
64.605,0.08,-0.23,-12.09,12.09
64.615,0.08,-0.23,-12.09,12.09
64.625,0.08,-0.23,-12.09,12.09
64.635,0.08,-0.23,-12.09,12.09
64.645,0.08,-0.23,-12.09,12.09
64.655,0.08,-0.23,-12.09,12.09
64.665,0.08,-0.23,-12.09,12.09
64.675,0.08,-0.23,-12.09,12.09
64.685,0.08,-0.23,-12.09,12.09
64.695,0.08,-0.23,-12.09,12.09
64.705,0.08,-0.23,-12.09,12.09
64.715,0.08,-0.23,-12.09,12.09
64.725,0.08,-0.23,-12.09,12.09
64.735,0.08,-0.23,-12.09,12.09
64.745,0.08,-0.23,-12.09,12.09
64.755,0.08,-0.23,-12.09,12.09
64.765,0.08,-0.23,-12.09,12.09
64.775,0.08,-0.23,-12.09,12.09
64.785,0.08,-0.23,-12.09,12.09
64.795,0.08,-0.23,-12.09,12.09
64.805,0.08,-0.23,-12.09,12.09
64.815,0.08,-0.23,-12.09,12.09
64.825,0.08,-0.23,-12.09,12.09
64.835,0.08,-0.23,-12.09,12.09
64.845,0.08,-0.23,-12.09,12.09
64.855,0.08,-0.23,-12.09,12.09
64.865,0.08,-0.23,-12.09,12.09
64.875,0.08,-0.23,-12.09,12.09
64.885,0.08,-0.23,-12.09,12.09
64.895,0.08,-0.23,-12.09,12.09
64.905,0.08,-0.23,-12.09,12.09
64.915,0.08,-0.23,-12.09,12.09
64.925,0.08,-0.23,-12.09,12.09
64.935,0.08,-0.23,-12.09,12.09
64.945,0.08,-0.23,-12.09,12.09
64.955,0.08,-0.23,-12.09,12.09
64.965,0.08,-0.23,-12.09,12.09
64.975,0.08,-0.23,-12.09,12.09
64.985,0.08,-0.23,-12.09,12.09
64.995,0.08,-0.23,-12.09,12.09
65.005,0.08,-0.23,-12.09,12.09
65.015,0.08,-0.23,-12.09,12.09
65.025,0.08,-0.23,-12.09,12.09
65.035,0.08,-0.23,-12.09,12.09
65.045,0.08,-0.23,-12.09,12.09
65.055,0.08,-0.23,-12.09,12.09
65.065,0.08,-0.23,-12.09,12.09
65.075,0.08,-0.23,-12.09,12.09
65.085,0.08,-0.23,-12.09,12.09
65.095,0.08,-0.23,-12.09,12.09
65.105,0.08,-0.23,-12.09,12.09
65.115,0.08,-0.23,-12.09,12.09
65.125,0.08,-0.23,-12.09,12.09
65.135,0.08,-0.23,-12.09,12.09
65.145,0.08,-0.23,-12.09,12.09
65.155,0.08,-0.23,-12.09,12.09
65.165,0.08,-0.23,-12.09,12.09
65.175,0.08,-0.23,-12.09,12.09
65.185,0.08,-0.23,-12.09,12.09
65.195,0.08,-0.23,-12.09,12.09
65.205,0.08,-0.23,-12.09,12.09
65.215,0.08,-0.23,-12.09,12.09
65.225,0.08,-0.23,-12.09,12.09
65.235,0.08,-0.23,-12.09,12.09
65.245,0.08,-0.23,-12.09,12.09
65.255,0.08,-0.23,-12.09,12.09
65.265,0.08,-0.23,-12.09,12.09
65.275,0.08,-0.23,-12.09,12.09
65.285,0.08,-0.23,-12.09,12.09
65.295,0.08,-0.23,-12.09,12.09
65.305,0.08,-0.23,-12.09,12.09
65.315,0.08,-0.23,-12.09,12.09
65.325,0.08,-0.23,-12.09,12.09
65.335,0.08,-0.23,-12.09,12.09
65.345,0.08,-0.23,-12.09,12.09
65.355,0.08,-0.23,-12.09,12.09
65.365,0.08,-0.23,-12.09,12.09
65.375,0.08,-0.23,-12.09,12.09
65.385,0.08,-0.23,-12.09,12.09
65.395,0.08,-0.23,-12.09,12.09
65.405,0.08,-0.23,-12.09,12.09
65.415,0.08,-0.23,-12.09,12.09
65.425,0.08,-0.23,-12.09,12.09
65.435,0.08,-0.23,-12.09,12.09
65.445,0.08,-0.23,-12.09,12.09
65.455,0.08,-0.23,-12.09,12.09
65.465,0.08,-0.23,-12.09,12.09
65.475,0.08,-0.23,-12.09,12.09
65.485,0.08,-0.23,-12.09,12.09
65.495,0.08,-0.23,-12.09,12.09
65.505,0.08,-0.23,-12.09,12.09
65.515,0.08,-0.23,-12.09,12.09
65.525,0.08,-0.23,-12.09,12.09
65.535,0.08,-0.23,-12.09,12.09
65.545,0.08,-0.23,-12.09,12.09
65.555,0.08,-0.23,-12.09,12.09
65.565,0.08,-0.23,-12.09,12.09
65.575,0.08,-0.23,-12.09,12.09
65.585,0.08,-0.23,-12.09,12.09
65.595,0.08,-0.23,-12.09,12.09
65.605,0.08,-0.23,-12.09,12.09
65.615,0.08,-0.23,-12.09,12.09
65.625,0.08,-0.23,-12.09,12.09
65.635,0.08,-0.23,-12.09,12.09
65.645,0.08,-0.23,-12.09,12.09
65.655,0.08,-0.23,-12.09,12.09
65.665,0.08,-0.23,-12.09,12.09
65.675,0.08,-0.23,-12.09,12.09
65.685,0.08,-0.23,-12.09,12.09
65.695,0.08,-0.23,-12.09,12.09
65.705,0.08,-0.23,-12.09,12.09
65.715,0.08,-0.23,-12.09,12.09
65.725,0.08,-0.23,-12.09,12.09
65.735,0.08,-0.23,-12.09,12.09
65.745,0.08,-0.23,-12.09,12.09
65.755,0.08,-0.23,-12.09,12.09
65.765,0.08,-0.23,-12.09,12.09
65.775,0.08,-0.23,-12.09,12.09
65.785,0.08,-0.23,-12.09,12.09
65.795,0.08,-0.23,-12.09,12.09
65.805,0.08,-0.23,-12.09,12.09
65.815,0.08,-0.23,-12.09,12.09
65.825,0.08,-0.23,-12.09,12.09
65.835,0.08,-0.23,-12.09,12.09
65.845,0.08,-0.23,-12.09,12.09
65.855,0.08,-0.23,-12.09,12.09
65.865,0.08,-0.23,-12.09,12.09
65.875,0.08,-0.23,-12.09,12.09
65.885,0.08,-0.23,-12.09,12.09
65.895,0.08,-0.23,-12.09,12.09
65.905,0.08,-0.23,-12.09,12.09
65.915,0.08,-0.23,-12.09,12.09
65.925,0.08,-0.23,-12.09,12.09
65.935,0.08,-0.23,-12.09,12.09
65.945,0.08,-0.23,-12.09,12.09
65.955,0.08,-0.23,-12.09,12.09
65.965,0.08,-0.23,-12.09,12.09
65.975,0.08,-0.23,-12.09,12.09
65.985,0.08,-0.23,-12.09,12.09
65.995,0.08,-0.23,-12.09,12.09
66.005,0.08,-0.23,-12.09,12.09
66.015,0.08,-0.23,-12.09,12.09
66.025,0.08,-0.23,-12.09,12.09
66.035,0.08,-0.23,-12.09,12.09
66.045,0.08,-0.23,-12.09,12.09
66.055,0.08,-0.23,-12.09,12.09
66.065,0.08,-0.23,-12.09,12.09
66.075,0.08,-0.23,-12.09,12.09
66.085,0.08,-0.23,-12.09,12.09
66.095,0.08,-0.23,-12.09,12.09
66.105,0.08,-0.23,-12.09,12.09
66.115,0.08,-0.23,-12.09,12.09
66.125,0.08,-0.23,-12.09,12.09
66.135,0.08,-0.23,-12.09,12.09
66.145,0.08,-0.23,-12.09,12.09
66.155,0.08,-0.23,-12.09,12.09
66.165,0.08,-0.23,-12.09,12.09
66.175,0.08,-0.23,-12.09,12.09
66.185,0.08,-0.23,-12.09,12.09
66.195,0.08,-0.23,-12.09,12.09
66.205,0.08,-0.23,-12.09,12.09
66.215,0.08,-0.23,-12.09,12.09
66.225,0.08,-0.23,-12.09,12.09
66.235,0.08,-0.23,-12.09,12.09
66.245,0.08,-0.23,-12.09,12.09
66.255,0.08,-0.23,-12.09,12.09
66.265,0.08,-0.23,-12.09,12.09
66.275,0.08,-0.23,-12.09,12.09
66.285,0.08,-0.23,-12.09,12.09
66.295,0.08,-0.23,-12.09,12.09
66.305,0.08,-0.23,-12.09,12.09
66.315,0.08,-0.23,-12.09,12.09
66.325,0.08,-0.23,-12.09,12.09
66.335,0.08,-0.23,-12.09,12.09
66.345,0.08,-0.23,-12.09,12.09
66.355,0.08,-0.23,-12.09,12.09
66.365,0.08,-0.23,-12.09,12.09
66.375,0.08,-0.23,-12.09,12.09
66.385,0.08,-0.23,-12.09,12.09
66.395,0.08,-0.23,-12.09,12.09
66.405,0.08,-0.23,-12.09,12.09
66.415,0.08,-0.23,-12.09,12.09
66.425,0.08,-0.23,-12.09,12.09
66.435,0.08,-0.23,-12.09,12.09
66.445,0.08,-0.23,-12.09,12.09
66.455,0.08,-0.23,-12.09,12.09
66.465,0.08,-0.23,-12.09,12.09
66.475,0.08,-0.23,-12.09,12.09
66.485,0.08,-0.23,-12.09,12.09
66.495,0.08,-0.23,-12.09,12.09
66.505,0.08,-0.23,-12.09,12.09
66.515,0.08,-0.23,-12.09,12.09
66.525,0.08,-0.23,-12.09,12.09
66.535,0.08,-0.23,-12.09,12.09
66.545,0.08,-0.23,-12.09,12.09
66.555,0.08,-0.23,-12.09,12.09
66.565,0.08,-0.23,-12.09,12.09
66.575,0.08,-0.23,-12.09,12.09
66.585,0.08,-0.23,-12.09,12.09
66.595,0.08,-0.23,-12.09,12.09
66.605,0.08,-0.23,-12.09,12.09
66.615,0.08,-0.23,-12.09,12.09
66.625,0.08,-0.23,-12.09,12.09
66.635,0.08,-0.23,-12.09,12.09
66.645,0.08,-0.23,-12.09,12.09
66.655,0.08,-0.23,-12.09,12.09
66.665,0.08,-0.23,-12.09,12.09
66.675,0.08,-0.23,-12.09,12.09
66.685,0.08,-0.23,-12.09,12.09
66.695,0.08,-0.23,-12.09,12.09
66.705,0.08,-0.23,-12.09,12.09
66.715,0.08,-0.23,-12.09,12.09
66.725,0.08,-0.23,-12.09,12.09
66.735,0.08,-0.23,-12.09,12.09
66.745,0.08,-0.23,-12.09,12.09
66.755,0.08,-0.23,-12.09,12.09
66.765,0.08,-0.23,-12.09,12.09
66.775,0.08,-0.23,-12.09,12.09
66.785,0.08,-0.23,-12.09,12.09
66.795,0.08,-0.23,-12.09,12.09
66.805,0.08,-0.23,-12.09,12.09
66.815,0.08,-0.23,-12.09,12.09
66.825,0.08,-0.23,-12.09,12.09
66.835,0.08,-0.23,-12.09,12.09
66.845,0.08,-0.23,-12.09,12.09
66.855,0.08,-0.23,-12.09,12.09
66.865,0.08,-0.23,-12.09,12.09
66.875,0.08,-0.23,-12.09,12.09
66.885,0.08,-0.23,-12.09,12.09
66.895,0.08,-0.23,-12.09,12.09
66.905,0.08,-0.23,-12.09,12.09
66.915,0.08,-0.23,-12.09,12.09
66.925,0.08,-0.23,-12.09,12.09
66.935,0.08,-0.23,-12.09,12.09
66.945,0.08,-0.23,-12.09,12.09
66.955,0.08,-0.23,-12.09,12.09
66.965,0.08,-0.23,-12.09,12.09
66.975,0.08,-0.23,-12.09,12.09
66.985,0.08,-0.23,-12.09,12.09
66.995,0.08,-0.23,-12.09,12.09
67.005,0.08,-0.23,-12.09,12.09
67.015,0.08,-0.23,-12.09,12.09
67.025,0.08,-0.23,-12.09,12.09
67.035,0.08,-0.23,-12.09,12.09
67.045,0.08,-0.23,-12.09,12.09
67.055,0.08,-0.23,-12.09,12.09
67.066,0.08,-0.23,-12.09,12.09
67.075,0.08,-0.23,-12.09,12.09
67.085,0.08,-0.23,-12.09,12.09
67.095,0.08,-0.23,-12.09,12.09
67.105,0.08,-0.23,-12.09,12.09
67.115,0.08,-0.23,-12.09,12.09
67.125,0.08,-0.23,-12.09,12.09
67.135,0.08,-0.23,-12.09,12.09
67.145,0.08,-0.23,-12.09,12.09
67.155,0.08,-0.23,-12.09,12.09
67.165,0.08,-0.23,-12.09,12.09
67.175,0.08,-0.23,-12.09,12.09
67.185,0.08,-0.23,-12.09,12.09
67.195,0.08,-0.23,-12.09,12.09
67.205,0.08,-0.23,-12.09,12.09
67.215,0.08,-0.23,-12.09,12.09
67.225,0.08,-0.23,-12.09,12.09
67.235,0.08,-0.23,-12.09,12.09
67.245,0.08,-0.23,-12.09,12.09
67.255,0.08,-0.23,-12.09,12.09
67.265,0.08,-0.23,-12.09,12.09
67.275,0.08,-0.23,-12.09,12.09
67.285,0.08,-0.23,-12.09,12.09
67.295,0.08,-0.23,-12.09,12.09
67.305,0.08,-0.23,-12.09,12.09
67.315,0.08,-0.23,-12.09,12.09
67.325,0.08,-0.23,-12.09,12.09
67.335,0.08,-0.23,-12.09,12.09
67.345,0.08,-0.23,-12.09,12.09
67.355,0.08,-0.23,-12.09,12.09
67.365,0.08,-0.23,-12.09,12.09
67.375,0.08,-0.23,-12.09,12.09
67.385,0.08,-0.23,-12.09,12.09
67.395,0.08,-0.23,-12.09,12.09
67.405,0.08,-0.23,-12.09,12.09
67.415,0.08,-0.23,-12.09,12.09
67.425,0.08,-0.23,-12.09,12.09
67.435,0.08,-0.23,-12.09,12.09
67.445,0.08,-0.23,-12.09,12.09
67.455,0.08,-0.23,-12.09,12.09
67.465,0.08,-0.23,-12.09,12.09
67.475,0.08,-0.23,-12.09,12.09
67.485,0.08,-0.23,-12.09,12.09
67.495,0.08,-0.23,-12.09,12.09
67.505,0.08,-0.23,-12.09,12.09
67.515,0.08,-0.23,-12.09,12.09
67.525,0.08,-0.23,-12.09,12.09
67.535,0.08,-0.23,-12.09,12.09
67.545,0.08,-0.23,-12.09,12.09
67.555,0.08,-0.23,-12.09,12.09
67.565,0.08,-0.23,-12.09,12.09
67.575,0.08,-0.23,-12.09,12.09
67.585,0.08,-0.23,-12.09,12.09
67.595,0.08,-0.23,-12.09,12.09
67.605,0.08,-0.23,-12.09,12.09
67.615,0.08,-0.23,-12.09,12.09
67.625,0.08,-0.23,-12.09,12.09
67.635,0.08,-0.23,-12.09,12.09
67.645,0.08,-0.23,-12.09,12.09
67.655,0.08,-0.23,-12.09,12.09
67.665,0.08,-0.23,-12.09,12.09
67.675,0.08,-0.23,-12.09,12.09
67.685,0.08,-0.23,-12.09,12.09
67.695,0.08,-0.23,-12.09,12.09
67.705,0.08,-0.23,-12.09,12.09
67.715,0.08,-0.23,-12.09,12.09
67.725,0.08,-0.23,-12.09,12.09
67.735,0.08,-0.23,-12.09,12.09
67.745,0.08,-0.23,-12.09,12.09
67.755,0.08,-0.23,-12.09,12.09
67.765,0.08,-0.23,-12.09,12.09
67.775,0.08,-0.23,-12.09,12.09
67.785,0.08,-0.23,-12.09,12.09
67.795,0.08,-0.23,-12.09,12.09
67.805,0.08,-0.23,-12.09,12.09
67.815,0.08,-0.23,-12.09,12.09
67.825,0.08,-0.23,-12.09,12.09
67.835,0.08,-0.23,-12.09,12.09
67.845,0.08,-0.23,-12.09,12.09
67.855,0.08,-0.23,-12.09,12.09
67.865,0.08,-0.23,-12.09,12.09
67.875,0.08,-0.23,-12.09,12.09
67.885,0.08,-0.23,-12.09,12.09
67.895,0.08,-0.23,-12.09,12.09
67.905,0.08,-0.23,-12.09,12.09
67.915,0.08,-0.23,-12.09,12.09
67.925,0.08,-0.23,-12.09,12.09
67.935,0.08,-0.23,-12.09,12.09
67.945,0.08,-0.23,-12.09,12.09
67.955,0.08,-0.23,-12.09,12.09
67.965,0.08,-0.23,-12.09,12.09
67.975,0.08,-0.23,-12.09,12.09
67.985,0.08,-0.23,-12.09,12.09
67.995,0.08,-0.23,-12.09,12.09
68.005,0.08,-0.23,-12.09,12.09
68.015,0.08,-0.23,-12.09,12.09
68.025,0.08,-0.23,-12.09,12.09
68.035,0.08,-0.23,-12.09,12.09
68.045,0.08,-0.23,-12.09,12.09
68.055,0.08,-0.23,-12.09,12.09
68.065,0.08,-0.23,-12.09,12.09
68.075,0.08,-0.23,-12.09,12.09
68.085,0.08,-0.23,-12.09,12.09
68.095,0.08,-0.23,-12.09,12.09
68.105,0.08,-0.23,-12.09,12.09
68.115,0.08,-0.23,-12.09,12.09
68.125,0.08,-0.23,-12.09,12.09
68.135,0.08,-0.23,-12.09,12.09
68.145,0.08,-0.23,-12.09,12.09
68.155,0.08,-0.23,-12.09,12.09
68.165,0.08,-0.23,-12.09,12.09
68.175,0.08,-0.23,-12.09,12.09
68.185,0.08,-0.23,-12.09,12.09
68.195,0.08,-0.23,-12.09,12.09
68.205,0.08,-0.23,-12.09,12.09
68.215,0.08,-0.23,-12.09,12.09
68.225,0.08,-0.23,-12.09,12.09
68.235,0.08,-0.23,-12.09,12.09
68.245,0.08,-0.23,-12.09,12.09
68.255,0.08,-0.23,-12.09,12.09
68.265,0.08,-0.23,-12.09,12.09
68.275,0.08,-0.23,-12.09,12.09
68.285,0.08,-0.23,-12.09,12.09
68.295,0.08,-0.23,-12.09,12.09
68.305,0.08,-0.23,-12.09,12.09
68.315,0.08,-0.23,-12.09,12.09
68.325,0.08,-0.23,-12.09,12.09
68.335,0.08,-0.23,-12.09,12.09
68.345,0.08,-0.23,-12.09,12.09
68.355,0.08,-0.23,-12.09,12.09
68.365,0.08,-0.23,-12.09,12.09
68.375,0.08,-0.23,-12.09,12.09
68.385,0.08,-0.23,-12.09,12.09
68.395,0.08,-0.23,-12.09,12.09
68.405,0.08,-0.23,-12.09,12.09
68.415,0.08,-0.23,-12.09,12.09
68.425,0.08,-0.23,-12.09,12.09
68.435,0.08,-0.23,-12.09,12.09
68.445,0.08,-0.23,-12.09,12.09
68.455,0.08,-0.23,-12.09,12.09
68.465,0.08,-0.23,-12.09,12.09
68.475,0.08,-0.23,-12.09,12.09
68.485,0.08,-0.23,-12.09,12.09
68.495,0.08,-0.23,-12.09,12.09
68.505,0.08,-0.23,-12.09,12.09
68.515,0.08,-0.23,-12.09,12.09
68.525,0.08,-0.23,-12.09,12.09
68.535,0.08,-0.23,-12.09,12.09
68.545,0.08,-0.23,-12.09,12.09
68.555,0.08,-0.23,-12.09,12.09
68.565,0.08,-0.23,-12.09,12.09
68.575,0.08,-0.23,-12.09,12.09
68.585,0.08,-0.23,-12.09,12.09
68.595,0.08,-0.23,-12.09,12.09
68.605,0.08,-0.23,-12.09,12.09
68.615,0.08,-0.23,-12.09,12.09
68.625,0.08,-0.23,-12.09,12.09
68.635,0.08,-0.23,-12.09,12.09
68.645,0.08,-0.23,-12.09,12.09
68.655,0.08,-0.23,-12.09,12.09
68.665,0.08,-0.23,-12.09,12.09
68.675,0.08,-0.23,-12.09,12.09
68.685,0.08,-0.23,-12.09,12.09
68.695,0.08,-0.23,-12.09,12.09
68.705,0.08,-0.23,-12.09,12.09
68.715,0.08,-0.23,-12.09,12.09
68.725,0.08,-0.23,-12.09,12.09
68.735,0.08,-0.23,-12.09,12.09
68.745,0.08,-0.23,-12.09,12.09
68.755,0.08,-0.23,-12.09,12.09
68.765,0.08,-0.23,-12.09,12.09
68.775,0.08,-0.23,-12.09,12.09
68.785,0.08,-0.23,-12.09,12.09
68.795,0.08,-0.23,-12.09,12.09
68.805,0.08,-0.23,-12.09,12.09
68.815,0.08,-0.23,-12.09,12.09
68.825,0.08,-0.23,-12.09,12.09
68.835,0.08,-0.23,-12.09,12.09
68.845,0.08,-0.23,-12.09,12.09
68.855,0.08,-0.23,-12.09,12.09
68.865,0.08,-0.23,-12.09,12.09
68.875,0.08,-0.23,-12.09,12.09
68.885,0.08,-0.23,-12.09,12.09
68.895,0.08,-0.23,-12.09,12.09
68.905,0.08,-0.23,-12.09,12.09
68.915,0.08,-0.23,-12.09,12.09
68.925,0.08,-0.23,-12.09,12.09
68.935,0.08,-0.23,-12.09,12.09
68.945,0.08,-0.23,-12.09,12.09
68.955,0.08,-0.23,-12.09,12.09
68.965,0.08,-0.23,-12.09,12.09
68.975,0.08,-0.23,-12.09,12.09
68.985,0.08,-0.23,-12.09,12.09
68.995,0.08,-0.23,-12.09,12.09
69.005,0.08,-0.23,-12.09,12.09
69.015,0.08,-0.23,-12.09,12.09
69.025,0.08,-0.23,-12.09,12.09
69.035,0.08,-0.23,-12.09,12.09
69.045,0.08,-0.23,-12.09,12.09
69.055,0.08,-0.23,-12.09,12.09
69.065,0.08,-0.23,-12.09,12.09
69.075,0.08,-0.23,-12.09,12.09
69.085,0.08,-0.23,-12.09,12.09
69.095,0.08,-0.23,-12.09,12.09
69.105,0.08,-0.23,-12.09,12.09
69.115,0.08,-0.23,-12.09,12.09
69.125,0.08,-0.23,-12.09,12.09
69.135,0.08,-0.23,-12.09,12.09
69.145,0.08,-0.23,-12.09,12.09
69.155,0.08,-0.23,-12.09,12.09
69.165,0.08,-0.23,-12.09,12.09
69.175,0.08,-0.23,-12.09,12.09
69.185,0.08,-0.23,-12.09,12.09
69.195,0.08,-0.23,-12.09,12.09
69.205,0.08,-0.23,-12.09,12.09
69.215,0.08,-0.23,-12.09,12.09
69.225,0.08,-0.23,-12.09,12.09
69.235,0.08,-0.23,-12.09,12.09
69.245,0.08,-0.23,-12.09,12.09
69.255,0.08,-0.23,-12.09,12.09
69.265,0.08,-0.23,-12.09,12.09
69.275,0.08,-0.23,-12.09,12.09
69.285,0.08,-0.23,-12.09,12.09
69.295,0.08,-0.23,-12.09,12.09
69.305,0.08,-0.23,-12.09,12.09
69.315,0.08,-0.23,-12.09,12.09
69.325,0.08,-0.23,-12.09,12.09
69.335,0.08,-0.23,-12.09,12.09
69.345,0.08,-0.23,-12.09,12.09
69.355,0.08,-0.23,-12.09,12.09
69.365,0.08,-0.23,-12.09,12.09
69.375,0.08,-0.23,-12.09,12.09
69.385,0.08,-0.23,-12.09,12.09
69.395,0.08,-0.23,-12.09,12.09
69.405,0.08,-0.23,-12.09,12.09
69.415,0.08,-0.23,-12.09,12.09
69.425,0.08,-0.23,-12.09,12.09
69.435,0.08,-0.23,-12.09,12.09
69.445,0.08,-0.23,-12.09,12.09
69.455,0.08,-0.23,-12.09,12.09
69.465,0.08,-0.23,-12.09,12.09
69.475,0.08,-0.23,-12.09,12.09
69.485,0.08,-0.23,-12.09,12.09
69.495,0.08,-0.23,-12.09,12.09
69.505,0.08,-0.23,-12.09,12.09
69.515,0.08,-0.23,-12.09,12.09
69.525,0.08,-0.23,-12.09,12.09
69.535,0.08,-0.23,-12.09,12.09
69.545,0.08,-0.23,-12.09,12.09
69.555,0.08,-0.23,-12.09,12.09
69.565,0.08,-0.23,-12.09,12.09
69.575,0.08,-0.23,-12.09,12.09
69.585,0.08,-0.23,-12.09,12.09
69.595,0.08,-0.23,-12.09,12.09
69.605,0.08,-0.23,-12.09,12.09
69.615,0.08,-0.23,-12.09,12.09
69.625,0.08,-0.23,-12.09,12.09
69.635,0.08,-0.23,-12.09,12.09
69.645,0.08,-0.23,-12.09,12.09
69.655,0.08,-0.23,-12.09,12.09
69.665,0.08,-0.23,-12.09,12.09
69.675,0.08,-0.23,-12.09,12.09
69.685,0.08,-0.23,-12.09,12.09
69.695,0.08,-0.23,-12.09,12.09
69.705,0.08,-0.23,-12.09,12.09
69.715,0.08,-0.23,-12.09,12.09
69.725,0.08,-0.23,-12.09,12.09
69.735,0.08,-0.23,-12.09,12.09
69.745,0.08,-0.23,-12.09,12.09
69.755,0.08,-0.23,-12.09,12.09
69.765,0.08,-0.23,-12.09,12.09
69.775,0.08,-0.23,-12.09,12.09
69.785,0.08,-0.23,-12.09,12.09
69.795,0.08,-0.23,-12.09,12.09
69.805,0.08,-0.23,-12.09,12.09
69.815,0.08,-0.23,-12.09,12.09
69.825,0.08,-0.23,-12.09,12.09
69.835,0.08,-0.23,-12.09,12.09
69.845,0.08,-0.23,-12.09,12.09
69.855,0.08,-0.23,-12.09,12.09
69.865,0.08,-0.23,-12.09,12.09
69.875,0.08,-0.23,-12.09,12.09
69.885,0.08,-0.23,-12.09,12.09
69.895,0.08,-0.23,-12.09,12.09
69.905,0.08,-0.23,-12.09,12.09
69.915,0.08,-0.23,-12.09,12.09
69.925,0.08,-0.23,-12.09,12.09
69.935,0.08,-0.23,-12.09,12.09
69.945,0.08,-0.23,-12.09,12.09
69.955,0.08,-0.23,-12.09,12.09
69.965,0.08,-0.23,-12.09,12.09
