t,fx,fy,fz,fmag
-23.899,0.01,-0.03,4.97,4.97
-23.889,0.01,-0.03,4.98,4.98
-23.879,0.01,-0.03,4.98,4.98
-23.869,0.01,-0.03,4.98,4.98
-23.859,0.01,-0.03,4.98,4.98
-23.849,0.01,-0.03,4.98,4.98
-23.839,0.01,-0.03,4.98,4.98
-23.829,0.01,-0.03,4.98,4.98
-23.819,0.01,-0.03,4.98,4.98
-23.809,0.01,-0.03,4.98,4.98
-23.799,0.01,-0.03,4.98,4.98
-23.789,0.01,-0.03,4.98,4.98
-23.779,0.01,-0.03,4.98,4.98
-23.769,0.01,-0.03,4.98,4.98
-23.759,0.01,-0.03,4.98,4.98
-23.749,0.01,-0.03,4.98,4.98
-23.739,0.01,-0.03,4.98,4.98
-23.729,0.01,-0.03,4.98,4.98
-23.719,0.01,-0.03,4.98,4.98
-23.709,0.01,-0.03,4.98,4.98
-23.699,0.01,-0.03,4.98,4.98
-23.689,0.01,-0.03,4.98,4.98
-23.679,0.01,-0.03,4.98,4.98
-23.669,0.01,-0.03,4.98,4.98
-23.659,0.01,-0.03,4.98,4.98
-23.649,0.01,-0.03,4.98,4.98
-23.639,0.01,-0.03,4.98,4.98
-23.629,0.01,-0.03,4.98,4.98
-23.619,0.01,-0.03,4.97,4.97
-23.609,0.01,-0.03,4.97,4.97
-23.599,0.01,-0.03,4.97,4.97
-23.589,0.01,-0.03,4.97,4.97
-23.579,0.01,-0.03,4.98,4.98
-23.569,0.01,-0.03,4.98,4.98
-23.559,0.01,-0.03,4.98,4.98
-23.549,0.01,-0.03,4.98,4.98
-23.539,0.01,-0.03,4.97,4.97
-23.529,0.01,-0.03,4.97,4.97
-23.519,0.01,-0.03,4.97,4.97
-23.509,0.01,-0.03,4.97,4.97
-23.499,0.01,-0.03,4.98,4.98
-23.489,0.01,-0.03,4.99,4.99
-23.479,0.01,-0.03,4.99,4.99
-23.469,0.01,-0.03,4.99,4.99
-23.459,0.01,-0.03,4.99,4.99
-23.449,0.01,-0.03,4.98,4.98
-23.439,0.01,-0.03,4.97,4.97
-23.429,0.01,-0.03,4.96,4.96
-23.419,0.01,-0.03,4.96,4.96
-23.409,0.01,-0.03,4.97,4.97
-23.399,0.01,-0.03,4.98,4.98
-23.389,0.01,-0.03,4.99,4.99
-23.379,0.01,-0.03,4.99,4.99
-23.369,0.01,-0.03,4.98,4.98
-23.359,0.01,-0.03,4.98,4.98
-23.349,0.01,-0.03,4.97,4.97
-23.339,0.01,-0.03,4.96,4.96
-23.329,0.01,-0.03,4.97,4.97
-23.319,0.01,-0.03,4.97,4.97
-23.309,0.01,-0.03,4.98,4.98
-23.299,0.01,-0.03,4.99,4.99
-23.289,0.01,-0.03,4.99,4.99
-23.279,0.01,-0.03,4.98,4.98
-23.269,0.01,-0.03,4.98,4.98
-23.259,0.01,-0.03,4.97,4.97
-23.249,0.01,-0.03,4.97,4.97
-23.239,0.01,-0.03,4.97,4.97
-23.229,0.01,-0.03,4.97,4.97
-23.219,0.01,-0.03,4.98,4.98
-23.209,0.01,-0.03,4.99,4.99
-23.199,0.01,-0.03,4.99,4.99
-23.189,0.01,-0.03,4.98,4.98
-23.179,0.01,-0.03,4.98,4.98
-23.169,0.01,-0.03,4.97,4.97
-23.159,0.01,-0.03,4.97,4.97
-23.149,0.01,-0.03,4.97,4.97
-23.139,0.01,-0.03,4.97,4.97
-23.129,0.01,-0.03,4.97,4.97
-23.119,0.01,-0.03,4.98,4.98
-23.109,0.01,-0.03,4.99,4.99
-23.099,0.01,-0.03,4.99,4.99
-23.089,0.01,-0.03,4.98,4.98
-23.079,0.01,-0.03,4.98,4.98
-23.069,0.01,-0.03,4.98,4.98
-23.059,0.01,-0.03,4.97,4.97
-23.049,0.01,-0.03,4.97,4.97
-23.039,0.01,-0.03,4.98,4.98
-23.029,0.01,-0.03,4.98,4.98
-23.019,0.01,-0.03,4.98,4.98
-23.009,0.01,-0.03,4.98,4.98
-22.999,0.01,-0.03,4.98,4.98
-22.989,0.01,-0.03,4.98,4.98
-22.979,0.01,-0.03,4.98,4.98
-22.969,0.01,-0.03,4.97,4.97
-22.959,0.01,-0.03,4.98,4.98
-22.949,0.01,-0.03,4.98,4.98
-22.939,0.01,-0.03,4.98,4.98
-22.929,0.01,-0.03,4.98,4.98
-22.919,0.01,-0.03,4.98,4.98
-22.909,0.01,-0.03,4.98,4.98
-22.899,0.01,-0.03,4.98,4.98
-22.889,0.01,-0.03,4.98,4.98
-22.879,0.01,-0.03,4.98,4.98
-22.869,0.01,-0.03,4.98,4.98
-22.859,0.01,-0.03,4.98,4.98
-22.849,0.01,-0.03,4.98,4.98
-22.839,0.01,-0.03,4.98,4.98
-22.829,0.01,-0.03,4.98,4.98
-22.819,0.01,-0.03,4.97,4.97
-22.809,0.01,-0.03,4.97,4.97
-22.799,0.01,-0.03,4.98,4.98
-22.789,0.01,-0.03,4.98,4.98
-22.779,0.01,-0.03,4.98,4.98
-22.769,0.01,-0.03,4.98,4.98
-22.759,0.01,-0.03,4.98,4.98
-22.749,0.01,-0.03,4.98,4.98
-22.739,0.01,-0.03,4.98,4.98
-22.729,0.01,-0.03,4.97,4.97
-22.719,0.01,-0.03,4.97,4.97
-22.709,0.01,-0.03,4.97,4.97
-22.699,0.01,-0.03,4.97,4.97
-22.689,0.01,-0.03,4.98,4.98
-22.679,0.01,-0.03,4.98,4.98
-22.669,0.01,-0.03,4.98,4.98
-22.659,0.01,-0.03,4.98,4.98
-22.649,0.01,-0.03,4.98,4.98
-22.639,0.01,-0.03,4.98,4.98
-22.629,0.01,-0.03,4.98,4.98
-22.619,0.01,-0.03,4.98,4.98
-22.609,0.01,-0.03,4.98,4.98
-22.599,0.01,-0.03,4.98,4.98
-22.589,0.01,-0.03,4.98,4.98
-22.579,0.01,-0.03,4.98,4.98
-22.569,0.01,-0.03,4.98,4.98
-22.559,0.01,-0.03,4.98,4.98
-22.549,0.01,-0.03,4.98,4.98
-22.539,0.01,-0.03,4.98,4.98
-22.529,0.01,-0.03,4.98,4.98
-22.519,0.01,-0.03,4.98,4.98
-22.509,0.01,-0.03,4.97,4.97
-22.499,0.01,-0.03,4.97,4.97
-22.489,0.01,-0.03,4.97,4.97
-22.479,0.01,-0.03,4.97,4.97
-22.469,0.01,-0.03,4.98,4.98
-22.459,0.01,-0.03,4.98,4.98
-22.449,0.01,-0.03,4.98,4.98
-22.439,0.01,-0.03,4.98,4.98
-22.429,0.01,-0.03,4.98,4.98
-22.419,0.01,-0.03,4.98,4.98
-22.409,0.01,-0.03,4.98,4.98
-22.399,0.01,-0.03,4.98,4.98
-22.389,0.01,-0.03,4.97,4.98
-22.379,0.01,-0.03,4.97,4.97
-22.369,0.01,-0.03,4.98,4.98
-22.359,0.01,-0.03,4.98,4.98
-22.349,0.01,-0.03,4.98,4.98
-22.339,0.01,-0.03,4.98,4.98
-22.329,0.01,-0.03,4.98,4.98
-22.319,0.01,-0.03,4.98,4.98
-22.309,0.01,-0.03,4.98,4.98
-22.299,0.01,-0.03,4.97,4.97
-22.289,0.01,-0.03,4.97,4.97
-22.279,0.01,-0.03,4.97,4.97
-22.269,0.01,-0.03,4.97,4.97
-22.259,0.01,-0.03,4.98,4.98
-22.249,0.01,-0.03,4.98,4.98
-22.239,0.01,-0.03,4.98,4.98
-22.229,0.01,-0.03,4.98,4.98
-22.219,0.01,-0.03,4.98,4.98
-22.209,0.01,-0.03,4.98,4.98
-22.199,0.01,-0.03,4.98,4.98
-22.189,0.01,-0.03,4.98,4.98
-22.179,0.01,-0.03,4.98,4.98
-22.169,0.01,-0.03,4.98,4.98
-22.159,0.01,-0.03,4.98,4.98
-22.149,0.01,-0.03,4.98,4.98
-22.139,0.01,-0.03,4.97,4.97
-22.129,0.01,-0.03,4.97,4.97
-22.119,0.01,-0.03,4.97,4.97
-22.109,0.01,-0.03,4.97,4.97
-22.099,0.01,-0.03,4.98,4.98
-22.089,0.01,-0.03,4.98,4.98
-22.079,0.01,-0.03,4.98,4.98
-22.069,0.01,-0.03,4.98,4.98
-22.059,0.01,-0.03,4.98,4.98
-22.049,0.01,-0.03,4.97,4.97
-22.039,0.01,-0.03,4.97,4.97
-22.029,0.01,-0.03,4.98,4.98
-22.019,0.01,-0.03,4.98,4.98
-22.009,0.01,-0.03,4.98,4.98
-21.999,0.01,-0.03,4.98,4.98
-21.989,0.01,-0.03,4.98,4.98
-21.979,0.01,-0.03,4.98,4.98
-21.969,0.01,-0.03,4.98,4.98
-21.959,0.01,-0.03,4.98,4.98
-21.949,0.01,-0.03,4.97,4.97
-21.939,0.01,-0.03,4.97,4.97
-21.929,0.01,-0.03,4.97,4.97
-21.919,0.01,-0.03,4.98,4.98
-21.909,0.01,-0.03,4.98,4.98
-21.899,0.01,-0.03,4.98,4.98
-21.889,0.01,-0.03,4.98,4.98
-21.879,0.01,-0.03,4.98,4.98
-21.869,0.01,-0.03,4.98,4.98
-21.859,0.01,-0.03,4.97,4.97
-21.849,0.01,-0.03,4.97,4.97
-21.839,0.01,-0.03,4.97,4.97
-21.829,0.01,-0.03,4.98,4.98
-21.819,0.01,-0.03,4.98,4.98
-21.809,0.01,-0.03,4.98,4.98
-21.799,0.01,-0.03,4.98,4.98
-21.789,0.01,-0.03,4.98,4.98
-21.779,0.01,-0.03,4.98,4.98
-21.769,0.01,-0.03,4.98,4.98
-21.759,0.01,-0.03,4.99,4.99
-21.749,0.01,-0.03,4.99,4.99
-21.739,0.01,-0.03,4.99,4.99
-21.729,0.01,-0.03,4.99,4.99
-21.719,0.01,-0.03,4.98,4.98
-21.709,0.01,-0.03,4.97,4.97
-21.699,0.01,-0.03,4.96,4.96
-21.689,0.01,-0.03,4.96,4.96
-21.679,0.01,-0.03,4.96,4.96
-21.669,0.01,-0.03,4.98,4.98
-21.659,0.01,-0.03,4.99,4.99
-21.649,0.01,-0.03,4.99,4.99
-21.639,0.01,-0.03,4.99,4.99
-21.629,0.01,-0.03,4.98,4.98
-21.619,0.01,-0.03,4.97,4.97
-21.609,0.01,-0.03,4.97,4.97
-21.599,0.01,-0.03,4.97,4.97
-21.589,0.01,-0.03,4.97,4.97
-21.579,0.01,-0.03,4.98,4.98
-21.569,0.01,-0.03,4.99,4.99
-21.559,0.01,-0.03,5.00,5.00
-21.549,0.01,-0.03,4.99,4.99
-21.539,0.01,-0.03,4.99,4.99
-21.529,0.01,-0.03,4.98,4.98
-21.519,0.01,-0.03,4.97,4.97
-21.509,0.01,-0.03,4.97,4.97
-21.499,0.01,-0.03,4.97,4.97
-21.489,0.01,-0.03,4.98,4.98
-21.479,0.01,-0.03,4.98,4.98
-21.469,0.01,-0.03,4.98,4.98
-21.459,0.01,-0.03,4.98,4.98
-21.449,0.01,-0.03,4.98,4.98
-21.439,0.01,-0.03,4.97,4.97
-21.429,0.01,-0.03,4.97,4.97
-21.419,0.01,-0.03,4.97,4.97
-21.409,0.01,-0.03,4.98,4.98
-21.399,0.01,-0.03,4.99,4.99
-21.389,0.01,-0.03,4.99,4.99
-21.379,0.01,-0.03,4.99,4.99
-21.369,0.01,-0.03,4.99,4.99
-21.359,0.01,-0.03,4.98,4.98
-21.349,0.01,-0.03,4.97,4.97
-21.339,0.01,-0.03,4.96,4.96
-21.329,0.01,-0.03,4.96,4.96
-21.319,0.01,-0.03,4.97,4.97
-21.309,0.01,-0.03,4.98,4.98
-21.299,0.01,-0.03,4.98,4.98
-21.289,0.01,-0.03,4.99,4.99
-21.279,0.01,-0.03,4.99,4.99
-21.269,0.01,-0.03,4.98,4.98
-21.259,0.01,-0.03,4.97,4.97
-21.249,0.01,-0.03,4.96,4.96
-21.239,0.01,-0.03,4.96,4.96
-21.229,0.01,-0.03,4.97,4.97
-21.219,0.01,-0.03,4.98,4.98
-21.209,0.01,-0.03,4.99,4.99
-21.199,0.01,-0.03,4.99,4.99
-21.189,0.01,-0.03,4.99,4.99
-21.179,0.01,-0.03,4.98,4.98
-21.169,0.01,-0.03,4.97,4.97
-21.159,0.01,-0.03,4.96,4.96
-21.149,0.01,-0.03,4.96,4.96
-21.139,0.01,-0.03,4.97,4.97
-21.129,0.01,-0.03,4.97,4.97
-21.119,0.01,-0.03,4.98,4.98
-21.109,0.01,-0.03,4.99,4.99
-21.099,0.01,-0.03,4.99,4.99
-21.089,0.01,-0.03,4.99,4.99
-21.079,0.01,-0.03,4.98,4.98
-21.069,0.01,-0.03,4.97,4.97
-21.059,0.01,-0.03,4.97,4.97
-21.049,0.01,-0.03,4.97,4.97
-21.039,0.01,-0.03,4.97,4.97
-21.029,0.01,-0.03,4.98,4.98
-21.019,0.01,-0.03,4.98,4.98
-21.009,0.01,-0.03,4.98,4.98
-20.999,0.01,-0.03,4.98,4.98
-20.989,0.01,-0.03,4.97,4.97
-20.979,0.01,-0.03,4.97,4.97
-20.969,0.01,-0.03,4.97,4.97
-20.959,0.01,-0.03,4.97,4.97
-20.949,0.01,-0.03,4.97,4.97
-20.939,0.01,-0.03,4.98,4.98
-20.929,0.01,-0.03,4.99,4.99
-20.919,0.01,-0.03,4.99,4.99
-20.909,0.01,-0.03,4.99,4.99
-20.899,0.01,-0.03,4.98,4.98
-20.889,0.01,-0.03,4.98,4.98
-20.879,0.01,-0.03,4.97,4.97
-20.869,0.01,-0.03,4.97,4.97
-20.859,0.01,-0.03,4.97,4.97
-20.849,0.01,-0.03,4.98,4.98
-20.839,0.01,-0.03,4.98,4.98
-20.829,0.01,-0.03,4.99,4.99
-20.819,0.01,-0.03,4.99,4.99
-20.809,0.01,-0.03,4.98,4.98
-20.799,0.01,-0.03,4.98,4.98
-20.789,0.01,-0.03,4.97,4.97
-20.779,0.01,-0.03,4.97,4.97
-20.769,0.01,-0.03,4.97,4.97
-20.759,0.01,-0.03,4.97,4.97
-20.749,0.01,-0.03,4.98,4.98
-20.739,0.01,-0.03,4.98,4.98
-20.729,0.01,-0.03,4.99,4.99
-20.719,0.01,-0.03,4.98,4.98
-20.709,0.01,-0.03,4.98,4.98
-20.699,0.01,-0.03,4.97,4.97
-20.689,0.01,-0.03,4.98,4.98
-20.679,0.01,-0.03,4.98,4.98
-20.669,0.01,-0.03,4.98,4.98
-20.659,0.01,-0.03,4.98,4.98
-20.649,0.01,-0.03,4.98,4.98
-20.639,0.01,-0.03,4.98,4.98
-20.629,0.01,-0.03,4.98,4.98
-20.619,0.01,-0.03,4.98,4.98
-20.609,0.01,-0.03,4.97,4.97
-20.599,0.01,-0.03,4.97,4.97
-20.589,0.01,-0.03,4.97,4.97
-20.579,0.01,-0.03,4.97,4.97
-20.569,0.01,-0.03,4.98,4.98
-20.559,0.01,-0.03,4.98,4.98
-20.549,0.01,-0.03,4.98,4.98
-20.539,0.01,-0.03,4.98,4.98
-20.529,0.01,-0.03,4.98,4.98
-20.519,0.01,-0.03,4.97,4.97
-20.509,0.01,-0.03,4.97,4.97
-20.499,0.01,-0.03,4.97,4.97
-20.489,0.01,-0.03,4.98,4.98
-20.479,0.01,-0.03,4.98,4.98
-20.469,0.01,-0.03,4.98,4.98
-20.459,0.01,-0.03,4.98,4.98
-20.449,0.01,-0.03,4.98,4.98
-20.439,0.01,-0.03,4.97,4.97
-20.429,0.01,-0.03,4.97,4.97
-20.419,0.01,-0.03,4.97,4.97
-20.409,0.01,-0.03,4.97,4.97
-20.399,0.01,-0.03,4.98,4.98
-20.389,0.01,-0.03,4.98,4.98
-20.379,0.01,-0.03,4.98,4.98
-20.369,0.01,-0.03,4.98,4.98
-20.359,0.01,-0.03,4.98,4.98
-20.349,0.01,-0.03,4.98,4.98
-20.339,0.01,-0.03,4.97,4.97
-20.329,0.01,-0.03,4.97,4.97
-20.319,0.01,-0.03,4.97,4.97
-20.309,0.01,-0.03,4.97,4.97
-20.299,0.01,-0.03,4.98,4.98
-20.289,0.01,-0.03,4.98,4.98
-20.279,0.01,-0.03,4.98,4.98
-20.269,0.01,-0.03,4.98,4.98
-20.259,0.01,-0.03,4.97,4.97
-20.249,0.01,-0.03,4.97,4.97
-20.239,0.01,-0.03,4.97,4.97
-20.229,0.01,-0.03,4.97,4.97
-20.219,0.01,-0.03,4.98,4.98
-20.209,0.01,-0.03,4.98,4.98
-20.199,0.01,-0.03,4.99,4.99
-20.189,0.01,-0.03,4.98,4.98
-20.179,0.01,-0.03,4.98,4.98
-20.169,0.01,-0.03,4.97,4.97
-20.159,0.01,-0.03,4.97,4.97
-20.149,0.01,-0.03,4.97,4.97
-20.139,0.01,-0.03,4.97,4.97
-20.129,0.01,-0.03,4.97,4.97
-20.119,0.01,-0.03,4.98,4.98
-20.109,0.01,-0.03,4.98,4.98
-20.099,0.01,-0.03,4.98,4.98
-20.089,0.01,-0.03,4.98,4.98
-20.079,0.01,-0.03,4.98,4.98
-20.069,0.01,-0.03,4.98,4.98
-20.059,0.01,-0.03,4.98,4.98
-20.049,0.01,-0.03,4.98,4.98
-20.039,0.01,-0.03,4.99,4.99
-20.029,0.01,-0.03,4.99,4.99
-20.019,0.01,-0.03,4.98,4.98
-20.009,0.01,-0.03,4.98,4.98
-19.999,0.01,-0.03,4.98,4.98
-19.989,0.01,-0.03,4.98,4.98
-19.979,0.01,-0.03,4.97,4.97
-19.969,0.01,-0.03,4.98,4.98
-19.959,0.01,-0.03,4.98,4.98
-19.949,0.01,-0.03,4.97,4.97
-19.939,0.01,-0.03,4.98,4.98
-19.929,0.01,-0.03,4.98,4.98
-19.919,0.01,-0.03,4.98,4.98
-19.909,0.01,-0.03,4.98,4.98
-19.899,0.01,-0.03,4.99,4.99
-19.889,0.01,-0.03,4.99,4.99
-19.879,0.01,-0.03,4.99,4.99
-19.869,0.01,-0.03,4.98,4.98
-19.859,0.01,-0.03,4.98,4.98
-19.849,0.01,-0.03,4.98,4.98
-19.839,0.01,-0.03,4.98,4.98
-19.829,0.01,-0.03,4.98,4.98
-19.819,0.01,-0.03,4.98,4.98
-19.809,0.01,-0.03,4.98,4.98
-19.799,0.01,-0.03,4.98,4.98
-19.789,0.01,-0.03,4.98,4.98
-19.779,0.01,-0.03,4.98,4.98
-19.769,0.01,-0.03,4.98,4.98
-19.759,0.01,-0.03,4.98,4.98
-19.749,0.01,-0.03,4.98,4.98
-19.739,0.01,-0.03,4.98,4.98
-19.729,0.01,-0.03,4.98,4.98
-19.719,0.01,-0.03,4.98,4.98
-19.709,0.01,-0.03,4.98,4.98
-19.699,0.01,-0.03,4.98,4.98
-19.689,0.01,-0.03,4.98,4.98
-19.679,0.01,-0.03,4.98,4.98
-19.669,0.01,-0.03,4.98,4.98
-19.659,0.01,-0.03,4.98,4.98
-19.649,0.01,-0.03,4.98,4.98
-19.639,0.01,-0.03,4.98,4.98
-19.629,0.01,-0.03,4.98,4.98
-19.619,0.01,-0.03,4.98,4.98
-19.609,0.01,-0.03,4.98,4.98
-19.599,0.01,-0.03,4.98,4.98
-19.589,0.01,-0.03,4.98,4.98
-19.579,0.01,-0.03,4.98,4.98
-19.569,0.01,-0.03,4.98,4.98
-19.559,0.01,-0.03,4.98,4.98
-19.549,0.01,-0.03,4.98,4.98
-19.539,0.01,-0.03,4.98,4.98
-19.529,0.01,-0.03,4.98,4.98
-19.519,0.01,-0.03,4.98,4.98
-19.509,0.01,-0.03,4.98,4.98
-19.499,0.01,-0.03,4.98,4.98
-19.489,0.01,-0.03,4.98,4.98
-19.479,0.01,-0.03,4.98,4.98
-19.469,0.01,-0.03,4.98,4.98
-19.459,0.01,-0.03,4.98,4.98
-19.449,0.01,-0.03,4.98,4.98
-19.439,0.01,-0.03,4.98,4.98
-19.429,0.01,-0.03,4.98,4.98
-19.419,0.01,-0.03,4.98,4.98
-19.409,0.01,-0.03,4.98,4.98
-19.399,0.01,-0.03,4.98,4.98
-19.389,0.01,-0.03,4.98,4.98
-19.379,0.01,-0.03,4.98,4.98
-19.369,0.01,-0.03,4.98,4.98
-19.359,0.01,-0.03,4.98,4.98
-19.349,0.01,-0.03,4.98,4.98
-19.339,0.01,-0.03,4.98,4.98
-19.329,0.01,-0.03,4.97,4.97
-19.319,0.01,-0.03,4.97,4.97
-19.309,0.01,-0.03,4.97,4.97
-19.299,0.01,-0.03,4.97,4.97
-19.289,0.01,-0.03,4.98,4.98
-19.279,0.01,-0.03,4.98,4.98
-19.269,0.01,-0.03,4.98,4.98
-19.259,0.01,-0.03,4.98,4.98
-19.249,0.01,-0.03,4.98,4.98
-19.239,0.01,-0.03,4.97,4.97
-19.229,0.01,-0.03,4.97,4.97
-19.219,0.01,-0.03,4.98,4.98
-19.209,0.01,-0.03,4.98,4.98
-19.199,0.01,-0.03,4.98,4.98
-19.189,0.01,-0.03,4.98,4.98
-19.179,0.01,-0.03,4.98,4.98
-19.169,0.01,-0.03,4.98,4.98
-19.159,0.01,-0.03,4.97,4.97
-19.149,0.01,-0.03,4.97,4.97
-19.139,0.01,-0.03,4.97,4.97
-19.129,0.01,-0.03,4.97,4.97
-19.119,0.01,-0.03,4.98,4.98
-19.109,0.01,-0.03,4.98,4.98
-19.099,0.01,-0.03,4.98,4.98
-19.089,0.01,-0.03,4.98,4.98
-19.079,0.01,-0.03,4.98,4.98
-19.069,0.01,-0.03,4.98,4.98
-19.059,0.01,-0.03,4.98,4.98
-19.049,0.01,-0.03,4.98,4.98
-19.039,0.01,-0.03,4.98,4.98
-19.029,0.01,-0.03,4.98,4.98
-19.019,0.01,-0.03,4.98,4.98
-19.009,0.01,-0.03,4.98,4.98
-18.999,0.01,-0.03,4.98,4.98
-18.989,0.01,-0.03,4.97,4.97
-18.979,0.01,-0.03,4.97,4.97
-18.969,0.01,-0.03,4.98,4.98
-18.959,0.01,-0.03,4.98,4.98
-18.949,0.01,-0.03,4.98,4.98
-18.939,0.01,-0.03,4.98,4.98
-18.929,0.01,-0.03,4.98,4.98
-18.919,0.01,-0.03,4.98,4.98
-18.909,0.01,-0.03,4.98,4.98
-18.899,0.01,-0.03,4.98,4.98
-18.889,0.01,-0.03,4.98,4.98
-18.879,0.01,-0.03,4.98,4.98
-18.869,0.01,-0.03,4.98,4.98
-18.859,0.01,-0.03,4.98,4.98
-18.849,0.01,-0.03,4.98,4.98
-18.839,0.01,-0.03,4.98,4.98
-18.829,0.01,-0.03,4.98,4.98
-18.819,0.01,-0.03,4.98,4.98
-18.809,0.01,-0.03,4.98,4.98
-18.799,0.01,-0.03,4.98,4.98
-18.789,0.01,-0.03,4.98,4.98
-18.779,0.01,-0.03,4.98,4.98
-18.769,0.01,-0.03,4.98,4.98
-18.759,0.01,-0.03,4.98,4.98
-18.749,0.01,-0.03,4.98,4.98
-18.739,0.01,-0.03,4.98,4.98
-18.729,0.01,-0.03,4.98,4.98
-18.719,0.01,-0.03,4.98,4.98
-18.709,0.01,-0.03,4.98,4.98
-18.699,0.01,-0.03,4.98,4.98
-18.689,0.01,-0.03,4.98,4.98
-18.679,0.01,-0.03,4.98,4.98
-18.669,0.01,-0.03,4.98,4.98
-18.659,0.01,-0.03,4.98,4.98
-18.649,0.01,-0.03,4.98,4.98
-18.639,0.01,-0.03,4.98,4.98
-18.629,0.01,-0.03,4.98,4.98
-18.619,0.01,-0.03,4.98,4.98
-18.609,0.01,-0.03,4.98,4.98
-18.599,0.01,-0.03,4.98,4.98
-18.589,0.01,-0.03,4.98,4.98
-18.579,0.01,-0.03,4.99,4.99
-18.569,0.01,-0.03,4.98,4.98
-18.559,0.01,-0.03,4.98,4.98
-18.549,0.01,-0.03,4.98,4.98
-18.539,0.01,-0.03,4.98,4.98
-18.529,0.01,-0.03,4.98,4.98
-18.519,0.01,-0.03,4.98,4.98
-18.509,0.01,-0.03,4.98,4.98
-18.499,0.01,-0.03,4.98,4.98
-18.489,0.01,-0.03,4.98,4.98
-18.479,0.01,-0.03,4.98,4.98
-18.469,0.01,-0.03,4.98,4.98
-18.459,0.01,-0.03,4.97,4.97
-18.449,0.01,-0.03,4.97,4.97
-18.439,0.01,-0.03,4.98,4.98
-18.429,0.01,-0.03,4.98,4.98
-18.419,0.01,-0.03,4.98,4.98
-18.409,0.01,-0.03,4.99,4.99
-18.399,0.01,-0.03,4.98,4.98
-18.389,0.01,-0.03,4.98,4.98
-18.379,0.01,-0.03,4.98,4.98
-18.369,0.01,-0.03,4.97,4.97
-18.359,0.01,-0.03,4.97,4.97
-18.349,0.01,-0.03,4.97,4.97
-18.339,0.01,-0.03,4.98,4.98
-18.329,0.01,-0.03,4.98,4.98
-18.319,0.01,-0.03,4.98,4.98
-18.309,0.01,-0.03,4.98,4.98
-18.299,0.01,-0.03,4.98,4.98
-18.289,0.01,-0.03,4.98,4.98
-18.279,0.01,-0.03,4.98,4.98
-18.269,0.01,-0.03,4.98,4.98
-18.259,0.01,-0.03,4.97,4.97
-18.249,0.01,-0.03,4.98,4.98
-18.239,0.01,-0.03,4.98,4.98
-18.229,0.01,-0.03,4.98,4.98
-18.219,0.01,-0.03,4.98,4.98
-18.209,0.01,-0.03,4.97,4.97
-18.199,0.01,-0.03,4.97,4.97
-18.189,0.01,-0.03,4.97,4.97
-18.179,0.01,-0.03,4.97,4.97
-18.169,0.01,-0.03,4.97,4.97
-18.159,0.01,-0.03,4.97,4.97
-18.149,0.01,-0.03,4.97,4.97
-18.139,0.01,-0.03,4.98,4.98
-18.129,0.01,-0.03,4.97,4.97
-18.119,0.01,-0.03,4.97,4.97
-18.109,0.01,-0.03,4.97,4.97
-18.099,0.01,-0.03,4.97,4.97
-18.089,0.01,-0.03,4.97,4.97
-18.079,0.01,-0.03,4.97,4.97
-18.069,0.01,-0.03,4.97,4.97
-18.059,0.01,-0.03,4.97,4.97
-18.049,0.01,-0.03,4.97,4.97
-18.039,0.01,-0.03,4.97,4.97
-18.029,0.01,-0.03,4.97,4.97
-18.019,0.01,-0.03,4.97,4.97
-18.009,0.01,-0.03,4.98,4.98
-17.999,0.01,-0.03,4.98,4.98
-17.989,0.01,-0.03,4.98,4.98
-17.979,0.01,-0.03,4.98,4.98
-17.969,0.01,-0.03,4.98,4.98
-17.959,0.01,-0.03,4.98,4.98
-17.949,0.01,-0.03,4.98,4.98
-17.939,0.01,-0.03,4.98,4.98
-17.929,0.01,-0.03,4.98,4.98
-17.919,0.01,-0.03,4.98,4.98
-17.909,0.01,-0.03,4.98,4.98
-17.899,0.01,-0.03,4.98,4.98
-17.889,0.01,-0.03,4.98,4.98
-17.879,0.01,-0.03,4.97,4.97
-17.869,0.01,-0.03,4.97,4.97
-17.859,0.01,-0.03,4.97,4.97
-17.849,0.01,-0.03,4.97,4.97
-17.839,0.01,-0.03,4.98,4.98
-17.829,0.01,-0.03,4.98,4.98
-17.819,0.01,-0.03,4.99,4.99
-17.809,0.01,-0.03,4.99,4.99
-17.799,0.01,-0.03,4.99,4.99
-17.789,0.01,-0.03,4.98,4.98
-17.779,0.01,-0.03,4.98,4.98
-17.769,0.01,-0.03,4.98,4.98
-17.759,0.01,-0.03,4.97,4.97
-17.749,0.01,-0.03,4.98,4.98
-17.739,0.01,-0.03,4.98,4.98
-17.729,0.01,-0.03,4.98,4.98
-17.719,0.01,-0.03,4.98,4.98
-17.709,0.01,-0.03,4.98,4.98
-17.699,0.01,-0.03,4.97,4.97
-17.689,0.01,-0.03,4.97,4.97
-17.679,0.01,-0.03,4.97,4.97
-17.669,0.01,-0.03,4.98,4.98
-17.659,0.01,-0.03,4.98,4.98
-17.649,0.01,-0.03,4.98,4.98
-17.639,0.01,-0.03,4.98,4.98
-17.629,0.01,-0.03,4.98,4.98
-17.619,0.01,-0.03,4.98,4.98
-17.609,0.01,-0.03,4.97,4.97
-17.599,0.01,-0.03,4.97,4.97
-17.589,0.01,-0.03,4.97,4.97
-17.579,0.01,-0.03,4.98,4.98
-17.569,0.01,-0.03,4.98,4.98
-17.559,0.01,-0.03,4.98,4.98
-17.549,0.01,-0.03,4.98,4.98
-17.539,0.01,-0.03,4.97,4.97
-17.529,0.01,-0.03,4.97,4.97
-17.519,0.01,-0.03,4.97,4.97
-17.509,0.01,-0.03,4.97,4.97
-17.499,0.01,-0.03,4.97,4.97
-17.489,0.01,-0.03,4.98,4.98
-17.479,0.01,-0.03,4.98,4.98
-17.469,0.01,-0.03,4.98,4.98
-17.459,0.01,-0.03,4.98,4.98
-17.449,0.01,-0.03,4.98,4.98
-17.439,0.01,-0.03,4.98,4.98
-17.429,0.01,-0.03,4.97,4.97
-17.419,0.01,-0.03,4.97,4.97
-17.409,0.01,-0.03,4.97,4.97
-17.399,0.01,-0.03,4.97,4.97
-17.389,0.01,-0.03,4.97,4.97
-17.379,0.01,-0.03,4.98,4.98
-17.369,0.01,-0.03,4.98,4.98
-17.359,0.01,-0.03,4.98,4.98
-17.349,0.01,-0.03,4.98,4.98
-17.339,0.01,-0.03,4.98,4.98
-17.329,0.01,-0.03,4.98,4.98
-17.319,0.01,-0.03,4.98,4.98
-17.309,0.01,-0.03,4.98,4.98
-17.299,0.01,-0.03,4.98,4.98
-17.289,0.01,-0.03,4.98,4.98
-17.279,0.01,-0.03,4.98,4.98
-17.269,0.01,-0.03,4.98,4.98
-17.259,0.01,-0.03,4.98,4.98
-17.249,0.01,-0.03,4.98,4.98
-17.239,0.01,-0.03,4.98,4.98
-17.229,0.01,-0.03,4.97,4.97
-17.219,0.01,-0.03,4.97,4.97
-17.209,0.01,-0.03,4.97,4.97
-17.199,0.01,-0.03,4.97,4.97
-17.189,0.01,-0.03,4.98,4.98
-17.179,0.01,-0.03,4.98,4.98
-17.169,0.01,-0.03,4.98,4.98
-17.159,0.01,-0.03,4.98,4.98
-17.149,0.01,-0.03,4.98,4.98
-17.139,0.01,-0.03,4.98,4.98
-17.129,0.01,-0.03,4.97,4.97
-17.119,0.01,-0.03,4.97,4.97
-17.109,0.01,-0.03,4.97,4.97
-17.099,0.01,-0.03,4.97,4.97
-17.089,0.01,-0.03,4.97,4.97
-17.079,0.01,-0.03,4.98,4.98
-17.069,0.01,-0.03,4.97,4.97
-17.059,0.01,-0.03,4.97,4.97
-17.049,0.01,-0.03,4.97,4.97
-17.039,0.01,-0.03,4.97,4.97
-17.029,0.01,-0.03,4.97,4.97
-17.019,0.01,-0.03,4.97,4.97
-17.009,0.01,-0.03,4.97,4.97
-16.999,0.01,-0.03,4.98,4.98
-16.989,0.01,-0.03,4.99,4.99
-16.979,0.01,-0.03,4.99,4.99
-16.969,0.01,-0.03,4.98,4.98
-16.959,0.01,-0.03,4.98,4.98
-16.949,0.01,-0.03,4.97,4.97
-16.939,0.01,-0.03,4.97,4.97
-16.929,0.01,-0.03,4.97,4.97
-16.919,0.01,-0.03,4.97,4.97
-16.909,0.01,-0.03,4.98,4.98
-16.899,0.01,-0.03,4.98,4.98
-16.889,0.01,-0.03,4.98,4.98
-16.879,0.01,-0.03,4.98,4.98
-16.869,0.01,-0.03,4.97,4.97
-16.859,0.01,-0.03,4.97,4.97
-16.849,0.01,-0.03,4.97,4.97
-16.839,0.01,-0.03,4.97,4.97
-16.829,0.01,-0.03,4.97,4.97
-16.819,0.01,-0.03,4.98,4.98
-16.809,0.01,-0.03,4.98,4.98
-16.799,0.01,-0.03,4.98,4.98
-16.789,0.01,-0.03,4.98,4.98
-16.779,0.01,-0.03,4.98,4.98
-16.769,0.01,-0.03,4.98,4.98
-16.759,0.01,-0.03,4.97,4.97
-16.749,0.01,-0.03,4.97,4.97
-16.739,0.01,-0.03,4.97,4.97
-16.729,0.01,-0.03,4.98,4.98
-16.719,0.01,-0.03,4.98,4.98
-16.709,0.01,-0.03,4.98,4.98
-16.699,0.01,-0.03,4.98,4.98
-16.689,0.01,-0.03,4.97,4.97
-16.679,0.01,-0.03,4.97,4.97
-16.669,0.01,-0.03,4.97,4.97
-16.659,0.01,-0.03,4.97,4.97
-16.649,0.01,-0.03,4.97,4.97
-16.639,0.01,-0.03,4.98,4.98
-16.629,0.01,-0.03,4.98,4.98
-16.619,0.01,-0.03,4.98,4.98
-16.609,0.01,-0.03,4.98,4.98
-16.599,0.01,-0.03,4.97,4.97
-16.589,0.01,-0.03,4.97,4.97
-16.579,0.01,-0.03,4.97,4.97
-16.569,0.01,-0.03,4.97,4.97
-16.559,0.01,-0.03,4.97,4.97
-16.549,0.01,-0.03,4.98,4.98
-16.539,0.01,-0.03,4.98,4.98
-16.529,0.01,-0.03,4.98,4.98
-16.519,0.01,-0.03,4.98,4.98
-16.509,0.01,-0.03,4.97,4.97
-16.499,0.01,-0.03,4.97,4.97
-16.489,0.01,-0.03,4.97,4.97
-16.479,0.01,-0.03,4.97,4.97
-16.469,0.01,-0.03,4.97,4.97
-16.459,0.01,-0.03,4.98,4.98
-16.449,0.01,-0.03,4.99,4.99
-16.439,0.01,-0.03,4.99,4.99
-16.429,0.01,-0.03,4.98,4.98
-16.419,0.01,-0.03,4.98,4.98
-16.409,0.01,-0.03,4.97,4.97
-16.399,0.01,-0.03,4.97,4.97
-16.389,0.01,-0.03,4.97,4.97
-16.379,0.01,-0.03,4.97,4.97
-16.369,0.01,-0.03,4.97,4.97
-16.359,0.01,-0.03,4.97,4.97
-16.349,0.01,-0.03,4.97,4.97
-16.339,0.01,-0.03,4.97,4.97
-16.329,0.01,-0.03,4.97,4.97
-16.319,0.01,-0.03,4.97,4.97
-16.309,0.01,-0.03,4.97,4.97
-16.299,0.01,-0.03,4.97,4.97
-16.289,0.01,-0.03,4.98,4.98
-16.279,0.01,-0.03,4.98,4.98
-16.269,0.01,-0.03,4.99,4.99
-16.259,0.01,-0.03,4.99,4.99
-16.249,0.01,-0.03,4.98,4.98
-16.239,0.01,-0.03,4.97,4.97
-16.229,0.01,-0.03,4.97,4.97
-16.219,0.01,-0.03,4.97,4.97
-16.209,0.01,-0.03,4.97,4.97
-16.199,0.01,-0.03,4.97,4.97
-16.189,0.01,-0.03,4.98,4.98
-16.179,0.01,-0.03,4.98,4.98
-16.169,0.01,-0.03,4.98,4.98
-16.159,0.01,-0.03,4.98,4.98
-16.149,0.01,-0.03,4.98,4.98
-16.139,0.01,-0.03,4.98,4.98
-16.129,0.01,-0.03,4.97,4.97
-16.119,0.01,-0.03,4.97,4.97
-16.109,0.01,-0.03,4.97,4.97
-16.099,0.01,-0.03,4.98,4.98
-16.089,0.01,-0.03,4.98,4.98
-16.079,0.01,-0.03,4.98,4.98
-16.069,0.01,-0.03,4.98,4.98
-16.059,0.01,-0.03,4.97,4.97
-16.049,0.01,-0.03,4.97,4.97
-16.039,0.01,-0.03,4.97,4.97
-16.029,0.01,-0.03,4.97,4.97
-16.019,0.01,-0.03,4.97,4.97
-16.009,0.01,-0.03,4.97,4.98
-15.999,0.01,-0.03,4.98,4.98
-15.989,0.01,-0.03,4.98,4.98
-15.979,0.01,-0.03,4.98,4.98
-15.969,0.01,-0.03,4.97,4.97
-15.959,0.01,-0.03,4.97,4.97
-15.949,0.01,-0.03,4.98,4.98
-15.939,0.01,-0.03,4.98,4.98
-15.929,0.01,-0.03,4.98,4.98
-15.919,0.01,-0.03,4.98,4.98
-15.909,0.01,-0.03,4.98,4.98
-15.899,0.01,-0.03,4.98,4.98
-15.889,0.01,-0.03,4.97,4.97
-15.879,0.01,-0.03,4.97,4.97
-15.869,0.01,-0.03,4.97,4.97
-15.859,0.01,-0.03,4.98,4.98
-15.849,0.01,-0.03,4.98,4.98
-15.839,0.01,-0.03,4.98,4.98
-15.829,0.01,-0.03,4.97,4.97
-15.819,0.01,-0.03,4.97,4.97
-15.809,0.01,-0.03,4.97,4.97
-15.799,0.01,-0.03,4.97,4.97
-15.789,0.01,-0.03,4.97,4.97
-15.779,0.01,-0.03,4.97,4.97
-15.769,0.01,-0.03,4.98,4.98
-15.759,0.01,-0.03,4.98,4.98
-15.749,0.01,-0.03,4.98,4.98
-15.739,0.01,-0.03,4.98,4.98
-15.729,0.01,-0.03,4.97,4.97
-15.719,0.01,-0.03,4.97,4.97
-15.709,0.01,-0.03,4.97,4.97
-15.699,0.01,-0.03,4.97,4.97
-15.689,0.01,-0.03,4.97,4.97
-15.679,0.01,-0.03,4.98,4.98
-15.669,0.01,-0.03,4.98,4.98
-15.659,0.01,-0.03,4.98,4.98
-15.649,0.01,-0.03,4.98,4.98
-15.639,0.01,-0.03,4.98,4.98
-15.629,0.01,-0.03,4.97,4.97
-15.619,0.01,-0.03,4.97,4.97
-15.609,0.01,-0.03,4.98,4.98
-15.599,0.01,-0.03,4.98,4.98
-15.589,0.01,-0.03,4.98,4.98
-15.579,0.01,-0.03,4.98,4.98
-15.569,0.01,-0.03,4.98,4.98
-15.559,0.01,-0.03,4.98,4.98
-15.549,0.01,-0.03,4.98,4.98
-15.539,0.01,-0.03,4.98,4.98
-15.529,0.01,-0.03,4.98,4.98
-15.519,0.01,-0.03,4.98,4.98
-15.509,0.01,-0.03,4.97,4.97
-15.499,0.01,-0.03,4.97,4.97
-15.489,0.01,-0.03,4.97,4.98
-15.479,0.01,-0.03,4.98,4.98
-15.469,0.01,-0.03,4.98,4.98
-15.459,0.01,-0.03,4.97,4.97
-15.449,0.01,-0.03,4.97,4.97
-15.439,0.01,-0.03,4.97,4.97
-15.429,0.01,-0.03,4.97,4.97
-15.419,0.01,-0.03,4.97,4.97
-15.409,0.01,-0.03,4.97,4.97
-15.399,0.01,-0.03,4.97,4.97
-15.389,0.01,-0.03,4.97,4.97
-15.379,0.01,-0.03,4.97,4.97
-15.369,0.01,-0.03,4.98,4.98
-15.359,0.01,-0.03,4.97,4.97
-15.349,0.01,-0.03,4.97,4.97
-15.339,0.01,-0.03,4.97,4.97
-15.329,0.01,-0.03,4.97,4.97
-15.319,0.01,-0.03,4.98,4.98
-15.309,0.01,-0.03,4.98,4.98
-15.299,0.01,-0.03,4.98,4.98
-15.289,0.01,-0.03,4.98,4.98
-15.279,0.01,-0.03,4.97,4.97
-15.269,0.01,-0.03,4.97,4.97
-15.259,0.01,-0.03,4.97,4.97
-15.249,0.01,-0.03,4.97,4.97
-15.239,0.01,-0.03,4.97,4.97
-15.229,0.01,-0.03,4.97,4.97
-15.219,0.01,-0.03,4.98,4.98
-15.209,0.01,-0.03,4.98,4.98
-15.199,0.01,-0.03,4.97,4.97
-15.189,0.01,-0.03,4.97,4.97
-15.179,0.01,-0.03,4.97,4.97
-15.169,0.01,-0.03,4.97,4.97
-15.159,0.01,-0.03,4.97,4.97
-15.149,0.01,-0.03,4.98,4.98
-15.139,0.01,-0.03,4.98,4.98
-15.129,0.01,-0.03,4.98,4.98
-15.119,0.01,-0.03,4.98,4.98
-15.109,0.01,-0.03,4.98,4.98
-15.099,0.01,-0.03,4.97,4.97
-15.089,0.01,-0.03,4.97,4.97
-15.079,0.01,-0.03,4.97,4.97
-15.069,0.01,-0.03,4.97,4.97
-15.059,0.01,-0.03,4.98,4.98
-15.049,0.01,-0.03,4.98,4.98
-15.039,0.01,-0.03,4.98,4.98
-15.029,0.01,-0.03,4.98,4.98
-15.019,0.01,-0.03,4.98,4.98
-15.009,0.01,-0.03,4.97,4.97
-14.999,0.01,-0.03,4.97,4.97
-14.989,0.01,-0.03,4.97,4.97
-14.979,0.01,-0.03,4.97,4.97
-14.969,0.01,-0.03,4.97,4.97
-14.959,0.01,-0.03,4.97,4.97
-14.949,0.01,-0.03,4.97,4.97
-14.939,0.01,-0.03,4.98,4.98
-14.929,0.01,-0.03,4.98,4.98
-14.919,0.01,-0.03,4.97,4.97
-14.909,0.01,-0.03,4.97,4.97
-14.899,0.01,-0.03,4.97,4.97
-14.889,0.01,-0.03,4.97,4.97
-14.879,0.01,-0.03,4.97,4.97
-14.869,0.01,-0.03,4.97,4.97
-14.859,0.01,-0.03,4.97,4.97
-14.849,0.01,-0.03,4.97,4.97
-14.839,0.01,-0.03,4.97,4.97
-14.829,0.01,-0.03,4.97,4.97
-14.819,0.01,-0.03,4.97,4.97
-14.809,0.01,-0.03,4.97,4.97
-14.799,0.01,-0.03,4.97,4.97
-14.789,0.01,-0.03,4.98,4.98
-14.779,0.01,-0.03,4.98,4.98
-14.769,0.01,-0.03,4.98,4.98
-14.759,0.01,-0.03,4.98,4.98
-14.749,0.01,-0.03,4.98,4.98
-14.739,0.01,-0.03,4.98,4.98
-14.729,0.01,-0.03,4.97,4.97
-14.719,0.01,-0.03,4.97,4.97
-14.709,0.01,-0.03,4.97,4.97
-14.699,0.01,-0.03,4.97,4.97
-14.689,0.01,-0.03,4.98,4.98
-14.679,0.01,-0.03,4.98,4.98
-14.669,0.01,-0.03,4.98,4.98
-14.659,0.01,-0.03,4.98,4.98
-14.649,0.01,-0.03,4.97,4.97
-14.639,0.01,-0.03,4.97,4.97
-14.629,0.01,-0.03,4.97,4.97
-14.619,0.01,-0.03,4.98,4.98
-14.609,0.01,-0.03,4.98,4.98
-14.599,0.01,-0.03,4.98,4.98
-14.589,0.01,-0.03,4.98,4.98
-14.579,0.01,-0.03,4.98,4.98
-14.569,0.01,-0.03,4.98,4.98
-14.559,0.01,-0.03,4.97,4.97
-14.549,0.01,-0.03,4.97,4.97
-14.539,0.01,-0.03,4.97,4.97
-14.529,0.01,-0.03,4.97,4.97
-14.519,0.01,-0.03,4.97,4.97
-14.509,0.01,-0.03,4.98,4.98
-14.499,0.01,-0.03,4.98,4.98
-14.489,0.01,-0.03,4.98,4.98
-14.479,0.01,-0.03,4.98,4.98
-14.469,0.01,-0.03,4.98,4.98
-14.459,0.01,-0.03,4.98,4.98
-14.449,0.01,-0.03,4.98,4.98
-14.439,0.01,-0.03,4.98,4.98
-14.429,0.01,-0.03,4.98,4.98
-14.419,0.01,-0.03,4.97,4.97
-14.409,0.01,-0.03,4.97,4.97
-14.399,0.01,-0.03,4.97,4.97
-14.389,0.01,-0.03,4.97,4.97
-14.379,0.01,-0.03,4.97,4.97
-14.369,0.01,-0.03,4.97,4.97
-14.359,0.01,-0.03,4.98,4.98
-14.349,0.01,-0.03,4.98,4.98
-14.339,0.01,-0.03,4.98,4.98
-14.329,0.01,-0.03,4.97,4.97
-14.319,0.01,-0.03,4.97,4.97
-14.309,0.01,-0.03,4.97,4.97
-14.299,0.01,-0.03,4.97,4.97
-14.289,0.01,-0.03,4.98,4.98
-14.279,0.01,-0.03,4.98,4.98
-14.269,0.01,-0.03,4.98,4.98
-14.259,0.01,-0.03,4.98,4.98
-14.249,0.01,-0.03,4.97,4.97
-14.239,0.01,-0.03,4.97,4.97
-14.229,0.01,-0.03,4.97,4.97
-14.219,0.01,-0.03,4.97,4.97
-14.209,0.01,-0.03,4.97,4.97
-14.199,0.01,-0.03,4.98,4.98
-14.189,0.01,-0.03,4.98,4.98
-14.179,0.01,-0.03,4.98,4.98
-14.169,0.01,-0.03,4.98,4.98
-14.159,0.01,-0.03,4.98,4.98
-14.149,0.01,-0.03,4.98,4.98
-14.139,0.01,-0.03,4.98,4.98
-14.129,0.01,-0.03,4.98,4.98
-14.119,0.01,-0.03,4.98,4.98
-14.109,0.01,-0.03,4.98,4.98
-14.099,0.01,-0.03,4.98,4.98
-14.089,0.01,-0.03,4.97,4.97
-14.079,0.01,-0.03,4.97,4.97
-14.069,0.01,-0.03,4.98,4.98
-14.059,0.01,-0.03,4.98,4.98
-14.049,0.01,-0.03,4.98,4.98
-14.039,0.01,-0.03,4.98,4.98
-14.029,0.01,-0.03,4.98,4.98
-14.019,0.01,-0.03,4.98,4.98
-14.009,0.01,-0.03,4.98,4.98
-13.999,0.01,-0.03,4.98,4.98
-13.989,0.01,-0.03,4.98,4.98
-13.979,0.01,-0.03,4.98,4.98
-13.969,0.01,-0.03,4.98,4.98
-13.959,0.01,-0.03,4.98,4.98
-13.949,0.01,-0.03,4.98,4.98
-13.939,0.01,-0.03,4.98,4.98
-13.929,0.01,-0.03,4.98,4.98
-13.919,0.01,-0.03,4.98,4.98
-13.909,0.01,-0.03,4.98,4.98
-13.899,0.01,-0.03,4.98,4.98
-13.889,0.01,-0.03,4.98,4.98
-13.879,0.01,-0.03,4.98,4.98
-13.869,0.01,-0.03,4.98,4.98
-13.859,0.01,-0.03,4.98,4.98
-13.849,0.01,-0.03,4.98,4.98
-13.839,0.01,-0.03,4.98,4.98
-13.829,0.01,-0.03,4.98,4.98
-13.819,0.01,-0.03,4.98,4.98
-13.809,0.01,-0.03,4.98,4.98
-13.799,0.01,-0.03,4.98,4.98
-13.789,0.01,-0.03,4.98,4.98
-13.779,0.01,-0.03,4.98,4.98
-13.769,0.01,-0.03,4.97,4.97
-13.759,0.01,-0.03,4.97,4.97
-13.749,0.01,-0.03,4.98,4.98
-13.739,0.01,-0.03,4.98,4.98
-13.729,0.01,-0.03,4.98,4.98
-13.719,0.01,-0.03,4.98,4.98
-13.709,0.01,-0.03,4.98,4.98
-13.699,0.01,-0.03,4.98,4.98
-13.689,0.01,-0.03,4.98,4.98
-13.679,0.01,-0.03,4.98,4.98
-13.669,0.01,-0.03,4.98,4.98
-13.659,0.01,-0.03,4.98,4.98
-13.649,0.01,-0.03,4.98,4.98
-13.639,0.01,-0.03,4.98,4.98
-13.629,0.01,-0.03,4.98,4.98
-13.619,0.01,-0.03,4.98,4.98
-13.609,0.01,-0.03,4.98,4.98
-13.599,0.01,-0.03,4.98,4.98
-13.589,0.01,-0.03,4.98,4.98
-13.579,0.01,-0.03,4.98,4.98
-13.569,0.01,-0.03,4.98,4.98
-13.559,0.01,-0.03,4.98,4.98
-13.549,0.01,-0.03,4.97,4.97
-13.539,0.01,-0.03,4.97,4.97
-13.529,0.01,-0.03,4.97,4.97
-13.519,0.01,-0.03,4.97,4.97
-13.509,0.01,-0.03,4.98,4.98
-13.499,0.01,-0.03,4.98,4.98
-13.489,0.01,-0.03,4.99,4.99
-13.479,0.01,-0.03,4.99,4.99
-13.469,0.01,-0.03,4.98,4.98
-13.459,0.01,-0.03,4.98,4.98
-13.449,0.01,-0.03,4.98,4.98
-13.439,0.01,-0.03,4.98,4.98
-13.429,0.01,-0.03,4.98,4.98
-13.419,0.01,-0.03,4.98,4.98
-13.409,0.01,-0.03,4.98,4.98
-13.399,0.01,-0.03,4.98,4.98
-13.389,0.01,-0.03,4.97,4.97
-13.379,0.01,-0.03,4.97,4.97
-13.369,0.01,-0.03,4.97,4.97
-13.359,0.01,-0.03,4.98,4.98
-13.349,0.01,-0.03,4.98,4.98
-13.339,0.01,-0.03,4.98,4.98
-13.329,0.01,-0.03,4.99,4.99
-13.319,0.01,-0.03,4.98,4.98
-13.309,0.01,-0.03,4.98,4.98
-13.299,0.01,-0.03,4.98,4.98
-13.289,0.01,-0.03,4.98,4.98
-13.279,0.01,-0.03,4.98,4.98
-13.269,0.01,-0.03,4.97,4.97
-13.259,0.01,-0.03,4.97,4.97
-13.249,0.01,-0.03,4.98,4.98
-13.239,0.01,-0.03,4.98,4.98
-13.229,0.01,-0.03,4.98,4.98
-13.219,0.01,-0.03,4.98,4.98
-13.209,0.01,-0.03,4.98,4.98
-13.199,0.01,-0.03,4.98,4.98
-13.189,0.01,-0.03,4.98,4.98
-13.179,0.01,-0.03,4.97,4.98
-13.169,0.01,-0.03,4.98,4.98
-13.159,0.01,-0.03,4.98,4.98
-13.149,0.01,-0.03,4.98,4.98
-13.139,0.01,-0.03,4.98,4.98
-13.129,0.01,-0.03,4.98,4.98
-13.119,0.01,-0.03,4.98,4.98
-13.109,0.01,-0.03,4.98,4.98
-13.099,0.01,-0.03,4.98,4.98
-13.089,0.01,-0.03,4.98,4.98
-13.079,0.01,-0.03,4.97,4.97
-13.069,0.01,-0.03,4.97,4.97
-13.059,0.01,-0.03,4.97,4.97
-13.049,0.01,-0.03,4.97,4.97
-13.039,0.01,-0.03,4.98,4.98
-13.029,0.01,-0.03,4.98,4.98
-13.019,0.01,-0.03,4.99,4.99
-13.009,0.01,-0.03,4.99,4.99
-12.999,0.01,-0.03,4.99,4.99
-12.989,0.01,-0.03,4.98,4.98
-12.979,0.01,-0.03,4.97,4.97
-12.969,0.01,-0.03,4.96,4.96
-12.959,0.01,-0.03,4.96,4.96
-12.949,0.01,-0.03,4.97,4.97
-12.939,0.01,-0.03,4.98,4.98
-12.929,0.01,-0.03,4.99,4.99
-12.919,0.01,-0.03,4.99,4.99
-12.909,0.01,-0.03,4.98,4.99
-12.899,0.01,-0.03,4.98,4.98
-12.889,0.01,-0.03,4.97,4.97
-12.879,0.01,-0.03,4.97,4.97
-12.869,0.01,-0.03,4.97,4.97
-12.859,0.01,-0.03,4.97,4.97
-12.849,0.01,-0.03,4.98,4.98
-12.839,0.01,-0.03,4.99,4.99
-12.829,0.01,-0.03,4.99,4.99
-12.819,0.01,-0.03,4.99,4.99
-12.809,0.01,-0.03,4.98,4.98
-12.799,0.01,-0.03,4.97,4.97
-12.789,0.01,-0.03,4.97,4.97
-12.779,0.01,-0.03,4.97,4.97
-12.769,0.01,-0.03,4.98,4.98
-12.759,0.01,-0.03,4.98,4.98
-12.749,0.01,-0.03,4.99,4.99
-12.739,0.01,-0.03,4.99,4.99
-12.729,0.01,-0.03,4.98,4.98
-12.719,0.01,-0.03,4.98,4.98
-12.709,0.01,-0.03,4.97,4.97
-12.699,0.01,-0.03,4.97,4.97
-12.689,0.01,-0.03,4.97,4.97
-12.679,0.01,-0.03,4.97,4.97
-12.669,0.01,-0.03,4.98,4.98
-12.659,0.01,-0.03,4.99,4.99
-12.649,0.01,-0.03,4.99,4.99
-12.639,0.01,-0.03,4.99,4.99
-12.629,0.01,-0.03,4.98,4.98
-12.619,0.01,-0.03,4.98,4.98
-12.609,0.01,-0.03,4.97,4.97
-12.599,0.01,-0.03,4.97,4.97
-12.589,0.01,-0.03,4.97,4.97
-12.579,0.01,-0.03,4.98,4.98
-12.569,0.01,-0.03,4.98,4.98
-12.559,0.01,-0.03,4.99,4.99
-12.549,0.01,-0.03,4.99,4.99
-12.539,0.01,-0.03,4.98,4.98
-12.529,0.01,-0.03,4.97,4.97
-12.519,0.01,-0.03,4.97,4.97
-12.509,0.01,-0.03,4.97,4.97
-12.499,0.01,-0.03,4.98,4.98
-12.489,0.01,-0.03,4.98,4.98
-12.479,0.01,-0.03,4.98,4.98
-12.469,0.01,-0.03,4.99,4.99
-12.459,0.01,-0.03,4.99,4.99
-12.449,0.01,-0.03,4.99,4.99
-12.439,0.01,-0.03,4.98,4.98
-12.429,0.01,-0.03,4.98,4.98
-12.419,0.01,-0.03,4.97,4.97
-12.409,0.01,-0.03,4.97,4.97
-12.399,0.01,-0.03,4.97,4.97
-12.389,0.01,-0.03,4.97,4.97
-12.379,0.01,-0.03,4.98,4.98
-12.369,0.01,-0.03,4.98,4.98
-12.359,0.01,-0.03,4.98,4.98
-12.349,0.01,-0.03,4.98,4.98
-12.339,0.01,-0.03,4.97,4.97
-12.329,0.01,-0.03,4.97,4.97
-12.319,0.01,-0.03,4.97,4.97
-12.309,0.01,-0.03,4.97,4.97
-12.299,0.01,-0.03,4.98,4.98
-12.289,0.01,-0.03,4.98,4.98
-12.279,0.01,-0.03,4.98,4.98
-12.269,0.01,-0.03,4.98,4.98
-12.259,0.01,-0.03,4.97,4.97
-12.249,0.01,-0.03,4.97,4.97
-12.239,0.01,-0.03,4.96,4.96
-12.229,0.01,-0.03,4.97,4.97
-12.219,0.01,-0.03,4.97,4.97
-12.209,0.01,-0.03,4.98,4.98
-12.199,0.01,-0.03,4.98,4.98
-12.189,0.01,-0.03,4.98,4.98
-12.179,0.01,-0.03,4.98,4.98
-12.169,0.01,-0.03,4.98,4.98
-12.159,0.01,-0.03,4.97,4.97
-12.149,0.01,-0.03,4.97,4.97
-12.139,0.01,-0.03,4.97,4.97
-12.129,0.01,-0.03,4.98,4.98
-12.119,0.01,-0.03,4.98,4.98
-12.109,0.01,-0.03,4.98,4.98
-12.099,0.01,-0.03,4.98,4.98
-12.089,0.01,-0.03,4.98,4.98
-12.079,0.01,-0.03,4.98,4.98
-12.069,0.01,-0.03,4.97,4.97
-12.059,0.01,-0.03,4.97,4.97
-12.049,0.01,-0.03,4.97,4.97
-12.039,0.01,-0.03,4.97,4.97
-12.029,0.01,-0.03,4.98,4.98
-12.019,0.01,-0.03,4.98,4.98
-12.009,0.01,-0.03,4.98,4.98
-11.999,0.01,-0.03,4.98,4.98
-11.989,0.01,-0.03,4.98,4.98
-11.979,0.01,-0.03,4.98,4.98
-11.969,0.01,-0.03,4.98,4.98
-11.959,0.01,-0.03,4.98,4.98
-11.949,0.01,-0.03,4.98,4.98
-11.939,0.01,-0.03,4.98,4.98
-11.929,0.01,-0.03,4.98,4.98
-11.919,0.01,-0.03,4.98,4.98
-11.909,0.01,-0.03,4.98,4.98
-11.899,0.01,-0.03,4.98,4.98
-11.889,0.01,-0.03,4.98,4.98
-11.879,0.01,-0.03,4.98,4.98
-11.869,0.01,-0.03,4.98,4.98
-11.859,0.01,-0.03,4.97,4.97
-11.849,0.01,-0.03,4.97,4.97
-11.839,0.01,-0.03,4.97,4.97
-11.829,0.01,-0.03,4.98,4.98
-11.819,0.01,-0.03,4.98,4.98
-11.809,0.01,-0.03,4.98,4.98
-11.799,0.01,-0.03,4.98,4.98
-11.789,0.01,-0.03,4.98,4.98
-11.779,0.01,-0.03,4.97,4.97
-11.769,0.01,-0.03,4.97,4.97
-11.759,0.01,-0.03,4.97,4.97
-11.749,0.01,-0.03,4.98,4.98
-11.739,0.01,-0.03,4.98,4.98
-11.729,0.01,-0.03,4.98,4.98
-11.719,0.01,-0.03,4.98,4.98
-11.709,0.01,-0.03,4.97,4.97
-11.699,0.01,-0.03,4.97,4.97
-11.689,0.01,-0.03,4.97,4.97
-11.679,0.01,-0.03,4.98,4.98
-11.669,0.01,-0.03,4.98,4.98
-11.659,0.01,-0.03,4.98,4.98
-11.649,0.01,-0.03,4.98,4.98
-11.639,0.01,-0.03,4.98,4.98
-11.629,0.01,-0.03,4.98,4.98
-11.619,0.01,-0.03,4.98,4.98
-11.609,0.01,-0.03,4.97,4.97
-11.599,0.01,-0.03,4.97,4.97
-11.589,0.01,-0.03,4.98,4.98
-11.579,0.01,-0.03,4.98,4.98
-11.569,0.01,-0.03,4.98,4.98
-11.559,0.01,-0.03,4.98,4.98
-11.549,0.01,-0.03,4.98,4.98
-11.539,0.01,-0.03,4.98,4.98
-11.529,0.01,-0.03,4.98,4.98
-11.519,0.01,-0.03,4.98,4.98
-11.509,0.01,-0.03,4.98,4.98
-11.499,0.01,-0.03,4.98,4.98
-11.489,0.01,-0.03,4.98,4.98
-11.479,0.01,-0.03,4.98,4.98
-11.469,0.01,-0.03,4.98,4.98
-11.459,0.01,-0.03,4.98,4.98
-11.449,0.01,-0.03,4.97,4.97
-11.439,0.01,-0.03,4.97,4.97
-11.429,0.01,-0.03,4.97,4.97
-11.419,0.01,-0.03,4.98,4.98
-11.409,0.01,-0.03,4.98,4.98
-11.399,0.01,-0.03,4.98,4.98
-11.389,0.01,-0.03,4.97,4.97
-11.379,0.01,-0.03,4.97,4.97
-11.369,0.01,-0.03,4.98,4.98
-11.359,0.01,-0.03,4.98,4.98
-11.349,0.01,-0.03,4.98,4.98
-11.339,0.01,-0.03,4.98,4.98
-11.329,0.01,-0.03,4.98,4.98
-11.319,0.01,-0.03,4.98,4.98
-11.309,0.01,-0.03,4.98,4.98
-11.299,0.01,-0.03,4.98,4.98
-11.289,0.01,-0.03,4.98,4.98
-11.279,0.01,-0.03,4.98,4.98
-11.269,0.01,-0.03,4.98,4.98
-11.259,0.01,-0.03,4.98,4.98
-11.249,0.01,-0.03,4.98,4.98
-11.239,0.01,-0.03,4.98,4.98
-11.229,0.01,-0.03,4.98,4.98
-11.219,0.01,-0.03,4.97,4.97
-11.209,0.01,-0.03,4.97,4.97
-11.199,0.01,-0.03,4.97,4.97
-11.189,0.01,-0.03,4.98,4.98
-11.179,0.01,-0.03,4.98,4.98
-11.169,0.01,-0.03,4.98,4.98
-11.159,0.01,-0.03,4.98,4.98
-11.149,0.01,-0.03,4.98,4.98
-11.139,0.01,-0.03,4.98,4.98
-11.129,0.01,-0.03,4.97,4.97
-11.119,0.01,-0.03,4.97,4.97
-11.109,0.01,-0.03,4.98,4.98
-11.099,0.01,-0.03,4.98,4.98
-11.089,0.01,-0.03,4.98,4.98
-11.079,0.01,-0.03,4.98,4.98
-11.069,0.01,-0.03,4.97,4.97
-11.059,0.01,-0.03,4.97,4.97
-11.049,0.01,-0.03,4.96,4.96
-11.039,0.01,-0.03,4.97,4.97
-11.029,0.01,-0.03,4.97,4.97
-11.019,0.01,-0.03,4.98,4.98
-11.009,0.01,-0.03,4.98,4.98
-10.999,0.01,-0.03,4.99,4.99
-10.989,0.01,-0.03,4.98,4.98
-10.979,0.01,-0.03,4.98,4.98
-10.969,0.01,-0.03,4.97,4.97
-10.959,0.01,-0.03,4.97,4.97
-10.949,0.01,-0.03,4.97,4.97
-10.939,0.01,-0.03,4.98,4.98
-10.929,0.01,-0.03,4.98,4.98
-10.919,0.01,-0.03,4.98,4.98
-10.909,0.01,-0.03,4.98,4.98
-10.899,0.01,-0.03,4.98,4.98
-10.889,0.01,-0.03,4.97,4.97
-10.879,0.01,-0.03,4.97,4.97
-10.869,0.01,-0.03,4.97,4.97
-10.859,0.01,-0.03,4.97,4.97
-10.849,0.01,-0.03,4.98,4.98
-10.839,0.01,-0.03,4.98,4.98
-10.829,0.01,-0.03,4.98,4.98
-10.819,0.01,-0.03,4.98,4.98
-10.809,0.01,-0.03,4.98,4.98
-10.799,0.01,-0.03,4.98,4.98
-10.789,0.01,-0.03,4.98,4.98
-10.779,0.01,-0.03,4.97,4.97
-10.769,0.01,-0.03,4.97,4.97
-10.759,0.01,-0.03,4.98,4.98
-10.749,0.01,-0.03,4.98,4.98
-10.739,0.01,-0.03,4.98,4.98
-10.729,0.01,-0.03,4.98,4.98
-10.719,0.01,-0.03,4.98,4.98
-10.709,0.01,-0.03,4.97,4.97
-10.699,0.01,-0.03,4.97,4.97
-10.689,0.01,-0.03,4.97,4.97
-10.679,0.01,-0.03,4.98,4.98
-10.669,0.01,-0.03,4.98,4.98
-10.659,0.01,-0.03,4.98,4.98
-10.649,0.01,-0.03,4.98,4.98
-10.639,0.01,-0.03,4.98,4.98
-10.629,0.01,-0.03,4.98,4.98
-10.619,0.01,-0.03,4.98,4.98
-10.609,0.01,-0.03,4.98,4.98
-10.599,0.01,-0.03,4.98,4.98
-10.589,0.01,-0.03,4.98,4.98
-10.579,0.01,-0.03,4.98,4.98
-10.569,0.01,-0.03,4.98,4.98
-10.559,0.01,-0.03,4.98,4.98
-10.549,0.01,-0.03,4.97,4.97
-10.539,0.01,-0.03,4.97,4.97
-10.529,0.01,-0.03,4.97,4.97
-10.519,0.01,-0.03,4.98,4.98
-10.509,0.01,-0.03,4.98,4.98
-10.499,0.01,-0.03,4.98,4.98
-10.489,0.01,-0.03,4.98,4.98
-10.479,0.01,-0.03,4.98,4.98
-10.469,0.01,-0.03,4.98,4.98
-10.459,0.01,-0.03,4.98,4.98
-10.449,0.01,-0.03,4.98,4.98
-10.439,0.01,-0.03,4.98,4.98
-10.429,0.01,-0.03,4.98,4.98
-10.419,0.01,-0.03,4.98,4.98
-10.409,0.01,-0.03,4.97,4.97
-10.399,0.01,-0.03,4.97,4.97
-10.389,0.01,-0.03,4.97,4.97
-10.379,0.01,-0.03,4.98,4.98
-10.369,0.01,-0.03,4.98,4.98
-10.359,0.01,-0.03,4.98,4.98
-10.349,0.01,-0.03,4.98,4.98
-10.339,0.01,-0.03,4.97,4.97
-10.329,0.01,-0.03,4.97,4.97
-10.319,0.01,-0.03,4.97,4.97
-10.309,0.01,-0.03,4.97,4.97
-10.299,0.01,-0.03,4.98,4.98
-10.289,0.01,-0.03,4.99,4.99
-10.279,0.01,-0.03,4.99,4.99
-10.269,0.01,-0.03,4.98,4.98
-10.259,0.01,-0.03,4.98,4.98
-10.249,0.01,-0.03,4.96,4.96
-10.239,0.01,-0.03,4.96,4.96
-10.229,0.01,-0.03,4.96,4.96
-10.219,0.01,-0.03,4.97,4.97
-10.209,0.01,-0.03,4.97,4.97
-10.199,0.01,-0.03,4.98,4.98
-10.189,0.01,-0.03,4.98,4.98
-10.179,0.01,-0.03,4.98,4.98
-10.169,0.01,-0.03,4.98,4.98
-10.159,0.01,-0.03,4.97,4.97
-10.149,0.01,-0.03,4.97,4.97
-10.139,0.01,-0.03,4.96,4.96
-10.129,0.01,-0.03,4.97,4.97
-10.119,0.01,-0.03,4.97,4.97
-10.109,0.01,-0.03,4.98,4.98
-10.099,0.01,-0.03,4.98,4.98
-10.089,0.01,-0.03,4.99,4.99
-10.079,0.01,-0.03,4.98,4.98
-10.069,0.01,-0.03,4.97,4.97
-10.059,0.01,-0.03,4.97,4.97
-10.049,0.01,-0.03,4.96,4.96
-10.039,0.01,-0.03,4.96,4.96
-10.029,0.01,-0.03,4.96,4.96
-10.019,0.01,-0.03,4.97,4.97
-10.009,0.01,-0.03,4.98,4.98
-9.999,0.01,-0.03,4.99,4.99
-9.989,0.01,-0.03,4.99,4.99
-9.979,0.01,-0.03,4.98,4.98
-9.969,0.01,-0.03,4.98,4.98
-9.959,0.01,-0.03,4.97,4.97
-9.949,0.01,-0.03,4.96,4.96
-9.939,0.01,-0.03,4.97,4.97
-9.929,0.01,-0.03,4.97,4.97
-9.919,0.01,-0.03,4.98,4.98
-9.909,0.01,-0.03,4.98,4.98
-9.899,0.01,-0.03,4.98,4.98
-9.889,0.01,-0.03,4.98,4.98
-9.879,0.01,-0.03,4.97,4.97
-9.869,0.01,-0.03,4.96,4.96
-9.859,0.01,-0.03,4.96,4.96
-9.849,0.01,-0.03,4.96,4.96
-9.839,0.01,-0.03,4.97,4.97
-9.829,0.01,-0.03,4.98,4.98
-9.819,0.01,-0.03,4.98,4.98
-9.809,0.01,-0.03,4.98,4.98
-9.799,0.01,-0.03,4.98,4.98
-9.789,0.01,-0.03,4.98,4.98
-9.779,0.01,-0.03,4.97,4.97
-9.769,0.01,-0.03,4.96,4.96
-9.759,0.01,-0.03,4.96,4.96
-9.749,0.01,-0.03,4.97,4.97
-9.739,0.01,-0.03,4.97,4.97
-9.729,0.01,-0.03,4.97,4.97
-9.719,0.01,-0.03,4.98,4.98
-9.709,0.01,-0.03,4.98,4.98
-9.699,0.01,-0.03,4.97,4.97
-9.689,0.01,-0.03,4.97,4.97
-9.679,0.01,-0.03,4.97,4.97
-9.669,0.01,-0.03,4.97,4.97
-9.659,0.01,-0.03,4.97,4.97
-9.649,0.01,-0.03,4.98,4.98
-9.639,0.01,-0.03,4.98,4.98
-9.629,0.01,-0.03,4.98,4.98
-9.619,0.01,-0.03,4.98,4.98
-9.609,0.01,-0.03,4.98,4.98
-9.599,0.01,-0.03,4.97,4.97
-9.589,0.01,-0.03,4.97,4.97
-9.579,0.01,-0.03,4.97,4.97
-9.569,0.01,-0.03,4.97,4.97
-9.559,0.01,-0.03,4.98,4.98
-9.549,0.01,-0.03,4.98,4.98
-9.539,0.01,-0.03,4.98,4.98
-9.529,0.01,-0.03,4.97,4.97
-9.519,0.01,-0.03,4.97,4.97
-9.509,0.01,-0.03,4.97,4.97
-9.499,0.01,-0.03,4.97,4.97
-9.489,0.01,-0.03,4.97,4.97
-9.479,0.01,-0.03,4.98,4.98
-9.469,0.01,-0.03,4.98,4.98
-9.459,0.01,-0.03,4.97,4.97
-9.449,0.01,-0.03,4.97,4.97
-9.439,0.01,-0.03,4.97,4.97
-9.429,0.01,-0.03,4.97,4.97
-9.419,0.01,-0.03,4.97,4.97
-9.409,0.01,-0.03,4.97,4.97
-9.399,0.01,-0.03,4.97,4.97
-9.389,0.01,-0.03,4.97,4.97
-9.379,0.01,-0.03,4.97,4.97
-9.369,0.01,-0.03,4.98,4.98
-9.359,0.01,-0.03,4.98,4.98
-9.349,0.01,-0.03,4.97,4.97
-9.339,0.01,-0.03,4.97,4.97
-9.329,0.01,-0.03,4.97,4.97
-9.319,0.01,-0.03,4.97,4.97
-9.309,0.01,-0.03,4.97,4.97
-9.299,0.01,-0.03,4.97,4.97
-9.289,0.01,-0.03,4.97,4.97
-9.279,0.01,-0.03,4.97,4.97
-9.269,0.01,-0.03,4.98,4.98
-9.259,0.01,-0.03,4.97,4.98
-9.249,0.01,-0.03,4.98,4.98
-9.239,0.01,-0.03,4.98,4.98
-9.229,0.01,-0.03,4.97,4.97
-9.219,0.01,-0.03,4.97,4.97
-9.209,0.01,-0.03,4.97,4.97
-9.199,0.01,-0.03,4.97,4.97
-9.189,0.01,-0.03,4.97,4.97
-9.179,0.01,-0.03,4.97,4.97
-9.169,0.01,-0.03,4.97,4.97
-9.159,0.01,-0.03,4.97,4.97
-9.149,0.01,-0.03,4.97,4.97
-9.139,0.01,-0.03,4.97,4.97
-9.129,0.01,-0.03,4.97,4.97
-9.119,0.01,-0.03,4.97,4.97
-9.109,0.01,-0.03,4.97,4.97
-9.099,0.01,-0.03,4.97,4.97
-9.089,0.01,-0.03,4.97,4.97
-9.079,0.01,-0.03,4.97,4.97
-9.069,0.01,-0.03,4.97,4.97
-9.059,0.01,-0.03,4.97,4.97
-9.049,0.01,-0.03,4.97,4.97
-9.039,0.01,-0.03,4.97,4.97
-9.029,0.01,-0.03,4.97,4.97
-9.019,0.01,-0.03,4.98,4.98
-9.009,0.01,-0.03,4.98,4.98
-8.999,0.01,-0.03,4.98,4.98
-8.989,0.01,-0.03,4.97,4.97
-8.979,0.01,-0.03,4.97,4.97
-8.969,0.01,-0.03,4.97,4.97
-8.959,0.01,-0.03,4.97,4.97
-8.949,0.01,-0.03,4.97,4.97
-8.939,0.01,-0.03,4.98,4.98
-8.929,0.01,-0.03,4.98,4.98
-8.919,0.01,-0.03,4.98,4.98
-8.909,0.01,-0.03,4.97,4.97
-8.899,0.01,-0.03,4.97,4.97
-8.889,0.01,-0.03,4.97,4.97
-8.879,0.01,-0.03,4.97,4.97
-8.869,0.01,-0.03,4.97,4.97
-8.859,0.01,-0.03,4.98,4.98
-8.849,0.01,-0.03,4.98,4.98
-8.839,0.01,-0.03,4.98,4.98
-8.829,0.01,-0.03,4.98,4.98
-8.819,0.01,-0.03,4.98,4.98
-8.809,0.01,-0.03,4.97,4.97
-8.799,0.01,-0.03,4.97,4.97
-8.789,0.01,-0.03,4.97,4.97
-8.779,0.01,-0.03,4.97,4.97
-8.769,0.01,-0.03,4.98,4.98
-8.759,0.01,-0.03,4.98,4.98
-8.749,0.01,-0.03,4.99,4.99
-8.739,0.01,-0.03,4.98,4.98
-8.729,0.01,-0.03,4.98,4.98
-8.719,0.01,-0.03,4.97,4.97
-8.709,0.01,-0.03,4.96,4.96
-8.699,0.01,-0.03,4.96,4.96
-8.689,0.01,-0.03,4.97,4.97
-8.679,0.01,-0.03,4.97,4.98
-8.669,0.01,-0.03,4.98,4.98
-8.659,0.01,-0.03,4.98,4.98
-8.649,0.01,-0.03,4.98,4.98
-8.639,0.01,-0.03,4.98,4.98
-8.629,0.01,-0.03,4.97,4.97
-8.619,0.01,-0.03,4.97,4.97
-8.609,0.01,-0.03,4.97,4.97
-8.599,0.01,-0.03,4.97,4.97
-8.589,0.01,-0.03,4.97,4.97
-8.579,0.01,-0.03,4.98,4.98
-8.569,0.01,-0.03,4.99,4.99
-8.559,0.01,-0.03,4.99,4.99
-8.549,0.01,-0.03,4.98,4.98
-8.539,0.01,-0.03,4.98,4.98
-8.529,0.01,-0.03,4.97,4.97
-8.519,0.01,-0.03,4.97,4.97
-8.509,0.01,-0.03,4.97,4.97
-8.499,0.01,-0.03,4.97,4.97
-8.489,0.01,-0.03,4.98,4.98
-8.479,0.01,-0.03,4.98,4.98
-8.469,0.01,-0.03,4.98,4.98
-8.459,0.01,-0.03,4.98,4.98
-8.449,0.01,-0.03,4.97,4.97
-8.439,0.01,-0.03,4.97,4.97
-8.429,0.01,-0.03,4.97,4.97
-8.419,0.01,-0.03,4.97,4.97
-8.409,0.01,-0.03,4.98,4.98
-8.399,0.01,-0.03,4.98,4.98
-8.389,0.01,-0.03,4.99,4.99
-8.379,0.01,-0.03,4.99,4.99
-8.369,0.01,-0.03,4.98,4.98
-8.359,0.01,-0.03,4.97,4.97
-8.349,0.01,-0.03,4.97,4.97
-8.339,0.01,-0.03,4.97,4.97
-8.329,0.01,-0.03,4.97,4.97
-8.319,0.01,-0.03,4.97,4.97
-8.309,0.01,-0.03,4.98,4.98
-8.299,0.01,-0.03,4.98,4.98
-8.289,0.01,-0.03,4.98,4.98
-8.279,0.01,-0.03,4.97,4.97
-8.269,0.01,-0.03,4.97,4.97
-8.259,0.01,-0.03,4.97,4.97
-8.249,0.01,-0.03,4.97,4.97
-8.239,0.01,-0.03,4.97,4.97
-8.229,0.01,-0.03,4.98,4.98
-8.219,0.01,-0.03,4.98,4.98
-8.209,0.01,-0.03,4.98,4.98
-8.199,0.01,-0.03,4.98,4.98
-8.189,0.01,-0.03,4.98,4.98
-8.179,0.01,-0.03,4.98,4.98
-8.169,0.01,-0.03,4.97,4.97
-8.159,0.01,-0.03,4.97,4.97
-8.149,0.01,-0.03,4.97,4.97
-8.139,0.01,-0.03,4.97,4.97
-8.129,0.01,-0.03,4.97,4.97
-8.119,0.01,-0.03,4.98,4.98
-8.109,0.01,-0.03,4.98,4.98
-8.099,0.01,-0.03,4.98,4.98
-8.089,0.01,-0.03,4.98,4.98
-8.079,0.01,-0.03,4.97,4.97
-8.069,0.01,-0.03,4.97,4.97
-8.059,0.01,-0.03,4.97,4.97
-8.049,0.01,-0.03,4.97,4.97
-8.039,0.01,-0.03,4.98,4.98
-8.029,0.01,-0.03,4.98,4.98
-8.019,0.01,-0.03,4.98,4.98
-8.009,0.01,-0.03,4.97,4.97
-7.999,0.01,-0.03,4.97,4.97
-7.989,0.01,-0.03,4.97,4.97
-7.979,0.01,-0.03,4.97,4.97
-7.969,0.01,-0.03,4.97,4.97
-7.959,0.01,-0.03,4.97,4.97
-7.949,0.01,-0.03,4.98,4.98
-7.939,0.01,-0.03,4.98,4.98
-7.929,0.01,-0.03,4.98,4.98
-7.919,0.01,-0.03,4.98,4.98
-7.909,0.01,-0.03,4.98,4.98
-7.899,0.01,-0.03,4.97,4.97
-7.889,0.01,-0.03,4.97,4.97
-7.879,0.01,-0.03,4.97,4.97
-7.869,0.01,-0.03,4.98,4.98
-7.859,0.01,-0.03,4.98,4.98
-7.849,0.01,-0.03,4.98,4.98
-7.839,0.01,-0.03,4.98,4.98
-7.829,0.01,-0.03,4.97,4.97
-7.819,0.01,-0.03,4.97,4.97
-7.809,0.01,-0.03,4.97,4.97
-7.799,0.01,-0.03,4.97,4.97
-7.789,0.01,-0.03,4.97,4.97
-7.779,0.01,-0.03,4.98,4.98
-7.769,0.01,-0.03,4.98,4.98
-7.759,0.01,-0.03,4.98,4.98
-7.749,0.01,-0.03,4.98,4.98
-7.739,0.01,-0.03,4.98,4.98
-7.729,0.01,-0.03,4.98,4.98
-7.719,0.01,-0.03,4.98,4.98
-7.709,0.01,-0.03,4.98,4.98
-7.699,0.01,-0.03,4.98,4.98
-7.689,0.01,-0.03,4.98,4.98
-7.679,0.01,-0.03,4.98,4.98
-7.669,0.01,-0.03,4.98,4.98
-7.659,0.01,-0.03,4.98,4.98
-7.649,0.01,-0.03,4.97,4.97
-7.639,0.01,-0.03,4.97,4.97
-7.629,0.01,-0.03,4.97,4.97
-7.619,0.01,-0.03,4.98,4.98
-7.609,0.01,-0.03,4.98,4.98
-7.599,0.01,-0.03,4.99,4.99
-7.589,0.01,-0.03,4.99,4.99
-7.579,0.01,-0.03,4.98,4.98
-7.569,0.01,-0.03,4.98,4.98
-7.559,0.01,-0.03,4.98,4.98
-7.549,0.01,-0.03,4.97,4.97
-7.539,0.01,-0.03,4.97,4.97
-7.529,0.01,-0.03,4.97,4.97
-7.519,0.01,-0.03,4.98,4.98
-7.509,0.01,-0.03,4.98,4.98
-7.499,0.01,-0.03,4.98,4.98
-7.489,0.01,-0.03,4.98,4.98
-7.479,0.01,-0.03,4.98,4.98
-7.469,0.01,-0.03,4.98,4.98
-7.459,0.01,-0.03,4.97,4.97
-7.449,0.01,-0.03,4.97,4.97
-7.439,0.01,-0.03,4.97,4.97
-7.429,0.01,-0.03,4.97,4.97
-7.419,0.01,-0.03,4.98,4.98
-7.409,0.01,-0.03,4.98,4.98
-7.399,0.01,-0.03,4.98,4.98
-7.389,0.01,-0.03,4.98,4.98
-7.379,0.01,-0.03,4.97,4.97
-7.369,0.01,-0.03,4.97,4.97
-7.359,0.01,-0.03,4.97,4.97
-7.349,0.01,-0.03,4.97,4.97
-7.339,0.01,-0.03,4.98,4.98
-7.329,0.01,-0.03,4.98,4.98
-7.319,0.01,-0.03,4.99,4.99
-7.309,0.01,-0.03,4.99,4.99
-7.299,0.01,-0.03,4.99,4.99
-7.289,0.01,-0.03,4.98,4.98
-7.279,0.01,-0.03,4.97,4.97
-7.269,0.01,-0.03,4.97,4.97
-7.259,0.01,-0.03,4.96,4.96
-7.249,0.01,-0.03,4.97,4.97
-7.239,0.01,-0.03,4.97,4.97
-7.229,0.01,-0.03,4.98,4.98
-7.219,0.01,-0.03,4.98,4.98
-7.209,0.01,-0.03,4.98,4.98
-7.199,0.01,-0.03,4.98,4.98
-7.189,0.01,-0.03,4.98,4.98
-7.179,0.01,-0.03,4.97,4.97
-7.169,0.01,-0.03,4.97,4.97
-7.159,0.01,-0.03,4.97,4.97
-7.149,0.01,-0.03,4.98,4.98
-7.139,0.01,-0.03,4.98,4.98
-7.129,0.01,-0.03,4.98,4.98
-7.119,0.01,-0.03,4.98,4.98
-7.109,0.01,-0.03,4.98,4.98
-7.099,0.01,-0.03,4.97,4.97
-7.089,0.01,-0.03,4.97,4.97
-7.079,0.01,-0.03,4.97,4.97
-7.069,0.01,-0.03,4.97,4.97
-7.059,0.01,-0.03,4.97,4.97
-7.049,0.01,-0.03,4.98,4.98
-7.039,0.01,-0.03,4.98,4.98
-7.029,0.01,-0.03,4.98,4.98
-7.019,0.01,-0.03,4.98,4.98
-7.009,0.01,-0.03,4.98,4.98
-6.999,0.01,-0.03,4.97,4.97
-6.989,0.01,-0.03,4.97,4.97
-6.979,0.01,-0.03,4.97,4.97
-6.969,0.01,-0.03,4.98,4.98
-6.959,0.01,-0.03,4.98,4.98
-6.949,0.01,-0.03,4.98,4.98
-6.939,0.01,-0.03,4.98,4.98
-6.929,0.01,-0.03,4.97,4.97
-6.919,0.01,-0.03,4.97,4.97
-6.909,0.01,-0.03,4.96,4.96
-6.899,0.01,-0.03,4.97,4.97
-6.889,0.01,-0.03,4.97,4.97
-6.879,0.01,-0.03,4.98,4.98
-6.869,0.01,-0.03,4.99,4.99
-6.859,0.01,-0.03,4.99,4.99
-6.849,0.01,-0.03,4.99,4.99
-6.839,0.01,-0.03,4.98,4.98
-6.829,0.01,-0.03,4.98,4.98
-6.819,0.01,-0.03,4.97,4.97
-6.809,0.01,-0.03,4.97,4.97
-6.799,0.01,-0.03,4.97,4.97
-6.789,0.01,-0.03,4.98,4.98
-6.779,0.01,-0.03,4.98,4.98
-6.769,0.01,-0.03,4.98,4.98
-6.759,0.01,-0.03,4.98,4.98
-6.749,0.01,-0.03,4.97,4.98
-6.739,0.01,-0.03,4.97,4.97
-6.729,0.01,-0.03,4.97,4.97
-6.719,0.01,-0.03,4.97,4.97
-6.709,0.01,-0.03,4.97,4.97
-6.699,0.01,-0.03,4.98,4.98
-6.689,0.01,-0.03,4.99,4.99
-6.679,0.01,-0.03,5.00,5.00
-6.669,0.01,-0.03,5.00,5.00
-6.659,0.01,-0.03,4.99,4.99
-6.649,0.01,-0.03,4.98,4.98
-6.639,0.01,-0.03,4.97,4.97
-6.629,0.01,-0.03,4.97,4.97
-6.619,0.01,-0.03,4.97,4.97
-6.609,0.01,-0.03,4.97,4.97
-6.599,0.01,-0.03,4.98,4.98
-6.589,0.01,-0.03,4.98,4.98
-6.579,0.01,-0.03,4.98,4.98
-6.569,0.01,-0.03,4.98,4.98
-6.559,0.01,-0.03,4.98,4.98
-6.549,0.01,-0.03,4.98,4.98
-6.539,0.01,-0.03,4.97,4.97
-6.529,0.01,-0.03,4.97,4.97
-6.519,0.01,-0.03,4.98,4.98
-6.509,0.01,-0.03,4.98,4.98
-6.499,0.01,-0.03,4.98,4.98
-6.489,0.01,-0.03,4.98,4.98
-6.479,0.01,-0.03,4.98,4.98
-6.469,0.01,-0.03,4.98,4.98
-6.459,0.01,-0.03,4.97,4.97
-6.449,0.01,-0.03,4.97,4.97
-6.439,0.01,-0.03,4.96,4.96
-6.429,0.01,-0.03,4.96,4.96
-6.419,0.01,-0.03,4.96,4.96
-6.409,0.01,-0.03,4.97,4.97
-6.399,0.01,-0.03,4.97,4.97
-6.389,0.01,-0.03,4.98,4.98
-6.379,0.01,-0.03,4.98,4.98
-6.369,0.01,-0.03,4.98,4.98
-6.359,0.01,-0.03,4.98,4.98
-6.349,0.01,-0.03,4.98,4.98
-6.339,0.01,-0.03,4.97,4.97
-6.329,0.01,-0.03,4.97,4.97
-6.319,0.01,-0.03,4.97,4.97
-6.309,0.01,-0.03,4.98,4.98
-6.299,0.01,-0.03,4.98,4.98
-6.289,0.01,-0.03,4.98,4.98
-6.279,0.01,-0.03,4.98,4.98
-6.269,0.01,-0.03,4.97,4.97
-6.259,0.01,-0.03,4.96,4.96
-6.249,0.01,-0.03,4.96,4.96
-6.239,0.01,-0.03,4.97,4.97
-6.229,0.01,-0.03,4.97,4.97
-6.219,0.01,-0.03,4.98,4.98
-6.209,0.01,-0.03,4.98,4.98
-6.199,0.01,-0.03,4.98,4.98
-6.189,0.01,-0.03,4.98,4.98
-6.179,0.01,-0.03,4.98,4.98
-6.169,0.01,-0.03,4.97,4.97
-6.159,0.01,-0.03,4.97,4.97
-6.149,0.01,-0.03,4.97,4.97
-6.139,0.01,-0.03,4.98,4.98
-6.129,0.01,-0.03,4.98,4.98
-6.119,0.01,-0.03,4.98,4.98
-6.109,0.01,-0.03,4.97,4.97
-6.099,0.01,-0.03,4.97,4.97
-6.089,0.01,-0.03,4.96,4.96
-6.079,0.01,-0.03,4.96,4.96
-6.069,0.01,-0.03,4.97,4.97
-6.059,0.01,-0.03,4.97,4.97
-6.049,0.01,-0.03,4.98,4.98
-6.039,0.01,-0.03,4.98,4.98
-6.029,0.01,-0.03,4.98,4.98
-6.019,0.01,-0.03,4.98,4.98
-6.009,0.01,-0.03,4.98,4.98
-5.999,0.01,-0.03,4.98,4.98
-5.989,0.01,-0.03,4.98,4.98
-5.979,0.01,-0.03,4.98,4.98
-5.969,0.01,-0.03,4.98,4.98
-5.959,0.01,-0.03,4.98,4.98
-5.949,0.01,-0.03,4.98,4.98
-5.939,0.01,-0.03,4.98,4.98
-5.929,0.01,-0.03,4.97,4.97
-5.919,0.01,-0.03,4.97,4.97
-5.909,0.01,-0.03,4.98,4.98
-5.899,0.01,-0.03,4.98,4.98
-5.889,0.01,-0.03,4.98,4.98
-5.879,0.01,-0.03,4.98,4.98
-5.869,0.01,-0.03,4.98,4.98
-5.859,0.01,-0.03,4.98,4.98
-5.849,0.01,-0.03,4.98,4.98
-5.838,0.01,-0.03,4.98,4.98
-5.829,0.01,-0.03,4.98,4.98
-5.819,0.01,-0.03,4.98,4.98
-5.809,0.01,-0.03,4.98,4.98
-5.799,0.01,-0.03,4.98,4.98
-5.789,0.01,-0.03,4.98,4.98
-5.779,0.01,-0.03,4.98,4.98
-5.769,0.01,-0.03,4.97,4.97
-5.759,0.01,-0.03,4.97,4.97
-5.749,0.01,-0.03,4.97,4.97
-5.739,0.01,-0.03,4.98,4.98
-5.729,0.01,-0.03,4.98,4.98
-5.719,0.01,-0.03,4.98,4.98
-5.709,0.01,-0.03,4.98,4.98
-5.699,0.01,-0.03,4.98,4.98
-5.689,0.01,-0.03,4.98,4.98
-5.679,0.01,-0.03,4.98,4.98
-5.669,0.01,-0.03,4.98,4.98
-5.659,0.01,-0.03,4.98,4.98
-5.649,0.01,-0.03,4.98,4.98
-5.639,0.01,-0.03,4.98,4.98
-5.629,0.01,-0.03,4.98,4.98
-5.619,0.01,-0.03,4.98,4.98
-5.609,0.01,-0.03,4.97,4.97
-5.599,0.01,-0.03,4.97,4.97
-5.589,0.01,-0.03,4.97,4.97
-5.579,0.01,-0.03,4.97,4.97
-5.569,0.01,-0.03,4.97,4.97
-5.559,0.01,-0.03,4.97,4.97
-5.549,0.01,-0.03,4.97,4.97
-5.539,0.01,-0.03,4.97,4.97
-5.529,0.01,-0.03,4.97,4.97
-5.519,0.01,-0.03,4.97,4.97
-5.509,0.01,-0.03,4.97,4.97
-5.499,0.01,-0.03,4.98,4.98
-5.489,0.01,-0.03,4.98,4.98
-5.479,0.01,-0.03,4.98,4.98
-5.469,0.01,-0.03,4.98,4.98
-5.459,0.01,-0.03,4.98,4.98
-5.449,0.01,-0.03,4.98,4.98
-5.439,0.01,-0.03,4.97,4.97
-5.429,0.01,-0.03,4.97,4.97
-5.419,0.01,-0.03,4.97,4.97
-5.409,0.01,-0.03,4.97,4.97
-5.399,0.01,-0.03,4.97,4.97
-5.389,0.01,-0.03,4.97,4.97
-5.379,0.01,-0.03,4.97,4.97
-5.369,0.01,-0.03,4.98,4.98
-5.359,0.01,-0.03,4.98,4.98
-5.349,0.01,-0.03,4.98,4.98
-5.339,0.01,-0.03,4.97,4.98
-5.329,0.01,-0.03,4.97,4.97
-5.319,0.01,-0.03,4.97,4.97
-5.309,0.01,-0.03,4.97,4.97
-5.299,0.01,-0.03,4.97,4.97
-5.289,0.01,-0.03,4.98,4.98
-5.279,0.01,-0.03,4.98,4.98
-5.269,0.01,-0.03,4.98,4.98
-5.259,0.01,-0.03,4.97,4.97
-5.249,0.01,-0.03,4.97,4.97
-5.239,0.01,-0.03,4.96,4.96
-5.229,0.01,-0.03,4.96,4.96
-5.219,0.01,-0.03,4.97,4.97
-5.209,0.01,-0.03,4.97,4.97
-5.199,0.01,-0.03,4.97,4.97
-5.189,0.01,-0.03,4.98,4.98
-5.179,0.01,-0.03,4.98,4.98
-5.169,0.01,-0.03,4.98,4.98
-5.159,0.01,-0.03,4.98,4.98
-5.149,0.01,-0.03,4.98,4.98
-5.139,0.01,-0.03,4.97,4.97
-5.129,0.01,-0.03,4.97,4.97
-5.119,0.01,-0.03,4.97,4.97
-5.109,0.01,-0.03,4.97,4.97
-5.099,0.01,-0.03,4.97,4.97
-5.089,0.01,-0.03,4.97,4.97
-5.079,0.01,-0.03,4.97,4.97
-5.069,0.01,-0.03,4.97,4.97
-5.059,0.01,-0.03,4.97,4.97
-5.049,0.01,-0.03,4.97,4.97
-5.039,0.01,-0.03,4.97,4.97
-5.029,0.01,-0.03,4.97,4.97
-5.019,0.01,-0.03,4.97,4.97
-5.009,0.01,-0.03,4.98,4.98
-4.999,0.01,-0.03,4.98,4.98
-4.989,0.01,-0.03,4.98,4.98
-4.979,0.01,-0.03,4.98,4.98
-4.969,0.01,-0.03,4.98,4.98
-4.959,0.01,-0.03,4.98,4.98
-4.949,0.01,-0.03,4.97,4.97
-4.939,0.01,-0.03,4.97,4.97
-4.929,0.01,-0.03,4.97,4.97
-4.919,0.01,-0.03,4.98,4.98
-4.909,0.01,-0.03,4.98,4.98
-4.899,0.01,-0.03,4.98,4.98
-4.889,0.01,-0.03,4.97,4.97
-4.879,0.01,-0.03,4.97,4.97
-4.869,0.01,-0.03,4.97,4.97
-4.859,0.01,-0.03,4.97,4.97
-4.849,0.01,-0.03,4.97,4.97
-4.839,0.01,-0.03,4.97,4.97
-4.829,0.01,-0.03,4.98,4.98
-4.819,0.01,-0.03,4.98,4.98
-4.809,0.01,-0.03,4.98,4.98
-4.799,0.01,-0.03,4.98,4.98
-4.789,0.01,-0.03,4.98,4.98
-4.779,0.01,-0.03,4.97,4.97
-4.769,0.01,-0.03,4.97,4.97
-4.759,0.01,-0.03,4.97,4.97
-4.749,0.01,-0.03,4.97,4.97
-4.739,0.01,-0.03,4.97,4.97
-4.729,0.01,-0.03,4.97,4.97
-4.719,0.01,-0.03,4.97,4.97
-4.709,0.01,-0.03,4.97,4.97
-4.699,0.01,-0.03,4.97,4.97
-4.689,0.01,-0.03,4.97,4.97
-4.679,0.01,-0.03,4.97,4.97
-4.669,0.01,-0.03,4.97,4.97
-4.659,0.01,-0.03,4.98,4.98
-4.649,0.01,-0.03,4.98,4.98
-4.639,0.01,-0.03,4.98,4.98
-4.629,0.01,-0.03,4.98,4.98
-4.619,0.01,-0.03,4.98,4.98
-4.609,0.01,-0.03,4.98,4.98
-4.599,0.01,-0.03,4.98,4.98
-4.589,0.01,-0.03,4.98,4.98
-4.579,0.01,-0.03,4.98,4.98
-4.569,0.01,-0.03,4.98,4.98
-4.559,0.01,-0.03,4.98,4.98
-4.549,0.01,-0.03,4.97,4.97
-4.539,0.01,-0.03,4.97,4.98
-4.529,0.01,-0.03,4.98,4.98
-4.519,0.01,-0.03,4.98,4.98
-4.509,0.01,-0.03,4.98,4.98
-4.499,0.01,-0.03,4.98,4.98
-4.489,0.01,-0.03,4.98,4.98
-4.479,0.01,-0.03,4.98,4.98
-4.469,0.01,-0.03,4.98,4.98
-4.459,0.01,-0.03,4.98,4.98
-4.449,0.01,-0.03,4.97,4.97
-4.439,0.01,-0.03,4.97,4.97
-4.429,0.01,-0.03,4.97,4.97
-4.419,0.01,-0.03,4.97,4.97
-4.409,0.01,-0.03,4.97,4.97
-4.399,0.01,-0.03,4.97,4.97
-4.389,0.01,-0.03,4.97,4.97
-4.379,0.01,-0.03,4.97,4.97
-4.369,0.01,-0.03,4.97,4.97
-4.359,0.01,-0.03,4.97,4.97
-4.349,0.01,-0.03,4.98,4.98
-4.339,0.01,-0.03,4.98,4.98
-4.329,0.01,-0.03,4.98,4.98
-4.316,0.01,-0.03,4.98,4.98
-4.309,0.01,-0.03,4.98,4.98
-4.299,0.01,-0.03,4.98,4.98
-4.289,0.01,-0.03,4.98,4.98
-4.279,0.01,-0.03,4.97,4.97
-4.269,0.01,-0.03,4.97,4.97
-4.257,0.01,-0.03,4.97,4.97
-4.249,0.01,-0.03,4.97,4.97
-4.239,0.01,-0.03,4.97,4.97
-4.229,0.01,-0.03,4.98,4.98
-4.219,0.01,-0.03,4.97,4.97
-4.209,0.01,-0.03,4.98,4.98
-4.199,0.01,-0.03,4.97,4.97
-4.189,0.01,-0.03,4.97,4.97
-4.179,0.01,-0.03,4.97,4.97
-4.169,0.01,-0.03,4.97,4.97
-4.159,0.01,-0.03,4.98,4.98
-4.149,0.01,-0.03,4.98,4.98
-4.139,0.01,-0.03,4.98,4.98
-4.129,0.01,-0.03,4.98,4.98
-4.119,0.01,-0.03,4.97,4.97
-4.109,0.01,-0.03,4.97,4.97
-4.099,0.01,-0.03,4.97,4.97
-4.089,0.01,-0.03,4.97,4.97
-4.079,0.01,-0.03,4.97,4.97
-4.069,0.01,-0.03,4.97,4.97
-4.059,0.01,-0.03,4.97,4.97
-4.049,0.01,-0.03,4.97,4.97
-4.039,0.01,-0.03,4.97,4.97
-4.029,0.01,-0.03,4.97,4.97
-4.019,0.01,-0.03,4.97,4.97
-4.009,0.01,-0.03,4.97,4.97
-3.999,0.01,-0.03,4.97,4.97
-3.989,0.01,-0.03,4.98,4.98
-3.979,0.01,-0.03,4.98,4.98
-3.969,0.01,-0.03,4.98,4.98
-3.959,0.01,-0.03,4.98,4.98
-3.949,0.01,-0.03,4.98,4.98
-3.939,0.01,-0.03,4.97,4.97
-3.929,0.01,-0.03,4.97,4.97
-3.919,0.01,-0.03,4.97,4.97
-3.909,0.01,-0.03,4.97,4.97
-3.899,0.01,-0.03,4.97,4.97
-3.889,0.01,-0.03,4.97,4.97
-3.879,0.01,-0.03,4.97,4.98
-3.869,0.01,-0.03,4.98,4.98
-3.859,0.01,-0.03,4.98,4.98
-3.849,0.01,-0.03,4.98,4.98
-3.839,0.01,-0.03,4.98,4.98
-3.829,0.01,-0.03,4.97,4.97
-3.819,0.01,-0.03,4.97,4.97
-3.809,0.01,-0.03,4.97,4.97
-3.799,0.01,-0.03,4.97,4.97
-3.789,0.01,-0.03,4.98,4.98
-3.779,0.01,-0.03,4.98,4.98
-3.769,0.01,-0.03,4.97,4.97
-3.759,0.01,-0.03,4.97,4.97
-3.749,0.01,-0.03,4.97,4.97
-3.739,0.01,-0.03,4.97,4.97
-3.729,0.01,-0.03,4.97,4.97
-3.719,0.01,-0.03,4.97,4.97
-3.709,0.01,-0.03,4.97,4.97
-3.699,0.01,-0.03,4.98,4.98
-3.689,0.01,-0.03,4.98,4.98
-3.679,0.01,-0.03,4.98,4.98
-3.669,0.01,-0.03,4.98,4.98
-3.659,0.01,-0.03,4.97,4.97
-3.649,0.01,-0.03,4.97,4.97
-3.639,0.01,-0.03,4.97,4.97
-3.629,0.01,-0.03,4.97,4.97
-3.619,0.01,-0.03,4.97,4.97
-3.609,0.01,-0.03,4.98,4.98
-3.599,0.01,-0.03,4.98,4.98
-3.589,0.01,-0.03,4.98,4.98
-3.579,0.01,-0.03,4.97,4.97
-3.569,0.01,-0.03,4.97,4.97
-3.559,0.01,-0.03,4.97,4.97
-3.549,0.01,-0.03,4.98,4.98
-3.539,0.01,-0.03,4.98,4.98
-3.529,0.01,-0.03,4.98,4.98
-3.519,0.01,-0.03,4.98,4.98
-3.509,0.01,-0.03,4.98,4.98
-3.499,0.01,-0.03,4.98,4.98
-3.489,0.01,-0.03,4.97,4.97
-3.479,0.01,-0.03,4.97,4.97
-3.466,0.01,-0.03,4.97,4.97
-3.457,0.01,-0.03,4.97,4.97
-3.447,0.01,-0.03,4.97,4.97
-3.437,0.01,-0.03,4.97,4.97
-3.428,0.01,-0.03,4.97,4.97
-3.418,0.01,-0.03,4.97,4.97
-3.409,0.01,-0.03,4.97,4.97
-3.397,0.01,-0.03,4.97,4.97
-3.384,0.01,-0.03,4.97,4.97
-3.379,0.01,-0.03,4.97,4.97
-3.369,0.01,-0.03,4.98,4.98
-3.359,0.01,-0.03,4.98,4.98
-3.349,0.01,-0.03,4.98,4.98
-3.339,0.01,-0.03,4.98,4.98
-3.329,0.01,-0.03,4.98,4.98
-3.319,0.01,-0.03,4.97,4.97
-3.309,0.01,-0.03,4.97,4.97
-3.299,0.01,-0.03,4.96,4.96
-3.289,0.01,-0.03,4.96,4.96
-3.279,0.01,-0.03,4.97,4.97
-3.269,0.01,-0.03,4.97,4.97
-3.259,0.01,-0.03,4.98,4.98
-3.249,0.01,-0.03,4.98,4.98
-3.239,0.01,-0.03,4.98,4.98
-3.229,0.01,-0.03,4.98,4.98
-3.219,0.01,-0.03,4.98,4.98
-3.209,0.01,-0.03,4.98,4.98
-3.199,0.01,-0.03,4.98,4.98
-3.189,0.01,-0.03,4.98,4.98
-3.179,0.01,-0.03,4.98,4.98
-3.169,0.01,-0.03,4.98,4.98
-3.159,0.01,-0.03,4.98,4.98
-3.149,0.01,-0.03,4.98,4.98
-3.139,0.01,-0.03,4.97,4.97
-3.129,0.01,-0.03,4.97,4.97
-3.119,0.01,-0.03,4.97,4.97
-3.109,0.01,-0.03,4.97,4.97
-3.099,0.01,-0.03,4.97,4.97
-3.089,0.01,-0.03,4.97,4.97
-3.079,0.01,-0.03,4.98,4.98
-3.069,0.01,-0.03,4.98,4.98
-3.059,0.01,-0.03,4.98,4.98
-3.049,0.01,-0.03,4.98,4.98
-3.039,0.01,-0.03,4.98,4.98
-3.029,0.01,-0.03,4.97,4.97
-3.019,0.01,-0.03,4.97,4.97
-3.009,0.01,-0.03,4.97,4.97
-2.999,0.01,-0.03,4.98,4.98
-2.989,0.01,-0.03,4.98,4.98
-2.979,0.01,-0.03,4.98,4.98
-2.969,0.01,-0.03,4.97,4.97
-2.959,0.01,-0.03,4.97,4.97
-2.949,0.01,-0.03,4.97,4.97
-2.939,0.01,-0.03,4.97,4.97
-2.929,0.01,-0.03,4.97,4.97
-2.919,0.01,-0.03,4.97,4.97
-2.909,0.01,-0.03,4.97,4.97
-2.899,0.01,-0.03,4.98,4.98
-2.889,0.01,-0.03,4.98,4.98
-2.879,0.01,-0.03,4.98,4.98
-2.869,0.01,-0.03,4.98,4.98
-2.859,0.01,-0.03,4.98,4.98
-2.849,0.01,-0.03,4.97,4.97
-2.839,0.01,-0.03,4.97,4.97
-2.829,0.01,-0.03,4.97,4.97
-2.819,0.01,-0.03,4.97,4.97
-2.809,0.01,-0.03,4.98,4.98
-2.799,0.01,-0.03,4.98,4.98
-2.789,0.01,-0.03,4.97,4.97
-2.779,0.01,-0.03,4.97,4.97
-2.769,0.01,-0.03,4.97,4.97
-2.759,0.01,-0.03,4.97,4.97
-2.749,0.01,-0.03,4.97,4.97
-2.739,0.01,-0.03,4.98,4.98
-2.729,0.01,-0.03,4.98,4.98
-2.719,0.01,-0.03,4.98,4.99
-2.709,0.01,-0.03,4.98,4.98
-2.699,0.01,-0.03,4.98,4.98
-2.689,0.01,-0.03,4.98,4.98
-2.679,0.01,-0.03,4.97,4.97
-2.669,0.01,-0.03,4.97,4.97
-2.659,0.01,-0.03,4.97,4.97
-2.649,0.01,-0.03,4.98,4.98
-2.639,0.01,-0.03,4.98,4.98
-2.629,0.01,-0.03,4.98,4.98
-2.616,0.01,-0.03,4.97,4.97
-2.607,0.01,-0.03,4.97,4.97
-2.599,0.01,-0.03,4.97,4.97
-2.589,0.01,-0.03,4.97,4.97
-2.579,0.01,-0.03,4.97,4.97
-2.569,0.01,-0.03,4.97,4.97
-2.556,0.01,-0.03,4.98,4.98
-2.547,0.01,-0.03,4.98,4.98
-2.539,0.01,-0.03,4.98,4.98
-2.529,0.01,-0.03,4.98,4.98
-2.519,0.01,-0.03,4.98,4.98
-2.509,0.01,-0.03,4.98,4.98
-2.499,0.01,-0.03,4.97,4.97
-2.489,0.01,-0.03,4.97,4.97
-2.479,0.01,-0.03,4.97,4.97
-2.469,0.01,-0.03,4.97,4.97
-2.459,0.01,-0.03,4.98,4.98
-2.449,0.01,-0.03,4.98,4.98
-2.439,0.01,-0.03,4.98,4.98
-2.429,0.01,-0.03,4.98,4.98
-2.419,0.01,-0.03,4.97,4.97
-2.409,0.01,-0.03,4.97,4.97
-2.399,0.01,-0.03,4.97,4.97
-2.389,0.01,-0.03,4.97,4.97
-2.379,0.01,-0.03,4.98,4.98
-2.369,0.01,-0.03,4.98,4.98
-2.359,0.01,-0.03,4.99,4.99
-2.349,0.01,-0.03,4.99,4.99
-2.339,0.01,-0.03,4.99,4.99
-2.329,0.01,-0.03,4.98,4.98
-2.319,0.01,-0.03,4.98,4.98
-2.309,0.01,-0.03,4.98,4.98
-2.299,0.01,-0.03,4.98,4.98
-2.289,0.01,-0.03,4.98,4.98
-2.279,0.01,-0.03,4.99,4.99
-2.269,0.01,-0.03,4.98,4.98
-2.259,0.01,-0.03,4.97,4.97
-2.249,0.01,-0.03,4.96,4.96
-2.239,0.01,-0.03,4.95,4.95
-2.229,0.01,-0.03,4.95,4.95
-2.219,0.01,-0.03,4.96,4.96
-2.209,0.01,-0.03,4.97,4.97
-2.199,0.01,-0.03,4.99,4.99
-2.189,0.01,-0.03,4.99,4.99
-2.179,0.01,-0.03,4.99,4.99
-2.169,0.01,-0.03,4.98,4.98
-2.159,0.01,-0.03,4.97,4.97
-2.149,0.01,-0.03,4.97,4.97
-2.139,0.01,-0.03,4.97,4.97
-2.129,0.01,-0.03,4.97,4.97
-2.119,0.01,-0.03,4.98,4.98
-2.109,0.01,-0.03,4.98,4.98
-2.099,0.01,-0.03,4.99,4.99
-2.089,0.01,-0.03,4.98,4.98
-2.079,0.01,-0.03,4.98,4.98
-2.069,0.01,-0.03,4.97,4.97
-2.059,0.01,-0.03,4.96,4.96
-2.049,0.01,-0.03,4.96,4.96
-2.039,0.01,-0.03,4.96,4.96
-2.029,0.01,-0.03,4.97,4.97
-2.019,0.01,-0.03,4.98,4.98
-2.009,0.01,-0.03,4.99,4.99
-1.999,0.01,-0.03,4.99,4.99
-1.989,0.01,-0.03,4.99,4.99
-1.979,0.01,-0.03,4.98,4.98
-1.969,0.01,-0.03,4.97,4.97
-1.959,0.01,-0.03,4.97,4.97
-1.949,0.01,-0.03,4.97,4.97
-1.939,0.01,-0.03,4.97,4.97
-1.929,0.01,-0.03,4.98,4.98
-1.919,0.01,-0.03,4.98,4.98
-1.909,0.01,-0.03,4.98,4.98
-1.899,0.01,-0.03,4.98,4.98
-1.889,0.01,-0.03,4.98,4.98
-1.879,0.01,-0.03,4.98,4.98
-1.869,0.01,-0.03,4.97,4.97
-1.859,0.01,-0.03,4.98,4.98
-1.849,0.01,-0.03,4.98,4.98
-1.839,0.01,-0.03,4.98,4.98
-1.829,0.01,-0.03,4.98,4.98
-1.819,0.01,-0.03,4.98,4.98
-1.809,0.01,-0.03,4.98,4.98
-1.799,0.01,-0.03,4.98,4.98
-1.789,0.01,-0.03,4.97,4.97
-1.779,0.01,-0.03,4.97,4.97
-1.769,0.01,-0.03,4.97,4.97
-1.759,0.01,-0.03,4.98,4.98
-1.749,0.01,-0.03,4.98,4.98
-1.739,0.01,-0.03,4.99,4.99
-1.729,0.01,-0.03,4.99,4.99
-1.719,0.01,-0.03,4.98,4.98
-1.709,0.01,-0.03,4.97,4.97
-1.699,0.01,-0.03,4.97,4.97
-1.689,0.01,-0.03,4.97,4.97
-1.679,0.01,-0.03,4.97,4.97
-1.669,0.01,-0.03,4.98,4.98
-1.659,0.01,-0.03,4.98,4.98
-1.649,0.01,-0.03,4.98,4.98
-1.639,0.01,-0.03,4.98,4.98
-1.629,0.01,-0.03,4.98,4.98
-1.619,0.01,-0.03,4.97,4.97
-1.609,0.01,-0.03,4.97,4.97
-1.599,0.01,-0.03,4.98,4.98
-1.589,0.01,-0.03,4.98,4.98
-1.579,0.01,-0.03,4.99,4.99
-1.569,0.01,-0.03,4.99,4.99
-1.559,0.01,-0.03,4.99,4.99
-1.549,0.01,-0.03,4.99,4.99
-1.539,0.01,-0.03,4.98,4.98
-1.529,0.01,-0.03,4.97,4.97
-1.519,0.01,-0.03,4.96,4.96
-1.509,0.01,-0.03,4.96,4.96
-1.499,0.01,-0.03,4.97,4.97
-1.489,0.01,-0.03,4.97,4.98
-1.479,0.01,-0.03,4.98,4.98
-1.469,0.01,-0.03,4.98,4.98
-1.459,0.01,-0.03,4.98,4.98
-1.449,0.01,-0.03,4.97,4.97
-1.439,0.01,-0.03,4.97,4.97
-1.429,0.01,-0.03,4.97,4.97
-1.419,0.01,-0.03,4.97,4.97
-1.409,0.01,-0.03,4.98,4.98
-1.399,0.01,-0.03,4.98,4.98
-1.389,0.01,-0.03,4.98,4.98
-1.379,0.01,-0.03,4.98,4.98
-1.369,0.01,-0.03,4.98,4.98
-1.359,0.01,-0.03,4.98,4.98
-1.349,0.01,-0.03,4.98,4.98
-1.339,0.01,-0.03,4.98,4.98
-1.329,0.01,-0.03,4.98,4.98
-1.319,0.01,-0.03,4.97,4.97
-1.309,0.01,-0.03,4.97,4.97
-1.299,0.01,-0.03,4.97,4.97
-1.289,0.01,-0.03,4.97,4.97
-1.279,0.01,-0.03,4.97,4.97
-1.269,0.01,-0.03,4.97,4.97
-1.259,0.01,-0.03,4.97,4.97
-1.249,0.01,-0.03,4.97,4.97
-1.239,0.01,-0.03,4.97,4.97
-1.229,0.01,-0.03,4.97,4.97
-1.218,0.01,-0.03,4.97,4.97
-1.209,0.01,-0.03,4.97,4.97
-1.197,0.01,-0.03,4.98,4.98
-1.187,0.01,-0.03,4.98,4.98
-1.178,0.01,-0.03,4.98,4.98
-1.169,0.01,-0.03,4.98,4.98
-1.159,0.01,-0.03,4.97,4.97
-1.149,0.01,-0.03,4.97,4.97
-1.139,0.01,-0.03,4.97,4.97
-1.129,0.01,-0.03,4.97,4.97
-1.119,0.01,-0.03,4.97,4.97
-1.109,0.01,-0.03,4.97,4.97
-1.099,0.01,-0.03,4.97,4.97
-1.089,0.01,-0.03,4.97,4.97
-1.079,0.01,-0.03,4.97,4.97
-1.069,0.01,-0.03,4.97,4.97
-1.059,0.01,-0.03,4.97,4.97
-1.049,0.01,-0.03,4.98,4.98
-1.039,0.01,-0.03,4.98,4.98
-1.029,0.01,-0.03,4.98,4.98
-1.019,0.01,-0.03,4.98,4.98
-1.009,0.01,-0.03,4.98,4.98
-0.999,0.01,-0.03,4.98,4.98
-0.989,0.01,-0.03,4.97,4.97
-0.979,0.01,-0.03,4.97,4.97
-0.969,0.01,-0.03,4.97,4.97
-0.959,0.01,-0.03,4.96,4.96
-0.949,0.01,-0.03,4.96,4.96
-0.939,0.01,-0.03,4.96,4.96
-0.929,0.01,-0.03,4.97,4.97
-0.919,0.01,-0.03,4.98,4.98
-0.909,0.01,-0.03,4.98,4.99
-0.899,0.01,-0.03,4.99,4.99
-0.889,0.01,-0.03,4.99,4.99
-0.879,0.01,-0.03,4.98,4.98
-0.869,0.01,-0.03,4.99,4.99
-0.859,0.01,-0.03,4.99,4.99
-0.849,0.01,-0.03,4.99,4.99
-0.839,0.01,-0.03,4.99,4.99
-0.829,0.01,-0.03,4.99,4.99
-0.819,0.01,-0.03,4.99,4.99
-0.809,0.01,-0.03,4.98,4.98
-0.799,0.01,-0.03,4.98,4.98
-0.789,0.01,-0.03,4.97,4.97
-0.779,0.01,-0.03,4.96,4.96
-0.769,0.01,-0.03,4.96,4.96
-0.759,0.01,-0.03,4.96,4.96
-0.749,0.01,-0.03,4.97,4.97
-0.739,0.01,-0.03,4.98,4.98
-0.729,0.01,-0.03,4.99,4.99
-0.719,0.01,-0.03,5.00,5.00
-0.709,0.01,-0.03,4.99,4.99
-0.699,0.01,-0.03,4.98,4.98
-0.689,0.01,-0.03,4.98,4.98
-0.679,0.01,-0.03,4.97,4.97
-0.669,0.01,-0.03,4.97,4.97
-0.659,0.01,-0.03,4.97,4.97
-0.649,0.01,-0.03,4.98,4.98
-0.639,0.01,-0.03,4.98,4.98
-0.629,0.01,-0.03,4.99,4.99
-0.619,0.01,-0.03,4.98,4.98
-0.609,0.01,-0.03,4.98,4.98
-0.599,0.01,-0.03,4.97,4.97
-0.589,0.01,-0.03,4.96,4.96
-0.579,0.01,-0.03,4.97,4.97
-0.569,0.01,-0.03,4.98,4.98
-0.559,0.01,-0.03,4.99,4.99
-0.549,0.01,-0.03,5.01,5.01
-0.539,0.01,-0.03,5.01,5.01
-0.529,0.01,-0.03,5.00,5.00
-0.519,0.01,-0.03,4.99,4.99
-0.509,0.01,-0.03,4.97,4.97
-0.499,0.01,-0.03,4.96,4.96
-0.489,0.01,-0.03,4.96,4.96
-0.479,0.01,-0.03,4.96,4.96
-0.469,0.01,-0.03,4.97,4.97
-0.459,0.01,-0.03,4.98,4.98
-0.449,0.01,-0.03,4.98,4.98
-0.439,0.01,-0.03,4.98,4.98
-0.429,0.01,-0.03,4.98,4.98
-0.419,0.01,-0.03,4.97,4.97
-0.405,0.01,-0.03,4.97,4.97
-0.399,0.01,-0.03,4.97,4.97
-0.387,0.01,-0.03,4.98,4.98
-0.375,0.01,-0.03,4.98,4.98
-0.369,0.01,-0.03,4.99,4.99
-0.357,0.01,-0.03,4.99,4.99
-0.347,0.01,-0.03,4.99,4.99
-0.336,0.01,-0.03,4.98,4.98
-0.326,0.01,-0.03,4.97,4.97
-0.319,0.01,-0.03,4.97,4.97
-0.309,0.01,-0.03,4.97,4.97
-0.299,0.01,-0.03,4.97,4.97
-0.289,0.01,-0.03,4.97,4.97
-0.279,0.01,-0.03,4.98,4.98
-0.269,0.01,-0.03,4.98,4.98
-0.259,0.01,-0.03,4.98,4.98
-0.249,0.01,-0.03,4.97,4.97
-0.239,0.01,-0.03,4.98,4.98
-0.229,0.01,-0.03,4.98,4.98
-0.219,0.01,-0.03,4.98,4.98
-0.209,0.01,-0.03,4.98,4.98
-0.199,0.01,-0.03,4.98,4.98
-0.189,0.01,-0.03,4.98,4.98
-0.179,0.01,-0.03,4.98,4.98
-0.169,0.01,-0.03,4.97,4.97
-0.159,0.01,-0.03,4.97,4.97
-0.149,0.01,-0.03,4.98,4.98
-0.139,0.01,-0.03,4.98,4.98
-0.129,0.01,-0.03,4.98,4.98
-0.119,0.01,-0.03,4.98,4.98
-0.109,0.01,-0.03,4.98,4.98
-0.099,0.01,-0.03,4.98,4.98
-0.089,0.01,-0.03,4.97,4.97
-0.079,0.01,-0.03,4.98,4.98
-0.069,0.01,-0.03,4.98,4.98
-0.059,0.01,-0.03,4.98,4.98
-0.049,0.01,-0.03,4.98,4.98
-0.039,0.01,-0.03,4.98,4.98
-0.029,0.01,-0.03,4.98,4.98
-0.019,0.01,-0.03,4.97,4.97
-0.009,0.01,-0.03,4.97,4.97
0.001,0.01,-0.03,4.98,4.98
0.011,0.01,-0.03,4.99,4.99
0.021,0.01,-0.03,4.99,4.99
0.031,0.01,-0.03,5.00,5.00
0.041,0.01,-0.03,5.22,5.22
0.051,0.01,-0.03,5.31,5.31
0.061,0.02,-0.03,5.45,5.45
0.071,0.02,-0.03,5.44,5.44
0.081,0.02,-0.02,5.05,5.05
0.091,0.03,-0.02,4.57,4.57
0.101,0.03,-0.02,4.30,4.30
0.111,0.03,-0.02,3.86,3.86
0.121,0.03,-0.01,3.78,3.78
0.131,0.03,-0.01,4.01,4.01
0.141,0.03,-0.01,4.34,4.34
0.151,0.04,-0.01,4.68,4.68
0.161,0.04,-0.01,4.97,4.97
0.171,0.04,-0.01,5.19,5.19
0.181,0.04,-0.01,5.50,5.50
0.191,0.04,-0.00,5.48,5.48
0.201,0.04,0.00,5.38,5.38
0.211,0.05,0.00,5.24,5.24
0.221,0.05,0.01,5.13,5.13
0.231,0.05,0.01,5.06,5.06
0.241,0.05,0.01,4.99,4.99
0.251,0.05,0.02,4.87,4.87
0.261,0.05,0.02,4.86,4.86
0.271,0.05,0.02,4.92,4.92
0.281,0.05,0.02,5.01,5.01
0.291,0.04,0.02,5.03,5.03
0.301,0.04,0.02,5.01,5.01
0.311,0.04,0.02,5.19,5.19
0.321,0.04,0.02,5.24,5.24
0.331,0.04,0.02,5.11,5.11
0.341,0.04,0.02,4.84,4.85
0.351,0.03,0.02,4.68,4.68
0.361,0.03,0.02,4.58,4.58
0.371,0.03,0.02,4.40,4.40
0.381,0.03,0.02,4.39,4.39
0.391,0.03,0.02,4.45,4.45
0.401,0.03,0.02,4.56,4.56
0.411,0.03,0.03,4.71,4.71
0.421,0.02,0.03,4.89,4.89
0.431,0.02,0.03,5.02,5.02
0.441,0.01,0.03,5.01,5.01
0.451,0.01,0.04,5.00,5.00
0.461,0.01,0.04,5.00,5.00
0.471,0.01,0.04,4.96,4.96
0.481,0.01,0.04,4.93,4.93
0.491,0.01,0.04,4.94,4.95
0.501,0.01,0.04,4.96,4.96
0.511,0.00,0.04,4.95,4.95
0.521,0.00,0.04,4.92,4.92
0.531,0.00,0.04,4.93,4.93
0.541,0.00,0.04,4.95,4.95
0.551,-0.00,0.04,5.02,5.02
0.561,-0.00,0.04,5.03,5.03
0.571,-0.01,0.04,4.91,4.91
0.581,-0.01,0.04,4.88,4.88
0.591,-0.01,0.04,4.83,4.83
0.601,-0.01,0.05,4.83,4.83
0.611,-0.02,0.05,4.96,4.96
0.621,-0.02,0.05,5.04,5.04
0.631,-0.02,0.05,5.05,5.05
0.641,-0.02,0.05,5.06,5.06
0.651,-0.02,0.05,5.11,5.11
0.661,-0.03,0.06,5.09,5.09
0.671,-0.03,0.05,5.05,5.05
0.681,-0.04,0.05,5.03,5.03
0.691,-0.04,0.05,5.01,5.02
0.701,-0.05,0.05,4.97,4.97
0.711,-0.05,0.05,4.90,4.90
0.721,-0.05,0.05,4.97,4.97
0.731,-0.06,0.06,5.01,5.01
0.741,-0.06,0.06,4.97,4.97
0.751,-0.06,0.06,4.96,4.96
0.761,-0.06,0.06,5.01,5.01
0.771,-0.06,0.07,5.05,5.06
0.781,-0.06,0.07,5.03,5.03
0.791,-0.06,0.07,5.08,5.08
0.801,-0.06,0.07,5.10,5.10
0.811,-0.07,0.07,5.08,5.08
0.821,-0.07,0.07,5.01,5.01
0.831,-0.08,0.07,4.94,4.94
0.841,-0.08,0.07,4.92,4.92
0.851,-0.08,0.07,4.92,4.92
0.861,-0.08,0.07,4.72,4.73
0.871,-0.07,0.06,4.29,4.29
0.881,-0.06,0.06,3.70,3.70
0.891,-0.05,0.05,3.17,3.17
0.901,-0.05,0.05,2.77,2.77
0.911,-0.04,0.04,2.39,2.39
0.921,-0.03,0.03,1.93,1.93
0.931,-0.02,0.02,1.33,1.33
0.941,-0.01,0.01,0.76,0.76
0.951,-0.00,0.00,0.15,0.15
0.961,0.00,0.00,0.00,0.00
0.971,0.00,0.00,0.00,0.00
0.981,0.00,0.00,0.00,0.00
0.991,0.00,0.00,0.00,0.00
1.001,0.00,0.00,0.00,0.00
1.011,0.00,-0.00,-0.20,0.20
1.021,0.02,-0.02,-1.09,1.09
1.031,0.04,-0.04,-1.97,1.97
1.041,0.06,-0.06,-2.91,2.91
1.051,0.08,-0.08,-3.87,3.88
1.061,0.10,-0.10,-4.90,4.90
1.071,0.13,-0.13,-5.91,5.92
1.081,0.16,-0.15,-6.91,6.92
1.091,0.19,-0.17,-7.93,7.94
1.101,0.22,-0.19,-9.01,9.01
1.111,0.26,-0.22,-10.22,10.22
1.221,0.26,-0.22,-10.22,10.22
1.221,0.26,-0.22,-10.22,10.22
1.221,0.26,-0.22,-10.22,10.22
1.221,0.26,-0.22,-10.22,10.22
1.221,0.26,-0.22,-10.22,10.22
1.221,0.26,-0.22,-10.22,10.22
1.231,0.26,-0.22,-10.22,10.22
1.241,0.26,-0.22,-10.22,10.22
1.251,0.26,-0.22,-10.22,10.22
1.261,0.26,-0.22,-10.22,10.22
1.271,0.26,-0.22,-10.22,10.22
1.281,0.26,-0.22,-10.22,10.22
1.291,0.26,-0.22,-10.22,10.22
1.301,0.26,-0.22,-10.22,10.22
1.311,0.26,-0.22,-10.22,10.22
1.321,0.26,-0.22,-10.22,10.22
1.331,0.26,-0.22,-10.22,10.22
1.341,0.26,-0.22,-10.22,10.22
1.351,0.26,-0.22,-10.22,10.22
1.361,0.26,-0.22,-10.22,10.22
1.371,0.26,-0.22,-10.22,10.22
1.381,0.26,-0.22,-10.22,10.22
1.391,0.26,-0.22,-10.22,10.22
1.401,0.26,-0.22,-10.22,10.22
1.411,0.26,-0.22,-10.22,10.22
1.421,0.26,-0.22,-10.22,10.22
1.431,0.26,-0.22,-10.22,10.22
1.441,0.26,-0.22,-10.22,10.22
1.451,0.26,-0.22,-10.22,10.22
1.461,0.26,-0.22,-10.22,10.22
1.471,0.26,-0.22,-10.22,10.22
1.481,0.26,-0.22,-10.22,10.22
1.491,0.26,-0.22,-10.22,10.22
1.501,0.26,-0.22,-10.22,10.22
1.511,0.26,-0.22,-10.22,10.22
1.521,0.26,-0.22,-10.22,10.22
1.531,0.26,-0.22,-10.22,10.22
1.541,0.26,-0.22,-10.22,10.22
1.551,0.26,-0.22,-10.22,10.22
1.561,0.26,-0.22,-10.22,10.22
1.571,0.26,-0.22,-10.22,10.22
1.581,0.26,-0.22,-10.22,10.22
1.591,0.26,-0.22,-10.22,10.22
1.601,0.26,-0.22,-10.22,10.22
1.611,0.26,-0.22,-10.22,10.22
1.621,0.26,-0.22,-10.22,10.22
1.631,0.26,-0.22,-10.22,10.22
1.641,0.26,-0.22,-10.22,10.22
1.651,0.26,-0.22,-10.22,10.22
1.661,0.26,-0.22,-10.22,10.22
1.671,0.26,-0.22,-10.22,10.22
1.681,0.26,-0.22,-10.22,10.22
1.691,0.26,-0.22,-10.22,10.22
1.701,0.26,-0.22,-10.22,10.22
1.711,0.26,-0.22,-10.22,10.22
1.721,0.26,-0.22,-10.22,10.22
1.731,0.26,-0.22,-10.22,10.22
1.741,0.26,-0.22,-10.22,10.22
1.751,0.26,-0.22,-10.22,10.22
1.761,0.26,-0.22,-10.22,10.22
1.771,0.26,-0.22,-10.22,10.22
1.781,0.26,-0.22,-10.22,10.22
1.791,0.26,-0.22,-10.22,10.22
1.801,0.26,-0.22,-10.22,10.22
1.811,0.26,-0.22,-10.22,10.22
1.821,0.26,-0.22,-10.22,10.22
1.831,0.26,-0.22,-10.22,10.22
1.841,0.26,-0.22,-10.22,10.22
1.851,0.26,-0.22,-10.22,10.22
1.861,0.26,-0.22,-10.22,10.22
1.871,0.26,-0.22,-10.22,10.22
1.881,0.26,-0.22,-10.22,10.22
1.891,0.26,-0.22,-10.22,10.22
1.901,0.26,-0.22,-10.22,10.22
1.911,0.26,-0.22,-10.22,10.22
1.921,0.26,-0.22,-10.22,10.22
1.931,0.26,-0.22,-10.22,10.22
1.941,0.26,-0.22,-10.22,10.22
1.951,0.26,-0.22,-10.22,10.22
1.961,0.26,-0.22,-10.22,10.22
1.971,0.26,-0.22,-10.22,10.22
1.981,0.26,-0.22,-10.22,10.22
1.991,0.26,-0.22,-10.22,10.22
2.001,0.26,-0.22,-10.22,10.22
2.011,0.26,-0.22,-10.22,10.22
2.021,0.26,-0.22,-10.22,10.22
2.031,0.26,-0.22,-10.22,10.22
2.041,0.26,-0.22,-10.22,10.22
2.051,0.26,-0.22,-10.22,10.22
2.061,0.26,-0.22,-10.22,10.22
2.071,0.26,-0.22,-10.22,10.22
2.081,0.26,-0.22,-10.22,10.22
2.091,0.26,-0.22,-10.22,10.22
2.101,0.26,-0.22,-10.22,10.22
2.111,0.26,-0.22,-10.22,10.22
2.121,0.26,-0.22,-10.22,10.22
2.131,0.26,-0.22,-10.22,10.22
2.141,0.26,-0.22,-10.22,10.22
2.151,0.26,-0.22,-10.22,10.22
2.161,0.26,-0.22,-10.22,10.22
2.171,0.26,-0.22,-10.22,10.22
2.181,0.26,-0.22,-10.22,10.22
2.191,0.26,-0.22,-10.22,10.22
2.201,0.26,-0.22,-10.22,10.22
2.211,0.26,-0.22,-10.22,10.22
2.221,0.26,-0.22,-10.22,10.22
2.231,0.26,-0.22,-10.22,10.22
2.241,0.26,-0.22,-10.22,10.22
2.251,0.26,-0.22,-10.22,10.22
2.261,0.26,-0.22,-10.22,10.22
2.271,0.26,-0.22,-10.22,10.22
2.281,0.26,-0.22,-10.22,10.22
2.291,0.26,-0.22,-10.22,10.22
2.301,0.26,-0.22,-10.22,10.22
2.311,0.26,-0.22,-10.22,10.22
2.321,0.26,-0.22,-10.22,10.22
2.331,0.26,-0.22,-10.22,10.22
2.341,0.26,-0.22,-10.22,10.22
2.351,0.26,-0.22,-10.22,10.22
2.361,0.26,-0.22,-10.22,10.22
2.371,0.26,-0.22,-10.22,10.22
2.381,0.26,-0.22,-10.22,10.22
2.391,0.26,-0.22,-10.22,10.22
2.401,0.26,-0.22,-10.22,10.22
2.411,0.26,-0.22,-10.22,10.22
2.421,0.26,-0.22,-10.22,10.22
2.431,0.26,-0.22,-10.22,10.22
2.441,0.26,-0.22,-10.22,10.22
2.451,0.26,-0.22,-10.22,10.22
2.461,0.26,-0.22,-10.22,10.22
2.471,0.26,-0.22,-10.22,10.22
2.481,0.26,-0.22,-10.22,10.22
2.491,0.26,-0.22,-10.22,10.22
2.501,0.26,-0.22,-10.22,10.22
2.511,0.26,-0.22,-10.22,10.22
2.521,0.26,-0.22,-10.22,10.22
2.531,0.26,-0.22,-10.22,10.22
2.541,0.26,-0.22,-10.22,10.22
2.551,0.26,-0.22,-10.22,10.22
2.561,0.26,-0.22,-10.22,10.22
2.571,0.26,-0.22,-10.22,10.22
2.581,0.26,-0.22,-10.22,10.22
2.591,0.26,-0.22,-10.22,10.22
2.601,0.26,-0.22,-10.22,10.22
2.611,0.26,-0.22,-10.22,10.22
2.621,0.26,-0.22,-10.22,10.22
2.631,0.26,-0.22,-10.22,10.22
2.641,0.26,-0.22,-10.22,10.22
2.651,0.26,-0.22,-10.22,10.22
2.661,0.26,-0.22,-10.22,10.22
2.671,0.26,-0.22,-10.22,10.22
2.681,0.26,-0.22,-10.22,10.22
2.691,0.26,-0.22,-10.22,10.22
2.701,0.26,-0.22,-10.22,10.22
2.711,0.26,-0.22,-10.22,10.22
2.721,0.26,-0.22,-10.22,10.22
2.731,0.26,-0.22,-10.22,10.22
2.741,0.26,-0.22,-10.22,10.22
2.751,0.26,-0.22,-10.22,10.22
2.761,0.26,-0.22,-10.22,10.22
2.771,0.26,-0.22,-10.22,10.22
2.781,0.26,-0.22,-10.22,10.22
2.791,0.26,-0.22,-10.22,10.22
2.801,0.26,-0.22,-10.22,10.22
2.811,0.26,-0.22,-10.22,10.22
2.821,0.26,-0.22,-10.22,10.22
2.831,0.26,-0.22,-10.22,10.22
2.841,0.26,-0.22,-10.22,10.22
2.851,0.26,-0.22,-10.22,10.22
2.861,0.26,-0.22,-10.22,10.22
2.871,0.26,-0.22,-10.22,10.22
2.881,0.26,-0.22,-10.22,10.22
2.891,0.26,-0.22,-10.22,10.22
2.901,0.26,-0.22,-10.22,10.22
2.911,0.26,-0.22,-10.22,10.22
2.921,0.26,-0.22,-10.22,10.22
2.931,0.26,-0.22,-10.22,10.22
2.941,0.26,-0.22,-10.22,10.22
2.951,0.26,-0.22,-10.22,10.22
2.961,0.26,-0.22,-10.22,10.22
2.971,0.26,-0.22,-10.22,10.22
2.981,0.26,-0.22,-10.22,10.22
2.991,0.26,-0.22,-10.22,10.22
3.001,0.26,-0.22,-10.22,10.22
3.011,0.26,-0.22,-10.22,10.22
3.021,0.26,-0.22,-10.22,10.22
3.031,0.26,-0.22,-10.22,10.22
3.041,0.26,-0.22,-10.22,10.22
3.051,0.26,-0.22,-10.22,10.22
3.061,0.26,-0.22,-10.22,10.22
3.071,0.26,-0.22,-10.22,10.22
3.081,0.26,-0.22,-10.22,10.22
3.091,0.26,-0.22,-10.22,10.22
3.101,0.26,-0.22,-10.22,10.22
3.111,0.26,-0.22,-10.22,10.22
3.121,0.26,-0.22,-10.22,10.22
3.131,0.26,-0.22,-10.22,10.22
3.141,0.26,-0.22,-10.22,10.22
3.151,0.26,-0.22,-10.22,10.22
3.161,0.26,-0.22,-10.22,10.22
3.171,0.26,-0.22,-10.22,10.22
3.181,0.26,-0.22,-10.22,10.22
3.191,0.26,-0.22,-10.22,10.22
3.201,0.26,-0.22,-10.22,10.22
3.211,0.26,-0.22,-10.22,10.22
3.221,0.26,-0.22,-10.22,10.22
3.231,0.26,-0.22,-10.22,10.22
3.241,0.26,-0.22,-10.22,10.22
3.251,0.26,-0.22,-10.22,10.22
3.261,0.26,-0.22,-10.22,10.22
3.271,0.26,-0.22,-10.22,10.22
3.281,0.26,-0.22,-10.22,10.22
3.291,0.26,-0.22,-10.22,10.22
3.301,0.26,-0.22,-10.22,10.22
3.311,0.26,-0.22,-10.22,10.22
3.321,0.26,-0.22,-10.22,10.22
3.331,0.26,-0.22,-10.22,10.22
3.341,0.26,-0.22,-10.22,10.22
3.351,0.26,-0.22,-10.22,10.22
3.361,0.26,-0.22,-10.22,10.22
3.371,0.26,-0.22,-10.22,10.22
3.381,0.26,-0.22,-10.22,10.22
3.391,0.26,-0.22,-10.22,10.22
3.401,0.26,-0.22,-10.22,10.22
3.411,0.26,-0.22,-10.22,10.22
3.421,0.26,-0.22,-10.22,10.22
3.431,0.26,-0.22,-10.22,10.22
3.441,0.26,-0.22,-10.22,10.22
3.451,0.26,-0.22,-10.22,10.22
3.461,0.26,-0.22,-10.22,10.22
3.471,0.26,-0.22,-10.22,10.22
3.481,0.26,-0.22,-10.22,10.22
3.491,0.26,-0.22,-10.22,10.22
3.501,0.26,-0.22,-10.22,10.22
3.511,0.26,-0.22,-10.22,10.22
3.521,0.26,-0.22,-10.22,10.22
3.531,0.26,-0.22,-10.22,10.22
3.541,0.26,-0.22,-10.22,10.22
3.551,0.26,-0.22,-10.22,10.22
3.561,0.26,-0.22,-10.22,10.22
3.571,0.26,-0.22,-10.22,10.22
3.581,0.26,-0.22,-10.22,10.22
3.591,0.26,-0.22,-10.22,10.22
3.601,0.26,-0.22,-10.22,10.22
3.611,0.26,-0.22,-10.22,10.22
3.621,0.26,-0.22,-10.22,10.22
3.631,0.26,-0.22,-10.22,10.22
3.641,0.26,-0.22,-10.22,10.22
3.651,0.26,-0.22,-10.22,10.22
3.661,0.26,-0.22,-10.22,10.22
3.671,0.26,-0.22,-10.22,10.22
3.681,0.26,-0.22,-10.22,10.22
3.691,0.26,-0.22,-10.22,10.22
3.701,0.26,-0.22,-10.22,10.22
3.711,0.26,-0.22,-10.22,10.22
3.721,0.26,-0.22,-10.22,10.22
3.731,0.26,-0.22,-10.22,10.22
3.741,0.26,-0.22,-10.22,10.22
3.751,0.26,-0.22,-10.22,10.22
3.761,0.26,-0.22,-10.22,10.22
3.771,0.26,-0.22,-10.22,10.22
3.781,0.26,-0.22,-10.22,10.22
3.791,0.26,-0.22,-10.22,10.22
3.801,0.26,-0.22,-10.22,10.22
3.811,0.26,-0.22,-10.22,10.22
3.821,0.26,-0.22,-10.22,10.22
3.831,0.26,-0.22,-10.22,10.22
3.841,0.26,-0.22,-10.22,10.22
3.851,0.26,-0.22,-10.22,10.22
3.861,0.26,-0.22,-10.22,10.22
3.871,0.26,-0.22,-10.22,10.22
3.881,0.26,-0.22,-10.22,10.22
3.891,0.26,-0.22,-10.22,10.22
3.901,0.26,-0.22,-10.22,10.22
3.911,0.26,-0.22,-10.22,10.22
3.921,0.26,-0.22,-10.22,10.22
3.931,0.26,-0.22,-10.22,10.22
3.941,0.26,-0.22,-10.22,10.22
3.951,0.26,-0.22,-10.22,10.22
3.961,0.26,-0.22,-10.22,10.22
3.971,0.26,-0.22,-10.22,10.22
3.981,0.26,-0.22,-10.22,10.22
3.991,0.26,-0.22,-10.22,10.22
4.001,0.26,-0.22,-10.22,10.22
4.011,0.26,-0.22,-10.22,10.22
4.021,0.26,-0.22,-10.22,10.22
4.031,0.26,-0.22,-10.22,10.22
4.041,0.26,-0.22,-10.22,10.22
4.051,0.26,-0.22,-10.22,10.22
4.061,0.26,-0.22,-10.22,10.22
4.071,0.26,-0.22,-10.22,10.22
4.081,0.26,-0.22,-10.22,10.22
4.091,0.26,-0.22,-10.22,10.22
4.101,0.26,-0.22,-10.22,10.22
4.111,0.26,-0.22,-10.22,10.22
4.121,0.26,-0.22,-10.22,10.22
4.131,0.26,-0.22,-10.22,10.22
4.141,0.26,-0.22,-10.22,10.22
4.151,0.26,-0.22,-10.22,10.22
4.161,0.26,-0.22,-10.22,10.22
4.171,0.26,-0.22,-10.22,10.22
4.181,0.26,-0.22,-10.22,10.22
4.191,0.26,-0.22,-10.22,10.22
4.201,0.26,-0.22,-10.22,10.22
4.211,0.26,-0.22,-10.22,10.22
4.221,0.26,-0.22,-10.22,10.22
4.231,0.26,-0.22,-10.22,10.22
4.241,0.26,-0.22,-10.22,10.22
4.251,0.26,-0.22,-10.22,10.22
4.261,0.26,-0.22,-10.22,10.22
4.271,0.26,-0.22,-10.22,10.22
4.281,0.26,-0.22,-10.22,10.22
4.291,0.26,-0.22,-10.22,10.22
4.301,0.26,-0.22,-10.22,10.22
4.311,0.26,-0.22,-10.22,10.22
4.321,0.26,-0.22,-10.22,10.22
4.331,0.26,-0.22,-10.22,10.22
4.341,0.26,-0.22,-10.22,10.22
4.351,0.26,-0.22,-10.22,10.22
4.361,0.26,-0.22,-10.22,10.22
4.371,0.26,-0.22,-10.22,10.22
4.381,0.26,-0.22,-10.22,10.22
4.391,0.26,-0.22,-10.22,10.22
4.401,0.26,-0.22,-10.22,10.22
4.411,0.26,-0.22,-10.22,10.22
4.421,0.26,-0.22,-10.22,10.22
4.431,0.26,-0.22,-10.22,10.22
4.441,0.26,-0.22,-10.22,10.22
4.451,0.26,-0.22,-10.22,10.22
4.461,0.26,-0.22,-10.22,10.22
4.471,0.26,-0.22,-10.22,10.22
4.481,0.26,-0.22,-10.22,10.22
4.491,0.26,-0.22,-10.22,10.22
4.501,0.26,-0.22,-10.22,10.22
4.511,0.26,-0.22,-10.22,10.22
4.521,0.26,-0.22,-10.22,10.22
4.531,0.26,-0.22,-10.22,10.22
4.541,0.26,-0.22,-10.22,10.22
4.551,0.26,-0.22,-10.22,10.22
4.561,0.26,-0.22,-10.22,10.22
4.571,0.26,-0.22,-10.22,10.22
4.581,0.26,-0.22,-10.22,10.22
4.591,0.26,-0.22,-10.22,10.22
4.601,0.26,-0.22,-10.22,10.22
4.611,0.26,-0.22,-10.22,10.22
4.621,0.26,-0.22,-10.22,10.22
4.631,0.26,-0.22,-10.22,10.22
4.641,0.26,-0.22,-10.22,10.22
4.651,0.26,-0.22,-10.22,10.22
4.661,0.26,-0.22,-10.22,10.22
4.671,0.26,-0.22,-10.22,10.22
4.681,0.26,-0.22,-10.22,10.22
4.691,0.26,-0.22,-10.22,10.22
4.701,0.26,-0.22,-10.22,10.22
4.711,0.26,-0.22,-10.22,10.22
4.721,0.26,-0.22,-10.22,10.22
4.731,0.26,-0.22,-10.22,10.22
4.741,0.26,-0.22,-10.22,10.22
4.751,0.26,-0.22,-10.22,10.22
4.761,0.26,-0.22,-10.22,10.22
4.771,0.26,-0.22,-10.22,10.22
4.781,0.26,-0.22,-10.22,10.22
4.791,0.26,-0.22,-10.22,10.22
4.801,0.26,-0.22,-10.22,10.22
4.811,0.26,-0.22,-10.22,10.22
4.821,0.26,-0.22,-10.22,10.22
4.831,0.26,-0.22,-10.22,10.22
4.841,0.26,-0.22,-10.22,10.22
4.851,0.26,-0.22,-10.22,10.22
4.861,0.26,-0.22,-10.22,10.22
4.871,0.26,-0.22,-10.22,10.22
4.881,0.26,-0.22,-10.22,10.22
4.891,0.26,-0.22,-10.22,10.22
4.901,0.26,-0.22,-10.22,10.22
4.911,0.26,-0.22,-10.22,10.22
4.921,0.26,-0.22,-10.22,10.22
4.931,0.26,-0.22,-10.22,10.22
4.941,0.26,-0.22,-10.22,10.22
4.951,0.26,-0.22,-10.22,10.22
4.961,0.26,-0.22,-10.22,10.22
4.971,0.26,-0.22,-10.22,10.22
4.981,0.26,-0.22,-10.22,10.22
4.991,0.26,-0.22,-10.22,10.22
5.001,0.26,-0.22,-10.22,10.22
5.011,0.26,-0.22,-10.22,10.22
5.021,0.26,-0.22,-10.22,10.22
5.031,0.26,-0.22,-10.22,10.22
5.041,0.26,-0.22,-10.22,10.22
5.051,0.26,-0.22,-10.22,10.22
5.061,0.26,-0.22,-10.22,10.22
5.071,0.26,-0.22,-10.22,10.22
5.081,0.26,-0.22,-10.22,10.22
5.091,0.26,-0.22,-10.22,10.22
5.101,0.26,-0.22,-10.22,10.22
5.111,0.26,-0.22,-10.22,10.22
5.121,0.26,-0.22,-10.22,10.22
5.131,0.26,-0.22,-10.22,10.22
5.141,0.26,-0.22,-10.22,10.22
5.151,0.26,-0.22,-10.22,10.22
5.161,0.26,-0.22,-10.22,10.22
5.171,0.26,-0.22,-10.22,10.22
5.181,0.26,-0.22,-10.22,10.22
5.191,0.26,-0.22,-10.22,10.22
5.201,0.26,-0.22,-10.22,10.22
5.211,0.26,-0.22,-10.22,10.22
5.221,0.26,-0.22,-10.22,10.22
5.231,0.26,-0.22,-10.22,10.22
5.241,0.26,-0.22,-10.22,10.22
5.251,0.26,-0.22,-10.22,10.22
5.261,0.26,-0.22,-10.22,10.22
5.271,0.26,-0.22,-10.22,10.22
5.281,0.26,-0.22,-10.22,10.22
5.291,0.26,-0.22,-10.22,10.22
5.301,0.26,-0.22,-10.22,10.22
5.311,0.26,-0.22,-10.22,10.22
5.321,0.26,-0.22,-10.22,10.22
5.331,0.26,-0.22,-10.22,10.22
5.341,0.26,-0.22,-10.22,10.22
5.351,0.26,-0.22,-10.22,10.22
5.361,0.26,-0.22,-10.22,10.22
5.371,0.26,-0.22,-10.22,10.22
5.381,0.26,-0.22,-10.22,10.22
5.391,0.26,-0.22,-10.22,10.22
5.401,0.26,-0.22,-10.22,10.22
5.411,0.26,-0.22,-10.22,10.22
5.421,0.26,-0.22,-10.22,10.22
5.431,0.26,-0.22,-10.22,10.22
5.441,0.26,-0.22,-10.22,10.22
5.451,0.26,-0.22,-10.22,10.22
5.461,0.26,-0.22,-10.22,10.22
5.471,0.26,-0.22,-10.22,10.22
5.481,0.26,-0.22,-10.22,10.22
5.491,0.26,-0.22,-10.22,10.22
5.501,0.26,-0.22,-10.22,10.22
5.511,0.26,-0.22,-10.22,10.22
5.521,0.26,-0.22,-10.22,10.22
5.531,0.26,-0.22,-10.22,10.22
5.541,0.26,-0.22,-10.22,10.22
5.551,0.26,-0.22,-10.22,10.22
5.561,0.26,-0.22,-10.22,10.22
5.571,0.26,-0.22,-10.22,10.22
5.581,0.26,-0.22,-10.22,10.22
5.591,0.26,-0.22,-10.22,10.22
5.601,0.26,-0.22,-10.22,10.22
5.611,0.26,-0.22,-10.22,10.22
5.621,0.26,-0.22,-10.22,10.22
5.631,0.26,-0.22,-10.22,10.22
5.641,0.26,-0.22,-10.22,10.22
5.651,0.26,-0.22,-10.22,10.22
5.661,0.26,-0.22,-10.22,10.22
5.671,0.26,-0.22,-10.22,10.22
5.681,0.26,-0.22,-10.22,10.22
5.691,0.26,-0.22,-10.22,10.22
5.701,0.26,-0.22,-10.22,10.22
5.711,0.26,-0.22,-10.22,10.22
5.721,0.26,-0.22,-10.22,10.22
5.731,0.26,-0.22,-10.22,10.22
5.741,0.26,-0.22,-10.22,10.22
5.751,0.26,-0.22,-10.22,10.22
5.761,0.26,-0.22,-10.22,10.22
5.771,0.26,-0.22,-10.22,10.22
5.781,0.26,-0.22,-10.22,10.22
5.791,0.26,-0.22,-10.22,10.22
5.801,0.26,-0.22,-10.22,10.22
5.811,0.26,-0.22,-10.22,10.22
5.821,0.26,-0.22,-10.22,10.22
5.831,0.26,-0.22,-10.22,10.22
5.841,0.26,-0.22,-10.22,10.22
5.851,0.26,-0.22,-10.22,10.22
5.861,0.26,-0.22,-10.22,10.22
5.871,0.26,-0.22,-10.22,10.22
5.881,0.26,-0.22,-10.22,10.22
5.891,0.26,-0.22,-10.22,10.22
5.901,0.26,-0.22,-10.22,10.22
5.911,0.26,-0.22,-10.22,10.22
5.921,0.26,-0.22,-10.22,10.22
5.931,0.26,-0.22,-10.22,10.22
5.941,0.26,-0.22,-10.22,10.22
5.951,0.26,-0.22,-10.22,10.22
5.961,0.26,-0.22,-10.22,10.22
5.971,0.26,-0.22,-10.22,10.22
5.981,0.26,-0.22,-10.22,10.22
5.991,0.26,-0.22,-10.22,10.22
6.001,0.26,-0.22,-10.22,10.22
6.011,0.26,-0.22,-10.22,10.22
6.021,0.26,-0.22,-10.22,10.22
6.031,0.26,-0.22,-10.22,10.22
6.041,0.26,-0.22,-10.22,10.22
6.051,0.26,-0.22,-10.22,10.22
6.061,0.26,-0.22,-10.22,10.22
6.071,0.26,-0.22,-10.22,10.22
6.081,0.26,-0.22,-10.22,10.22
6.091,0.26,-0.22,-10.22,10.22
6.101,0.26,-0.22,-10.22,10.22
6.111,0.26,-0.22,-10.22,10.22
6.121,0.26,-0.22,-10.22,10.22
6.131,0.26,-0.22,-10.22,10.22
6.141,0.26,-0.22,-10.22,10.22
6.151,0.26,-0.22,-10.22,10.22
6.161,0.26,-0.22,-10.22,10.22
6.171,0.26,-0.22,-10.22,10.22
6.181,0.26,-0.22,-10.22,10.22
6.191,0.26,-0.22,-10.22,10.22
6.201,0.26,-0.22,-10.22,10.22
6.211,0.26,-0.22,-10.22,10.22
6.221,0.26,-0.22,-10.22,10.22
6.231,0.26,-0.22,-10.22,10.22
6.241,0.26,-0.22,-10.22,10.22
6.251,0.26,-0.22,-10.22,10.22
6.261,0.26,-0.22,-10.22,10.22
6.271,0.26,-0.22,-10.22,10.22
6.281,0.26,-0.22,-10.22,10.22
6.291,0.26,-0.22,-10.22,10.22
6.301,0.26,-0.22,-10.22,10.22
6.311,0.26,-0.22,-10.22,10.22
6.321,0.26,-0.22,-10.22,10.22
6.331,0.26,-0.22,-10.22,10.22
6.341,0.26,-0.22,-10.22,10.22
6.351,0.26,-0.22,-10.22,10.22
6.361,0.26,-0.22,-10.22,10.22
6.371,0.26,-0.22,-10.22,10.22
6.381,0.26,-0.22,-10.22,10.22
6.391,0.26,-0.22,-10.22,10.22
6.401,0.26,-0.22,-10.22,10.22
6.411,0.26,-0.22,-10.22,10.22
6.421,0.26,-0.22,-10.22,10.22
6.431,0.26,-0.22,-10.22,10.22
6.441,0.26,-0.22,-10.22,10.22
6.451,0.26,-0.22,-10.22,10.22
6.461,0.26,-0.22,-10.22,10.22
6.471,0.26,-0.22,-10.22,10.22
6.481,0.26,-0.22,-10.22,10.22
6.491,0.26,-0.22,-10.22,10.22
6.501,0.26,-0.22,-10.22,10.22
6.511,0.26,-0.22,-10.22,10.22
6.521,0.26,-0.22,-10.22,10.22
6.531,0.26,-0.22,-10.22,10.22
6.541,0.26,-0.22,-10.22,10.22
6.551,0.26,-0.22,-10.22,10.22
6.561,0.26,-0.22,-10.22,10.22
6.571,0.26,-0.22,-10.22,10.22
6.581,0.26,-0.22,-10.22,10.22
6.591,0.26,-0.22,-10.22,10.22
6.601,0.26,-0.22,-10.22,10.22
6.611,0.26,-0.22,-10.22,10.22
6.621,0.26,-0.22,-10.22,10.22
6.631,0.26,-0.22,-10.22,10.22
6.641,0.26,-0.22,-10.22,10.22
6.651,0.26,-0.22,-10.22,10.22
6.661,0.26,-0.22,-10.22,10.22
6.671,0.26,-0.22,-10.22,10.22
6.681,0.26,-0.22,-10.22,10.22
6.691,0.26,-0.22,-10.22,10.22
6.701,0.26,-0.22,-10.22,10.22
6.711,0.26,-0.22,-10.22,10.22
6.721,0.26,-0.22,-10.22,10.22
6.731,0.26,-0.22,-10.22,10.22
6.741,0.26,-0.22,-10.22,10.22
6.751,0.26,-0.22,-10.22,10.22
6.761,0.26,-0.22,-10.22,10.22
6.771,0.26,-0.22,-10.22,10.22
6.781,0.26,-0.22,-10.22,10.22
6.791,0.26,-0.22,-10.22,10.22
6.801,0.26,-0.22,-10.22,10.22
6.811,0.26,-0.22,-10.22,10.22
6.821,0.26,-0.22,-10.22,10.22
6.831,0.26,-0.22,-10.22,10.22
6.841,0.26,-0.22,-10.22,10.22
6.851,0.26,-0.22,-10.22,10.22
6.861,0.26,-0.22,-10.22,10.22
6.871,0.26,-0.22,-10.22,10.22
6.881,0.26,-0.22,-10.22,10.22
6.891,0.26,-0.22,-10.22,10.22
6.901,0.26,-0.22,-10.22,10.22
6.911,0.26,-0.22,-10.22,10.22
6.921,0.26,-0.22,-10.22,10.22
6.931,0.26,-0.22,-10.22,10.22
6.941,0.26,-0.22,-10.22,10.22
6.951,0.26,-0.22,-10.22,10.22
6.961,0.26,-0.22,-10.22,10.22
6.971,0.26,-0.22,-10.22,10.22
6.981,0.26,-0.22,-10.22,10.22
6.991,0.26,-0.22,-10.22,10.22
7.001,0.26,-0.22,-10.22,10.22
7.011,0.26,-0.22,-10.22,10.22
7.021,0.26,-0.22,-10.22,10.22
7.031,0.26,-0.22,-10.22,10.22
7.041,0.26,-0.22,-10.22,10.22
7.051,0.26,-0.22,-10.22,10.22
7.061,0.26,-0.22,-10.22,10.22
7.071,0.26,-0.22,-10.22,10.22
7.081,0.26,-0.22,-10.22,10.22
7.091,0.26,-0.22,-10.22,10.22
7.101,0.26,-0.22,-10.22,10.22
7.111,0.26,-0.22,-10.22,10.22
7.121,0.26,-0.22,-10.22,10.22
7.131,0.26,-0.22,-10.22,10.22
7.141,0.26,-0.22,-10.22,10.22
7.151,0.26,-0.22,-10.22,10.22
7.161,0.26,-0.22,-10.22,10.22
7.171,0.26,-0.22,-10.22,10.22
7.181,0.26,-0.22,-10.22,10.22
7.191,0.26,-0.22,-10.22,10.22
7.201,0.26,-0.22,-10.22,10.22
7.211,0.26,-0.22,-10.22,10.22
7.221,0.26,-0.22,-10.22,10.22
7.231,0.26,-0.22,-10.22,10.22
7.241,0.26,-0.22,-10.22,10.22
7.251,0.26,-0.22,-10.22,10.22
7.261,0.26,-0.22,-10.22,10.22
7.271,0.26,-0.22,-10.22,10.22
7.281,0.26,-0.22,-10.22,10.22
7.291,0.26,-0.22,-10.22,10.22
7.301,0.26,-0.22,-10.22,10.22
7.311,0.26,-0.22,-10.22,10.22
7.321,0.26,-0.22,-10.22,10.22
7.331,0.26,-0.22,-10.22,10.22
7.341,0.26,-0.22,-10.22,10.22
7.351,0.26,-0.22,-10.22,10.22
7.361,0.26,-0.22,-10.22,10.22
7.371,0.26,-0.22,-10.22,10.22
7.381,0.26,-0.22,-10.22,10.22
7.391,0.26,-0.22,-10.22,10.22
7.401,0.26,-0.22,-10.22,10.22
7.411,0.26,-0.22,-10.22,10.22
7.421,0.26,-0.22,-10.22,10.22
7.431,0.26,-0.22,-10.22,10.22
7.441,0.26,-0.22,-10.22,10.22
7.451,0.26,-0.22,-10.22,10.22
7.461,0.26,-0.22,-10.22,10.22
7.471,0.26,-0.22,-10.22,10.22
7.481,0.26,-0.22,-10.22,10.22
7.491,0.26,-0.22,-10.22,10.22
7.501,0.26,-0.22,-10.22,10.22
7.511,0.26,-0.22,-10.22,10.22
7.521,0.26,-0.22,-10.22,10.22
7.531,0.26,-0.22,-10.22,10.22
7.541,0.26,-0.22,-10.22,10.22
7.551,0.26,-0.22,-10.22,10.22
7.561,0.26,-0.22,-10.22,10.22
7.571,0.26,-0.22,-10.22,10.22
7.581,0.26,-0.22,-10.22,10.22
7.591,0.26,-0.22,-10.22,10.22
7.601,0.26,-0.22,-10.22,10.22
7.611,0.26,-0.22,-10.22,10.22
7.621,0.26,-0.22,-10.22,10.22
7.631,0.26,-0.22,-10.22,10.22
7.641,0.26,-0.22,-10.22,10.22
7.651,0.26,-0.22,-10.22,10.22
7.661,0.26,-0.22,-10.22,10.22
7.671,0.26,-0.22,-10.22,10.22
7.681,0.26,-0.22,-10.22,10.22
7.691,0.26,-0.22,-10.22,10.22
7.701,0.26,-0.22,-10.22,10.22
7.711,0.26,-0.22,-10.22,10.22
7.721,0.26,-0.22,-10.22,10.22
7.731,0.26,-0.22,-10.22,10.22
7.741,0.26,-0.22,-10.22,10.22
7.751,0.26,-0.22,-10.22,10.22
7.761,0.26,-0.22,-10.22,10.22
7.771,0.26,-0.22,-10.22,10.22
7.781,0.26,-0.22,-10.22,10.22
7.791,0.26,-0.22,-10.22,10.22
7.801,0.26,-0.22,-10.22,10.22
7.811,0.26,-0.22,-10.22,10.22
7.821,0.26,-0.22,-10.22,10.22
7.831,0.26,-0.22,-10.22,10.22
7.841,0.26,-0.22,-10.22,10.22
7.851,0.26,-0.22,-10.22,10.22
7.861,0.26,-0.22,-10.22,10.22
7.871,0.26,-0.22,-10.22,10.22
7.881,0.26,-0.22,-10.22,10.22
7.891,0.26,-0.22,-10.22,10.22
7.901,0.26,-0.22,-10.22,10.22
7.911,0.26,-0.22,-10.22,10.22
7.921,0.26,-0.22,-10.22,10.22
7.931,0.26,-0.22,-10.22,10.22
7.941,0.26,-0.22,-10.22,10.22
7.951,0.26,-0.22,-10.22,10.22
7.961,0.26,-0.22,-10.22,10.22
7.971,0.26,-0.22,-10.22,10.22
7.981,0.26,-0.22,-10.22,10.22
7.991,0.26,-0.22,-10.22,10.22
8.001,0.26,-0.22,-10.22,10.22
8.011,0.26,-0.22,-10.22,10.22
8.021,0.26,-0.22,-10.22,10.22
8.031,0.26,-0.22,-10.22,10.22
8.041,0.26,-0.22,-10.22,10.22
8.051,0.26,-0.22,-10.22,10.22
8.061,0.26,-0.22,-10.22,10.22
8.071,0.26,-0.22,-10.22,10.22
8.081,0.26,-0.22,-10.22,10.22
8.091,0.26,-0.22,-10.22,10.22
8.101,0.26,-0.22,-10.22,10.22
8.111,0.26,-0.22,-10.22,10.22
8.121,0.26,-0.22,-10.22,10.22
8.131,0.26,-0.22,-10.22,10.22
8.141,0.26,-0.22,-10.22,10.22
8.151,0.26,-0.22,-10.22,10.22
8.161,0.26,-0.22,-10.22,10.22
8.171,0.26,-0.22,-10.22,10.22
8.181,0.26,-0.22,-10.22,10.22
8.191,0.26,-0.22,-10.22,10.22
8.201,0.26,-0.22,-10.22,10.22
8.211,0.26,-0.22,-10.22,10.22
8.221,0.26,-0.22,-10.22,10.22
8.231,0.26,-0.22,-10.22,10.22
8.241,0.26,-0.22,-10.22,10.22
8.251,0.26,-0.22,-10.22,10.22
8.261,0.26,-0.22,-10.22,10.22
8.271,0.26,-0.22,-10.22,10.22
8.281,0.26,-0.22,-10.22,10.22
8.291,0.26,-0.22,-10.22,10.22
8.301,0.26,-0.22,-10.22,10.22
8.311,0.26,-0.22,-10.22,10.22
8.321,0.26,-0.22,-10.22,10.22
8.331,0.26,-0.22,-10.22,10.22
8.341,0.26,-0.22,-10.22,10.22
8.351,0.26,-0.22,-10.22,10.22
8.361,0.26,-0.22,-10.22,10.22
8.371,0.26,-0.22,-10.22,10.22
8.381,0.26,-0.22,-10.22,10.22
8.391,0.26,-0.22,-10.22,10.22
8.401,0.26,-0.22,-10.22,10.22
8.411,0.26,-0.22,-10.22,10.22
8.421,0.26,-0.22,-10.22,10.22
8.431,0.26,-0.22,-10.22,10.22
8.441,0.26,-0.22,-10.22,10.22
8.451,0.26,-0.22,-10.22,10.22
8.461,0.26,-0.22,-10.22,10.22
8.471,0.26,-0.22,-10.22,10.22
8.481,0.26,-0.22,-10.22,10.22
8.491,0.26,-0.22,-10.22,10.22
8.501,0.26,-0.22,-10.22,10.22
8.511,0.26,-0.22,-10.22,10.22
8.521,0.26,-0.22,-10.22,10.22
8.531,0.26,-0.22,-10.22,10.22
8.541,0.26,-0.22,-10.22,10.22
8.551,0.26,-0.22,-10.22,10.22
8.561,0.26,-0.22,-10.22,10.22
8.571,0.26,-0.22,-10.22,10.22
8.581,0.26,-0.22,-10.22,10.22
8.591,0.26,-0.22,-10.22,10.22
8.601,0.26,-0.22,-10.22,10.22
8.611,0.26,-0.22,-10.22,10.22
8.621,0.26,-0.22,-10.22,10.22
8.631,0.26,-0.22,-10.22,10.22
8.641,0.26,-0.22,-10.22,10.22
8.651,0.26,-0.22,-10.22,10.22
8.661,0.26,-0.22,-10.22,10.22
8.671,0.26,-0.22,-10.22,10.22
8.681,0.26,-0.22,-10.22,10.22
8.691,0.26,-0.22,-10.22,10.22
8.701,0.26,-0.22,-10.22,10.22
8.711,0.26,-0.22,-10.22,10.22
8.721,0.26,-0.22,-10.22,10.22
8.731,0.26,-0.22,-10.22,10.22
8.741,0.26,-0.22,-10.22,10.22
8.751,0.26,-0.22,-10.22,10.22
8.761,0.26,-0.22,-10.22,10.22
8.771,0.26,-0.22,-10.22,10.22
8.781,0.26,-0.22,-10.22,10.22
8.791,0.26,-0.22,-10.22,10.22
8.801,0.26,-0.22,-10.22,10.22
8.811,0.26,-0.22,-10.22,10.22
8.821,0.26,-0.22,-10.22,10.22
8.831,0.26,-0.22,-10.22,10.22
8.841,0.26,-0.22,-10.22,10.22
8.851,0.26,-0.22,-10.22,10.22
8.861,0.26,-0.22,-10.22,10.22
8.871,0.26,-0.22,-10.22,10.22
8.881,0.26,-0.22,-10.22,10.22
8.891,0.26,-0.22,-10.22,10.22
8.901,0.26,-0.22,-10.22,10.22
8.911,0.26,-0.22,-10.22,10.22
8.921,0.26,-0.22,-10.22,10.22
8.931,0.26,-0.22,-10.22,10.22
8.941,0.26,-0.22,-10.22,10.22
8.951,0.26,-0.22,-10.22,10.22
8.961,0.26,-0.22,-10.22,10.22
8.971,0.26,-0.22,-10.22,10.22
8.981,0.26,-0.22,-10.22,10.22
8.991,0.26,-0.22,-10.22,10.22
9.001,0.26,-0.22,-10.22,10.22
9.011,0.26,-0.22,-10.22,10.22
9.021,0.26,-0.22,-10.22,10.22
9.031,0.26,-0.22,-10.22,10.22
9.041,0.26,-0.22,-10.22,10.22
9.051,0.26,-0.22,-10.22,10.22
9.061,0.26,-0.22,-10.22,10.22
9.071,0.26,-0.22,-10.22,10.22
9.081,0.26,-0.22,-10.22,10.22
9.091,0.26,-0.22,-10.22,10.22
9.101,0.26,-0.22,-10.22,10.22
9.111,0.26,-0.22,-10.22,10.22
9.121,0.26,-0.22,-10.22,10.22
9.131,0.26,-0.22,-10.22,10.22
9.141,0.26,-0.22,-10.22,10.22
9.151,0.26,-0.22,-10.22,10.22
9.161,0.26,-0.22,-10.22,10.22
9.171,0.26,-0.22,-10.22,10.22
9.181,0.26,-0.22,-10.22,10.22
9.191,0.26,-0.22,-10.22,10.22
9.201,0.26,-0.22,-10.22,10.22
9.211,0.26,-0.22,-10.22,10.22
9.221,0.26,-0.22,-10.22,10.22
9.231,0.26,-0.22,-10.22,10.22
9.241,0.26,-0.22,-10.22,10.22
9.251,0.26,-0.22,-10.22,10.22
9.261,0.26,-0.22,-10.22,10.22
9.271,0.26,-0.22,-10.22,10.22
9.281,0.26,-0.22,-10.22,10.22
9.291,0.26,-0.22,-10.22,10.22
9.301,0.26,-0.22,-10.22,10.22
9.311,0.26,-0.22,-10.22,10.22
9.321,0.26,-0.22,-10.22,10.22
9.331,0.26,-0.22,-10.22,10.22
9.341,0.26,-0.22,-10.22,10.22
9.351,0.26,-0.22,-10.22,10.22
9.361,0.26,-0.22,-10.22,10.22
9.371,0.26,-0.22,-10.22,10.22
9.381,0.26,-0.22,-10.22,10.22
9.391,0.26,-0.22,-10.22,10.22
9.401,0.26,-0.22,-10.22,10.22
9.411,0.26,-0.22,-10.22,10.22
9.421,0.26,-0.22,-10.22,10.22
9.431,0.26,-0.22,-10.22,10.22
9.441,0.26,-0.22,-10.22,10.22
9.451,0.26,-0.22,-10.22,10.22
9.461,0.26,-0.22,-10.22,10.22
9.471,0.26,-0.22,-10.22,10.22
9.481,0.26,-0.22,-10.22,10.22
9.491,0.26,-0.22,-10.22,10.22
9.501,0.26,-0.22,-10.22,10.22
9.511,0.26,-0.22,-10.22,10.22
9.521,0.26,-0.22,-10.22,10.22
9.531,0.26,-0.22,-10.22,10.22
9.541,0.26,-0.22,-10.22,10.22
9.551,0.26,-0.22,-10.22,10.22
9.561,0.26,-0.22,-10.22,10.22
9.571,0.26,-0.22,-10.22,10.22
9.581,0.26,-0.22,-10.22,10.22
9.591,0.26,-0.22,-10.22,10.22
9.601,0.26,-0.22,-10.22,10.22
9.611,0.26,-0.22,-10.22,10.22
9.621,0.26,-0.22,-10.22,10.22
9.631,0.26,-0.22,-10.22,10.22
9.641,0.26,-0.22,-10.22,10.22
9.651,0.26,-0.22,-10.22,10.22
9.661,0.26,-0.22,-10.22,10.22
9.671,0.26,-0.22,-10.22,10.22
9.681,0.26,-0.22,-10.22,10.22
9.691,0.26,-0.22,-10.22,10.22
9.701,0.26,-0.22,-10.22,10.22
9.711,0.26,-0.22,-10.22,10.22
9.721,0.26,-0.22,-10.22,10.22
9.731,0.26,-0.22,-10.22,10.22
9.741,0.26,-0.22,-10.22,10.22
9.751,0.26,-0.22,-10.22,10.22
9.761,0.26,-0.22,-10.22,10.22
9.771,0.26,-0.22,-10.22,10.22
9.781,0.26,-0.22,-10.22,10.22
9.791,0.26,-0.22,-10.22,10.22
9.801,0.26,-0.22,-10.22,10.22
9.811,0.26,-0.22,-10.22,10.22
9.821,0.26,-0.22,-10.22,10.22
9.831,0.26,-0.22,-10.22,10.22
9.841,0.26,-0.22,-10.22,10.22
9.851,0.26,-0.22,-10.22,10.22
9.861,0.26,-0.22,-10.22,10.22
9.871,0.26,-0.22,-10.22,10.22
9.881,0.26,-0.22,-10.22,10.22
9.891,0.26,-0.22,-10.22,10.22
9.901,0.26,-0.22,-10.22,10.22
9.911,0.26,-0.22,-10.22,10.22
9.921,0.26,-0.22,-10.22,10.22
9.931,0.26,-0.22,-10.22,10.22
9.941,0.26,-0.22,-10.22,10.22
9.951,0.26,-0.22,-10.22,10.22
9.961,0.26,-0.22,-10.22,10.22
9.971,0.26,-0.22,-10.22,10.22
9.981,0.26,-0.22,-10.22,10.22
9.991,0.26,-0.22,-10.22,10.22
10.001,0.26,-0.22,-10.22,10.22
10.011,0.26,-0.22,-10.22,10.22
10.021,0.26,-0.22,-10.22,10.22
10.031,0.26,-0.22,-10.22,10.22
10.041,0.26,-0.22,-10.22,10.22
10.051,0.26,-0.22,-10.22,10.22
10.061,0.26,-0.22,-10.22,10.22
10.071,0.26,-0.22,-10.22,10.22
10.081,0.26,-0.22,-10.22,10.22
10.091,0.26,-0.22,-10.22,10.22
10.101,0.26,-0.22,-10.22,10.22
10.111,0.26,-0.22,-10.22,10.22
10.121,0.26,-0.22,-10.22,10.22
10.131,0.26,-0.22,-10.22,10.22
10.141,0.26,-0.22,-10.22,10.22
10.151,0.26,-0.22,-10.22,10.22
10.161,0.26,-0.22,-10.22,10.22
10.171,0.26,-0.22,-10.22,10.22
10.181,0.26,-0.22,-10.22,10.22
10.191,0.26,-0.22,-10.22,10.22
10.201,0.26,-0.22,-10.22,10.22
10.211,0.26,-0.22,-10.22,10.22
10.221,0.26,-0.22,-10.22,10.22
10.231,0.26,-0.22,-10.22,10.22
10.241,0.26,-0.22,-10.22,10.22
10.251,0.26,-0.22,-10.22,10.22
10.261,0.26,-0.22,-10.22,10.22
10.271,0.26,-0.22,-10.22,10.22
10.281,0.26,-0.22,-10.22,10.22
10.291,0.26,-0.22,-10.22,10.22
10.301,0.26,-0.22,-10.22,10.22
10.311,0.26,-0.22,-10.22,10.22
10.321,0.26,-0.22,-10.22,10.22
10.331,0.26,-0.22,-10.22,10.22
10.341,0.26,-0.22,-10.22,10.22
10.351,0.26,-0.22,-10.22,10.22
10.361,0.26,-0.22,-10.22,10.22
10.371,0.26,-0.22,-10.22,10.22
10.381,0.26,-0.22,-10.22,10.22
10.391,0.26,-0.22,-10.22,10.22
10.401,0.26,-0.22,-10.22,10.22
10.411,0.26,-0.22,-10.22,10.22
10.421,0.26,-0.22,-10.22,10.22
10.431,0.26,-0.22,-10.22,10.22
10.441,0.26,-0.22,-10.22,10.22
10.451,0.26,-0.22,-10.22,10.22
10.461,0.26,-0.22,-10.22,10.22
10.471,0.26,-0.22,-10.22,10.22
10.481,0.26,-0.22,-10.22,10.22
10.491,0.26,-0.22,-10.22,10.22
10.501,0.26,-0.22,-10.22,10.22
10.511,0.26,-0.22,-10.22,10.22
10.521,0.26,-0.22,-10.22,10.22
10.531,0.26,-0.22,-10.22,10.22
10.541,0.26,-0.22,-10.22,10.22
10.551,0.26,-0.22,-10.22,10.22
10.561,0.26,-0.22,-10.22,10.22
10.571,0.26,-0.22,-10.22,10.22
10.581,0.26,-0.22,-10.22,10.22
10.591,0.26,-0.22,-10.22,10.22
10.601,0.26,-0.22,-10.22,10.22
10.611,0.26,-0.22,-10.22,10.22
10.621,0.26,-0.22,-10.22,10.22
10.631,0.26,-0.22,-10.22,10.22
10.641,0.26,-0.22,-10.22,10.22
10.651,0.26,-0.22,-10.22,10.22
10.661,0.26,-0.22,-10.22,10.22
10.671,0.26,-0.22,-10.22,10.22
10.681,0.26,-0.22,-10.22,10.22
10.691,0.26,-0.22,-10.22,10.22
10.701,0.26,-0.22,-10.22,10.22
10.711,0.26,-0.22,-10.22,10.22
10.721,0.26,-0.22,-10.22,10.22
10.731,0.26,-0.22,-10.22,10.22
10.741,0.26,-0.22,-10.22,10.22
10.751,0.26,-0.22,-10.22,10.22
10.761,0.26,-0.22,-10.22,10.22
10.771,0.26,-0.22,-10.22,10.22
10.781,0.26,-0.22,-10.22,10.22
10.791,0.26,-0.22,-10.22,10.22
10.801,0.26,-0.22,-10.22,10.22
10.811,0.26,-0.22,-10.22,10.22
10.821,0.26,-0.22,-10.22,10.22
10.831,0.26,-0.22,-10.22,10.22
10.841,0.26,-0.22,-10.22,10.22
10.851,0.26,-0.22,-10.22,10.22
10.861,0.26,-0.22,-10.22,10.22
10.871,0.26,-0.22,-10.22,10.22
10.881,0.26,-0.22,-10.22,10.22
10.891,0.26,-0.22,-10.22,10.22
10.901,0.26,-0.22,-10.22,10.22
10.911,0.26,-0.22,-10.22,10.22
10.921,0.26,-0.22,-10.22,10.22
10.931,0.26,-0.22,-10.22,10.22
10.941,0.26,-0.22,-10.22,10.22
10.951,0.26,-0.22,-10.22,10.22
10.961,0.26,-0.22,-10.22,10.22
10.971,0.26,-0.22,-10.22,10.22
10.981,0.26,-0.22,-10.22,10.22
10.991,0.26,-0.22,-10.22,10.22
11.001,0.26,-0.22,-10.22,10.22
11.011,0.26,-0.22,-10.22,10.22
11.021,0.26,-0.22,-10.22,10.22
11.031,0.26,-0.22,-10.22,10.22
11.041,0.26,-0.22,-10.22,10.22
11.051,0.26,-0.22,-10.22,10.22
11.061,0.26,-0.22,-10.22,10.22
11.071,0.26,-0.22,-10.22,10.22
11.081,0.26,-0.22,-10.22,10.22
11.091,0.26,-0.22,-10.22,10.22
11.101,0.26,-0.22,-10.22,10.22
11.111,0.26,-0.22,-10.22,10.22
11.121,0.26,-0.22,-10.22,10.22
11.131,0.26,-0.22,-10.22,10.22
11.141,0.26,-0.22,-10.22,10.22
11.151,0.26,-0.22,-10.22,10.22
11.161,0.26,-0.22,-10.22,10.22
11.171,0.26,-0.22,-10.22,10.22
11.181,0.26,-0.22,-10.22,10.22
11.191,0.26,-0.22,-10.22,10.22
11.201,0.26,-0.22,-10.22,10.22
11.211,0.26,-0.22,-10.22,10.22
11.221,0.26,-0.22,-10.22,10.22
11.231,0.26,-0.22,-10.22,10.22
11.241,0.26,-0.22,-10.22,10.22
11.251,0.26,-0.22,-10.22,10.22
11.261,0.26,-0.22,-10.22,10.22
11.271,0.26,-0.22,-10.22,10.22
11.281,0.26,-0.22,-10.22,10.22
11.291,0.26,-0.22,-10.22,10.22
11.301,0.26,-0.22,-10.22,10.22
11.311,0.26,-0.22,-10.22,10.22
11.321,0.26,-0.22,-10.22,10.22
11.331,0.26,-0.22,-10.22,10.22
11.341,0.26,-0.22,-10.22,10.22
11.351,0.26,-0.22,-10.22,10.22
11.361,0.26,-0.22,-10.22,10.22
11.371,0.26,-0.22,-10.22,10.22
11.381,0.26,-0.22,-10.22,10.22
11.391,0.26,-0.22,-10.22,10.22
11.401,0.26,-0.22,-10.22,10.22
11.411,0.26,-0.22,-10.22,10.22
11.421,0.26,-0.22,-10.22,10.22
11.431,0.26,-0.22,-10.22,10.22
11.441,0.26,-0.22,-10.22,10.22
11.451,0.26,-0.22,-10.22,10.22
11.461,0.26,-0.22,-10.22,10.22
11.471,0.26,-0.22,-10.22,10.22
11.481,0.26,-0.22,-10.22,10.22
11.491,0.26,-0.22,-10.22,10.22
11.501,0.26,-0.22,-10.22,10.22
11.511,0.26,-0.22,-10.22,10.22
11.521,0.26,-0.22,-10.22,10.22
11.531,0.26,-0.22,-10.22,10.22
11.541,0.26,-0.22,-10.22,10.22
11.551,0.26,-0.22,-10.22,10.22
11.561,0.26,-0.22,-10.22,10.22
11.571,0.26,-0.22,-10.22,10.22
11.581,0.26,-0.22,-10.22,10.22
11.591,0.26,-0.22,-10.22,10.22
11.601,0.26,-0.22,-10.22,10.22
11.611,0.26,-0.22,-10.22,10.22
11.621,0.26,-0.22,-10.22,10.22
11.631,0.26,-0.22,-10.22,10.22
11.641,0.26,-0.22,-10.22,10.22
11.651,0.26,-0.22,-10.22,10.22
11.661,0.26,-0.22,-10.22,10.22
11.671,0.26,-0.22,-10.22,10.22
11.681,0.26,-0.22,-10.22,10.22
11.691,0.26,-0.22,-10.22,10.22
11.701,0.26,-0.22,-10.22,10.22
11.711,0.26,-0.22,-10.22,10.22
11.721,0.26,-0.22,-10.22,10.22
11.731,0.26,-0.22,-10.22,10.22
11.741,0.26,-0.22,-10.22,10.22
11.751,0.26,-0.22,-10.22,10.22
11.761,0.26,-0.22,-10.22,10.22
11.771,0.26,-0.22,-10.22,10.22
11.781,0.26,-0.22,-10.22,10.22
11.791,0.26,-0.22,-10.22,10.22
11.801,0.26,-0.22,-10.22,10.22
11.811,0.26,-0.22,-10.22,10.22
11.821,0.26,-0.22,-10.22,10.22
11.831,0.26,-0.22,-10.22,10.22
11.841,0.26,-0.22,-10.22,10.22
11.851,0.26,-0.22,-10.22,10.22
11.861,0.26,-0.22,-10.22,10.22
11.871,0.26,-0.22,-10.22,10.22
11.881,0.26,-0.22,-10.22,10.22
11.891,0.26,-0.22,-10.22,10.22
11.901,0.26,-0.22,-10.22,10.22
11.911,0.26,-0.22,-10.22,10.22
11.921,0.26,-0.22,-10.22,10.22
11.931,0.26,-0.22,-10.22,10.22
11.941,0.26,-0.22,-10.22,10.22
11.951,0.26,-0.22,-10.22,10.22
11.961,0.26,-0.22,-10.22,10.22
11.971,0.26,-0.22,-10.22,10.22
11.981,0.26,-0.22,-10.22,10.22
11.991,0.26,-0.22,-10.22,10.22
12.001,0.26,-0.22,-10.22,10.22
12.011,0.26,-0.22,-10.22,10.22
12.021,0.26,-0.22,-10.22,10.22
12.031,0.26,-0.22,-10.22,10.22
12.041,0.26,-0.22,-10.22,10.22
12.051,0.26,-0.22,-10.22,10.22
12.061,0.26,-0.22,-10.22,10.22
12.071,0.26,-0.22,-10.22,10.22
12.081,0.26,-0.22,-10.22,10.22
12.091,0.26,-0.22,-10.22,10.22
12.101,0.26,-0.22,-10.22,10.22
12.111,0.26,-0.22,-10.22,10.22
12.121,0.26,-0.22,-10.22,10.22
12.131,0.26,-0.22,-10.22,10.22
12.141,0.26,-0.22,-10.22,10.22
12.151,0.26,-0.22,-10.22,10.22
12.161,0.26,-0.22,-10.22,10.22
12.171,0.26,-0.22,-10.22,10.22
12.181,0.26,-0.22,-10.22,10.22
12.191,0.26,-0.22,-10.22,10.22
12.201,0.26,-0.22,-10.22,10.22
12.211,0.26,-0.22,-10.22,10.22
12.221,0.26,-0.22,-10.22,10.22
12.231,0.26,-0.22,-10.22,10.22
12.241,0.26,-0.22,-10.22,10.22
12.251,0.26,-0.22,-10.22,10.22
12.261,0.26,-0.22,-10.22,10.22
12.271,0.26,-0.22,-10.22,10.22
12.281,0.26,-0.22,-10.22,10.22
12.291,0.26,-0.22,-10.22,10.22
12.301,0.26,-0.22,-10.22,10.22
12.311,0.26,-0.22,-10.22,10.22
12.321,0.26,-0.22,-10.22,10.22
12.331,0.26,-0.22,-10.22,10.22
12.341,0.26,-0.22,-10.22,10.22
12.351,0.26,-0.22,-10.22,10.22
12.361,0.26,-0.22,-10.22,10.22
12.371,0.26,-0.22,-10.22,10.22
12.381,0.26,-0.22,-10.22,10.22
12.391,0.26,-0.22,-10.22,10.22
12.401,0.26,-0.22,-10.22,10.22
12.411,0.26,-0.22,-10.22,10.22
12.421,0.26,-0.22,-10.22,10.22
12.431,0.26,-0.22,-10.22,10.22
12.441,0.26,-0.22,-10.22,10.22
12.451,0.26,-0.22,-10.22,10.22
12.461,0.26,-0.22,-10.22,10.22
12.471,0.26,-0.22,-10.22,10.22
12.481,0.26,-0.22,-10.22,10.22
12.491,0.26,-0.22,-10.22,10.22
12.501,0.26,-0.22,-10.22,10.22
12.511,0.26,-0.22,-10.22,10.22
12.521,0.26,-0.22,-10.22,10.22
12.531,0.26,-0.22,-10.22,10.22
12.541,0.26,-0.22,-10.22,10.22
12.551,0.26,-0.22,-10.22,10.22
12.561,0.26,-0.22,-10.22,10.22
12.571,0.26,-0.22,-10.22,10.22
12.581,0.26,-0.22,-10.22,10.22
12.591,0.26,-0.22,-10.22,10.22
12.601,0.26,-0.22,-10.22,10.22
12.611,0.26,-0.22,-10.22,10.22
12.621,0.26,-0.22,-10.22,10.22
12.631,0.26,-0.22,-10.22,10.22
12.641,0.26,-0.22,-10.22,10.22
12.651,0.26,-0.22,-10.22,10.22
12.661,0.26,-0.22,-10.22,10.22
12.671,0.26,-0.22,-10.22,10.22
12.681,0.26,-0.22,-10.22,10.22
12.691,0.26,-0.22,-10.22,10.22
12.701,0.26,-0.22,-10.22,10.22
12.711,0.26,-0.22,-10.22,10.22
12.721,0.26,-0.22,-10.22,10.22
12.731,0.26,-0.22,-10.22,10.22
12.741,0.26,-0.22,-10.22,10.22
12.751,0.26,-0.22,-10.22,10.22
12.761,0.26,-0.22,-10.22,10.22
12.771,0.26,-0.22,-10.22,10.22
12.781,0.26,-0.22,-10.22,10.22
12.791,0.26,-0.22,-10.22,10.22
12.801,0.26,-0.22,-10.22,10.22
12.811,0.26,-0.22,-10.22,10.22
12.821,0.26,-0.22,-10.22,10.22
12.831,0.26,-0.22,-10.22,10.22
12.841,0.26,-0.22,-10.22,10.22
12.851,0.26,-0.22,-10.22,10.22
12.861,0.26,-0.22,-10.22,10.22
12.871,0.26,-0.22,-10.22,10.22
12.881,0.26,-0.22,-10.22,10.22
12.891,0.26,-0.22,-10.22,10.22
12.901,0.26,-0.22,-10.22,10.22
12.911,0.26,-0.22,-10.22,10.22
12.921,0.26,-0.22,-10.22,10.22
12.931,0.26,-0.22,-10.22,10.22
12.941,0.26,-0.22,-10.22,10.22
12.951,0.26,-0.22,-10.22,10.22
12.961,0.26,-0.22,-10.22,10.22
12.971,0.26,-0.22,-10.22,10.22
12.981,0.26,-0.22,-10.22,10.22
12.991,0.26,-0.22,-10.22,10.22
13.001,0.26,-0.22,-10.22,10.22
13.011,0.26,-0.22,-10.22,10.22
13.021,0.26,-0.22,-10.22,10.22
13.031,0.26,-0.22,-10.22,10.22
13.041,0.26,-0.22,-10.22,10.22
13.051,0.26,-0.22,-10.22,10.22
13.061,0.26,-0.22,-10.22,10.22
13.071,0.26,-0.22,-10.22,10.22
13.081,0.26,-0.22,-10.22,10.22
13.091,0.26,-0.22,-10.22,10.22
13.101,0.26,-0.22,-10.22,10.22
13.111,0.26,-0.22,-10.22,10.22
13.121,0.26,-0.22,-10.22,10.22
13.131,0.26,-0.22,-10.22,10.22
13.141,0.26,-0.22,-10.22,10.22
13.151,0.26,-0.22,-10.22,10.22
13.161,0.26,-0.22,-10.22,10.22
13.171,0.26,-0.22,-10.22,10.22
13.181,0.26,-0.22,-10.22,10.22
13.191,0.26,-0.22,-10.22,10.22
13.201,0.26,-0.22,-10.22,10.22
13.211,0.26,-0.22,-10.22,10.22
13.221,0.26,-0.22,-10.22,10.22
13.231,0.26,-0.22,-10.22,10.22
13.241,0.26,-0.22,-10.22,10.22
13.251,0.26,-0.22,-10.22,10.22
13.261,0.26,-0.22,-10.22,10.22
13.271,0.26,-0.22,-10.22,10.22
13.281,0.26,-0.22,-10.22,10.22
13.291,0.26,-0.22,-10.22,10.22
13.301,0.26,-0.22,-10.22,10.22
13.311,0.26,-0.22,-10.22,10.22
13.321,0.26,-0.22,-10.22,10.22
13.331,0.26,-0.22,-10.22,10.22
13.341,0.26,-0.22,-10.22,10.22
13.351,0.26,-0.22,-10.22,10.22
13.361,0.26,-0.22,-10.22,10.22
13.371,0.26,-0.22,-10.22,10.22
13.381,0.26,-0.22,-10.22,10.22
13.391,0.26,-0.22,-10.22,10.22
13.401,0.26,-0.22,-10.22,10.22
13.411,0.26,-0.22,-10.22,10.22
13.421,0.26,-0.22,-10.22,10.22
13.431,0.26,-0.22,-10.22,10.22
13.441,0.26,-0.22,-10.22,10.22
13.451,0.26,-0.22,-10.22,10.22
13.461,0.26,-0.22,-10.22,10.22
13.471,0.26,-0.22,-10.22,10.22
13.481,0.26,-0.22,-10.22,10.22
13.491,0.26,-0.22,-10.22,10.22
13.501,0.26,-0.22,-10.22,10.22
13.511,0.26,-0.22,-10.22,10.22
13.521,0.26,-0.22,-10.22,10.22
13.531,0.26,-0.22,-10.22,10.22
13.541,0.26,-0.22,-10.22,10.22
13.551,0.26,-0.22,-10.22,10.22
13.561,0.26,-0.22,-10.22,10.22
13.571,0.26,-0.22,-10.22,10.22
13.581,0.26,-0.22,-10.22,10.22
13.591,0.26,-0.22,-10.22,10.22
13.601,0.26,-0.22,-10.22,10.22
13.611,0.26,-0.22,-10.22,10.22
13.621,0.26,-0.22,-10.22,10.22
13.631,0.26,-0.22,-10.22,10.22
13.641,0.26,-0.22,-10.22,10.22
13.651,0.26,-0.22,-10.22,10.22
13.661,0.26,-0.22,-10.22,10.22
13.671,0.26,-0.22,-10.22,10.22
13.681,0.26,-0.22,-10.22,10.22
13.691,0.26,-0.22,-10.22,10.22
13.701,0.26,-0.22,-10.22,10.22
13.711,0.26,-0.22,-10.22,10.22
13.721,0.26,-0.22,-10.22,10.22
13.731,0.26,-0.22,-10.22,10.22
13.741,0.26,-0.22,-10.22,10.22
13.751,0.26,-0.22,-10.22,10.22
13.761,0.26,-0.22,-10.22,10.22
13.771,0.26,-0.22,-10.22,10.22
13.781,0.26,-0.22,-10.22,10.22
13.791,0.26,-0.22,-10.22,10.22
13.801,0.26,-0.22,-10.22,10.22
13.811,0.26,-0.22,-10.22,10.22
13.821,0.26,-0.22,-10.22,10.22
13.831,0.26,-0.22,-10.22,10.22
13.841,0.26,-0.22,-10.22,10.22
13.851,0.26,-0.22,-10.22,10.22
13.861,0.26,-0.22,-10.22,10.22
13.871,0.26,-0.22,-10.22,10.22
13.881,0.26,-0.22,-10.22,10.22
13.891,0.26,-0.22,-10.22,10.22
13.901,0.26,-0.22,-10.22,10.22
13.911,0.26,-0.22,-10.22,10.22
13.921,0.26,-0.22,-10.22,10.22
13.931,0.26,-0.22,-10.22,10.22
13.941,0.26,-0.22,-10.22,10.22
13.951,0.26,-0.22,-10.22,10.22
13.961,0.26,-0.22,-10.22,10.22
13.971,0.26,-0.22,-10.22,10.22
13.981,0.26,-0.22,-10.22,10.22
13.991,0.26,-0.22,-10.22,10.22
14.001,0.26,-0.22,-10.22,10.22
14.011,0.26,-0.22,-10.22,10.22
14.021,0.26,-0.22,-10.22,10.22
14.031,0.26,-0.22,-10.22,10.22
14.041,0.26,-0.22,-10.22,10.22
14.051,0.26,-0.22,-10.22,10.22
14.061,0.26,-0.22,-10.22,10.22
14.071,0.26,-0.22,-10.22,10.22
14.081,0.26,-0.22,-10.22,10.22
14.091,0.26,-0.22,-10.22,10.22
14.101,0.26,-0.22,-10.22,10.22
14.111,0.26,-0.22,-10.22,10.22
14.121,0.26,-0.22,-10.22,10.22
14.131,0.26,-0.22,-10.22,10.22
14.141,0.26,-0.22,-10.22,10.22
14.151,0.26,-0.22,-10.22,10.22
14.161,0.26,-0.22,-10.22,10.22
14.171,0.26,-0.22,-10.22,10.22
14.181,0.26,-0.22,-10.22,10.22
14.191,0.26,-0.22,-10.22,10.22
14.201,0.26,-0.22,-10.22,10.22
14.211,0.26,-0.22,-10.22,10.22
14.221,0.26,-0.22,-10.22,10.22
14.231,0.26,-0.22,-10.22,10.22
14.241,0.26,-0.22,-10.22,10.22
14.251,0.26,-0.22,-10.22,10.22
14.261,0.26,-0.22,-10.22,10.22
14.271,0.26,-0.22,-10.22,10.22
14.281,0.26,-0.22,-10.22,10.22
14.291,0.26,-0.22,-10.22,10.22
14.301,0.26,-0.22,-10.22,10.22
14.311,0.26,-0.22,-10.22,10.22
14.321,0.26,-0.22,-10.22,10.22
14.331,0.26,-0.22,-10.22,10.22
14.341,0.26,-0.22,-10.22,10.22
14.351,0.26,-0.22,-10.22,10.22
14.361,0.26,-0.22,-10.22,10.22
14.371,0.26,-0.22,-10.22,10.22
14.381,0.26,-0.22,-10.22,10.22
14.391,0.26,-0.22,-10.22,10.22
14.401,0.26,-0.22,-10.22,10.22
14.411,0.26,-0.22,-10.22,10.22
14.421,0.26,-0.22,-10.22,10.22
14.431,0.26,-0.22,-10.22,10.22
14.441,0.26,-0.22,-10.22,10.22
14.451,0.26,-0.22,-10.22,10.22
14.461,0.26,-0.22,-10.22,10.22
14.471,0.26,-0.22,-10.22,10.22
14.481,0.26,-0.22,-10.22,10.22
14.491,0.26,-0.22,-10.22,10.22
14.501,0.26,-0.22,-10.22,10.22
14.511,0.26,-0.22,-10.22,10.22
14.521,0.26,-0.22,-10.22,10.22
14.531,0.26,-0.22,-10.22,10.22
14.541,0.26,-0.22,-10.22,10.22
14.551,0.26,-0.22,-10.22,10.22
14.561,0.26,-0.22,-10.22,10.22
14.571,0.26,-0.22,-10.22,10.22
14.581,0.26,-0.22,-10.22,10.22
14.591,0.26,-0.22,-10.22,10.22
14.601,0.26,-0.22,-10.22,10.22
14.611,0.26,-0.22,-10.22,10.22
14.621,0.26,-0.22,-10.22,10.22
14.631,0.26,-0.22,-10.22,10.22
14.641,0.26,-0.22,-10.22,10.22
14.651,0.26,-0.22,-10.22,10.22
14.661,0.26,-0.22,-10.22,10.22
14.671,0.26,-0.22,-10.22,10.22
14.681,0.26,-0.22,-10.22,10.22
14.691,0.26,-0.22,-10.22,10.22
14.701,0.26,-0.22,-10.22,10.22
14.711,0.26,-0.22,-10.22,10.22
14.721,0.26,-0.22,-10.22,10.22
14.731,0.26,-0.22,-10.22,10.22
14.741,0.26,-0.22,-10.22,10.22
14.751,0.26,-0.22,-10.22,10.22
14.761,0.26,-0.22,-10.22,10.22
14.771,0.26,-0.22,-10.22,10.22
14.781,0.26,-0.22,-10.22,10.22
14.791,0.26,-0.22,-10.22,10.22
14.801,0.26,-0.22,-10.22,10.22
14.811,0.26,-0.22,-10.22,10.22
14.821,0.26,-0.22,-10.22,10.22
14.831,0.26,-0.22,-10.22,10.22
14.841,0.26,-0.22,-10.22,10.22
14.851,0.26,-0.22,-10.22,10.22
14.861,0.26,-0.22,-10.22,10.22
14.871,0.26,-0.22,-10.22,10.22
14.881,0.26,-0.22,-10.22,10.22
