t,fx,fy,fz,fmag
-26.164,0.08,-0.02,4.91,4.91
-26.164,0.08,-0.02,4.91,4.91
-26.160,0.08,-0.02,4.91,4.92
-26.150,0.08,-0.02,4.92,4.92
-26.140,0.08,-0.02,4.92,4.92
-26.130,0.08,-0.02,4.92,4.92
-26.120,0.08,-0.02,4.92,4.92
-26.110,0.08,-0.02,4.92,4.92
-26.100,0.08,-0.02,4.92,4.92
-26.090,0.08,-0.02,4.92,4.92
-26.080,0.08,-0.02,4.92,4.92
-26.070,0.08,-0.02,4.92,4.92
-26.060,0.08,-0.02,4.93,4.93
-26.050,0.08,-0.02,4.93,4.93
-26.040,0.08,-0.02,4.93,4.93
-26.030,0.08,-0.02,4.92,4.92
-26.020,0.08,-0.02,4.92,4.92
-26.010,0.08,-0.02,4.91,4.91
-26.000,0.08,-0.02,4.91,4.91
-25.990,0.08,-0.02,4.91,4.91
-25.980,0.08,-0.02,4.91,4.91
-25.970,0.08,-0.02,4.92,4.92
-25.960,0.08,-0.02,4.92,4.92
-25.950,0.08,-0.02,4.92,4.92
-25.940,0.08,-0.02,4.92,4.92
-25.930,0.08,-0.02,4.92,4.92
-25.920,0.08,-0.02,4.92,4.92
-25.910,0.08,-0.02,4.91,4.92
-25.900,0.08,-0.02,4.91,4.92
-25.890,0.08,-0.02,4.92,4.92
-25.880,0.08,-0.02,4.92,4.92
-25.870,0.08,-0.02,4.92,4.92
-25.860,0.08,-0.02,4.92,4.92
-25.850,0.08,-0.02,4.92,4.92
-25.840,0.08,-0.02,4.92,4.92
-25.830,0.08,-0.02,4.92,4.92
-25.820,0.08,-0.02,4.91,4.91
-25.810,0.08,-0.02,4.91,4.91
-25.800,0.08,-0.02,4.91,4.92
-25.790,0.08,-0.02,4.92,4.92
-25.780,0.08,-0.02,4.92,4.92
-25.770,0.08,-0.02,4.93,4.93
-25.760,0.08,-0.02,4.92,4.93
-25.750,0.08,-0.02,4.92,4.92
-25.740,0.08,-0.02,4.92,4.92
-25.730,0.08,-0.02,4.92,4.92
-25.720,0.08,-0.02,4.92,4.92
-25.710,0.08,-0.02,4.92,4.92
-25.700,0.08,-0.02,4.93,4.93
-25.690,0.08,-0.02,4.92,4.92
-25.680,0.08,-0.02,4.92,4.92
-25.670,0.08,-0.02,4.91,4.92
-25.660,0.08,-0.02,4.91,4.91
-25.650,0.08,-0.02,4.91,4.91
-25.640,0.08,-0.02,4.91,4.91
-25.630,0.08,-0.02,4.91,4.92
-25.620,0.08,-0.02,4.92,4.92
-25.610,0.08,-0.02,4.92,4.92
-25.600,0.08,-0.02,4.92,4.92
-25.590,0.08,-0.02,4.92,4.92
-25.580,0.08,-0.02,4.92,4.92
-25.570,0.08,-0.02,4.92,4.92
-25.560,0.08,-0.02,4.92,4.92
-25.550,0.08,-0.02,4.92,4.92
-25.540,0.08,-0.02,4.92,4.92
-25.530,0.08,-0.02,4.92,4.93
-25.520,0.08,-0.02,4.93,4.93
-25.510,0.08,-0.02,4.93,4.93
-25.500,0.08,-0.02,4.92,4.93
-25.490,0.08,-0.02,4.92,4.92
-25.480,0.08,-0.02,4.93,4.93
-25.470,0.08,-0.02,4.93,4.93
-25.460,0.08,-0.02,4.93,4.93
-25.450,0.08,-0.02,4.93,4.93
-25.440,0.08,-0.02,4.92,4.92
-25.430,0.08,-0.02,4.92,4.92
-25.420,0.08,-0.02,4.92,4.92
-25.410,0.08,-0.02,4.92,4.92
-25.400,0.08,-0.02,4.92,4.92
-25.390,0.08,-0.02,4.92,4.92
-25.380,0.08,-0.02,4.92,4.92
-25.370,0.08,-0.02,4.92,4.92
-25.360,0.08,-0.02,4.92,4.92
-25.350,0.08,-0.02,4.91,4.91
-25.340,0.08,-0.02,4.91,4.91
-25.330,0.08,-0.02,4.91,4.91
-25.320,0.08,-0.02,4.91,4.91
-25.310,0.08,-0.02,4.91,4.91
-25.300,0.08,-0.02,4.92,4.92
-25.290,0.08,-0.02,4.92,4.92
-25.280,0.08,-0.02,4.92,4.92
-25.270,0.08,-0.02,4.92,4.92
-25.260,0.08,-0.02,4.91,4.92
-25.250,0.08,-0.02,4.92,4.92
-25.240,0.08,-0.02,4.92,4.92
-25.230,0.08,-0.02,4.92,4.92
-25.220,0.08,-0.02,4.92,4.92
-25.210,0.08,-0.02,4.92,4.92
-25.200,0.08,-0.02,4.92,4.92
-25.190,0.08,-0.02,4.92,4.92
-25.180,0.08,-0.02,4.92,4.92
-25.170,0.08,-0.02,4.92,4.92
-25.160,0.08,-0.02,4.91,4.92
-25.150,0.08,-0.02,4.91,4.91
-25.140,0.08,-0.02,4.91,4.91
-25.130,0.08,-0.02,4.91,4.91
-25.120,0.08,-0.02,4.91,4.91
-25.110,0.08,-0.02,4.91,4.91
-25.100,0.08,-0.02,4.91,4.92
-25.090,0.08,-0.02,4.92,4.92
-25.080,0.08,-0.02,4.92,4.92
-25.070,0.08,-0.02,4.92,4.92
-25.060,0.08,-0.02,4.92,4.92
-25.050,0.08,-0.02,4.92,4.92
-25.040,0.08,-0.02,4.92,4.92
-25.030,0.08,-0.02,4.92,4.92
-25.020,0.08,-0.02,4.92,4.92
-25.010,0.08,-0.02,4.92,4.92
-25.000,0.08,-0.02,4.92,4.92
-24.990,0.08,-0.02,4.92,4.92
-24.980,0.08,-0.02,4.92,4.92
-24.970,0.08,-0.02,4.92,4.92
-24.960,0.08,-0.02,4.92,4.92
-24.950,0.08,-0.02,4.92,4.92
-24.940,0.08,-0.02,4.92,4.92
-24.930,0.08,-0.02,4.92,4.92
-24.920,0.08,-0.02,4.92,4.92
-24.910,0.08,-0.02,4.92,4.93
-24.900,0.08,-0.02,4.92,4.93
-24.890,0.08,-0.02,4.92,4.92
-24.880,0.08,-0.02,4.92,4.92
-24.870,0.08,-0.02,4.92,4.92
-24.860,0.08,-0.02,4.92,4.92
-24.850,0.08,-0.02,4.92,4.92
-24.840,0.08,-0.02,4.93,4.93
-24.830,0.08,-0.02,4.93,4.93
-24.820,0.08,-0.02,4.93,4.93
-24.810,0.08,-0.02,4.92,4.92
-24.800,0.08,-0.02,4.92,4.92
-24.790,0.08,-0.02,4.92,4.92
-24.780,0.08,-0.02,4.92,4.92
-24.770,0.08,-0.02,4.92,4.92
-24.760,0.08,-0.02,4.92,4.92
-24.750,0.08,-0.02,4.92,4.92
-24.740,0.08,-0.02,4.92,4.92
-24.730,0.08,-0.02,4.92,4.92
-24.720,0.08,-0.02,4.92,4.92
-24.710,0.08,-0.02,4.92,4.92
-24.700,0.08,-0.02,4.92,4.93
-24.690,0.08,-0.02,4.93,4.93
-24.680,0.08,-0.02,4.93,4.93
-24.670,0.08,-0.02,4.93,4.93
-24.660,0.08,-0.02,4.92,4.92
-24.650,0.08,-0.02,4.92,4.92
-24.640,0.08,-0.02,4.92,4.92
-24.630,0.08,-0.02,4.92,4.92
-24.620,0.08,-0.02,4.93,4.93
-24.610,0.08,-0.02,4.93,4.93
-24.600,0.08,-0.02,4.93,4.93
-24.590,0.08,-0.02,4.93,4.93
-24.580,0.08,-0.02,4.92,4.92
-24.570,0.08,-0.02,4.92,4.92
-24.560,0.08,-0.02,4.91,4.91
-24.550,0.08,-0.02,4.92,4.92
-24.540,0.08,-0.02,4.92,4.93
-24.530,0.08,-0.02,4.93,4.93
-24.520,0.08,-0.02,4.93,4.93
-24.510,0.08,-0.02,4.92,4.92
-24.500,0.08,-0.02,4.92,4.92
-24.490,0.08,-0.02,4.92,4.92
-24.480,0.08,-0.02,4.91,4.92
-24.470,0.08,-0.02,4.92,4.92
-24.460,0.08,-0.02,4.92,4.92
-24.450,0.08,-0.02,4.92,4.92
-24.440,0.08,-0.02,4.93,4.93
-24.430,0.08,-0.02,4.93,4.93
-24.420,0.08,-0.02,4.92,4.92
-24.410,0.08,-0.02,4.92,4.92
-24.400,0.08,-0.02,4.92,4.92
-24.390,0.08,-0.02,4.91,4.92
-24.380,0.08,-0.02,4.91,4.91
-24.370,0.08,-0.02,4.91,4.92
-24.360,0.08,-0.02,4.92,4.92
-24.350,0.08,-0.02,4.92,4.92
-24.340,0.08,-0.02,4.92,4.92
-24.330,0.08,-0.02,4.92,4.92
-24.320,0.08,-0.02,4.92,4.92
-24.310,0.08,-0.02,4.92,4.92
-24.300,0.08,-0.02,4.92,4.92
-24.290,0.08,-0.02,4.92,4.92
-24.280,0.08,-0.02,4.91,4.92
-24.270,0.08,-0.02,4.92,4.92
-24.260,0.08,-0.02,4.92,4.92
-24.250,0.08,-0.02,4.92,4.92
-24.240,0.08,-0.02,4.93,4.93
-24.230,0.08,-0.02,4.93,4.93
-24.220,0.08,-0.02,4.93,4.93
-24.210,0.08,-0.02,4.93,4.93
-24.200,0.08,-0.02,4.93,4.93
-24.190,0.08,-0.02,4.92,4.93
-24.180,0.08,-0.02,4.93,4.93
-24.170,0.08,-0.02,4.93,4.93
-24.160,0.08,-0.02,4.93,4.93
-24.150,0.08,-0.02,4.93,4.93
-24.140,0.08,-0.02,4.92,4.92
-24.130,0.08,-0.02,4.92,4.92
-24.120,0.08,-0.02,4.92,4.92
-24.110,0.08,-0.02,4.91,4.91
-24.100,0.08,-0.02,4.92,4.92
-24.090,0.08,-0.02,4.92,4.92
-24.080,0.08,-0.02,4.92,4.92
-24.070,0.08,-0.02,4.93,4.93
-24.060,0.08,-0.02,4.93,4.93
-24.050,0.08,-0.02,4.93,4.93
-24.040,0.08,-0.02,4.92,4.93
-24.030,0.08,-0.02,4.92,4.92
-24.020,0.08,-0.02,4.92,4.92
-24.010,0.08,-0.02,4.92,4.92
-24.000,0.08,-0.02,4.92,4.92
-23.990,0.08,-0.02,4.92,4.92
-23.980,0.08,-0.02,4.93,4.93
-23.970,0.08,-0.02,4.92,4.92
-23.960,0.08,-0.02,4.91,4.92
-23.950,0.08,-0.02,4.91,4.91
-23.940,0.08,-0.02,4.91,4.91
-23.930,0.08,-0.02,4.91,4.91
-23.920,0.08,-0.02,4.92,4.92
-23.910,0.08,-0.02,4.93,4.93
-23.900,0.08,-0.02,4.94,4.94
-23.890,0.08,-0.02,4.94,4.94
-23.880,0.08,-0.02,4.94,4.94
-23.870,0.08,-0.02,4.93,4.93
-23.860,0.08,-0.02,4.92,4.92
-23.850,0.08,-0.02,4.91,4.91
-23.840,0.08,-0.02,4.91,4.91
-23.830,0.08,-0.02,4.92,4.92
-23.820,0.08,-0.02,4.92,4.93
-23.810,0.08,-0.02,4.93,4.93
-23.800,0.08,-0.02,4.93,4.93
-23.790,0.08,-0.02,4.92,4.92
-23.780,0.08,-0.02,4.91,4.91
-23.770,0.08,-0.02,4.91,4.91
-23.760,0.08,-0.02,4.91,4.91
-23.750,0.08,-0.02,4.92,4.92
-23.740,0.08,-0.02,4.93,4.93
-23.730,0.08,-0.02,4.94,4.94
-23.720,0.08,-0.02,4.94,4.94
-23.710,0.08,-0.02,4.94,4.94
-23.700,0.08,-0.02,4.93,4.93
-23.690,0.08,-0.02,4.92,4.92
-23.680,0.08,-0.02,4.92,4.92
-23.670,0.08,-0.02,4.92,4.92
-23.660,0.08,-0.02,4.92,4.92
-23.650,0.08,-0.02,4.93,4.93
-23.640,0.08,-0.02,4.92,4.93
-23.630,0.08,-0.02,4.92,4.92
-23.620,0.08,-0.02,4.92,4.92
-23.610,0.08,-0.02,4.92,4.92
-23.600,0.08,-0.02,4.92,4.92
-23.590,0.08,-0.02,4.93,4.93
-23.580,0.08,-0.02,4.94,4.94
-23.570,0.08,-0.02,4.94,4.94
-23.560,0.08,-0.02,4.94,4.94
-23.550,0.08,-0.02,4.94,4.94
-23.540,0.08,-0.02,4.92,4.93
-23.530,0.08,-0.02,4.91,4.91
-23.520,0.08,-0.02,4.91,4.91
-23.510,0.08,-0.02,4.91,4.91
-23.500,0.08,-0.02,4.91,4.91
-23.490,0.08,-0.02,4.91,4.91
-23.480,0.08,-0.02,4.92,4.92
-23.470,0.08,-0.02,4.91,4.92
-23.460,0.08,-0.02,4.91,4.91
-23.450,0.08,-0.02,4.91,4.91
-23.440,0.08,-0.02,4.91,4.91
-23.430,0.08,-0.02,4.91,4.91
-23.420,0.08,-0.02,4.92,4.92
-23.410,0.08,-0.02,4.93,4.93
-23.400,0.08,-0.02,4.93,4.93
-23.390,0.08,-0.02,4.93,4.93
-23.380,0.08,-0.02,4.92,4.92
-23.370,0.08,-0.02,4.91,4.91
-23.360,0.08,-0.02,4.90,4.90
-23.350,0.08,-0.02,4.90,4.90
-23.340,0.08,-0.02,4.90,4.90
-23.330,0.08,-0.02,4.91,4.91
-23.320,0.08,-0.02,4.92,4.92
-23.310,0.08,-0.02,4.93,4.93
-23.300,0.08,-0.02,4.94,4.94
-23.290,0.08,-0.02,4.93,4.93
-23.280,0.08,-0.02,4.92,4.92
-23.270,0.08,-0.02,4.91,4.91
-23.260,0.08,-0.02,4.91,4.91
-23.250,0.08,-0.02,4.91,4.91
-23.240,0.08,-0.02,4.92,4.92
-23.230,0.08,-0.02,4.93,4.93
-23.220,0.08,-0.02,4.93,4.93
-23.210,0.08,-0.02,4.92,4.92
-23.200,0.08,-0.02,4.92,4.92
-23.190,0.08,-0.02,4.92,4.92
-23.180,0.08,-0.02,4.92,4.92
-23.170,0.08,-0.02,4.93,4.93
-23.160,0.08,-0.02,4.93,4.93
-23.150,0.08,-0.02,4.93,4.93
-23.140,0.08,-0.02,4.93,4.93
-23.130,0.08,-0.02,4.92,4.93
-23.120,0.08,-0.02,4.92,4.92
-23.110,0.08,-0.02,4.92,4.93
-23.100,0.08,-0.02,4.92,4.92
-23.090,0.08,-0.02,4.92,4.92
-23.080,0.08,-0.02,4.92,4.92
-23.070,0.08,-0.02,4.92,4.92
-23.060,0.08,-0.02,4.92,4.92
-23.050,0.08,-0.02,4.92,4.92
-23.040,0.08,-0.02,4.92,4.92
-23.030,0.08,-0.02,4.92,4.92
-23.020,0.08,-0.02,4.92,4.92
-23.010,0.08,-0.02,4.92,4.92
-23.000,0.08,-0.02,4.92,4.92
-22.990,0.08,-0.02,4.93,4.93
-22.980,0.08,-0.02,4.93,4.93
-22.970,0.08,-0.02,4.93,4.93
-22.960,0.08,-0.02,4.92,4.92
-22.950,0.08,-0.02,4.92,4.92
-22.940,0.08,-0.02,4.91,4.91
-22.930,0.08,-0.02,4.91,4.91
-22.920,0.08,-0.02,4.92,4.92
-22.910,0.08,-0.02,4.92,4.93
-22.900,0.08,-0.02,4.92,4.92
-22.890,0.08,-0.02,4.92,4.92
-22.880,0.08,-0.02,4.93,4.93
-22.870,0.08,-0.02,4.93,4.93
-22.860,0.08,-0.02,4.92,4.93
-22.850,0.08,-0.02,4.93,4.93
-22.840,0.08,-0.02,4.93,4.93
-22.830,0.08,-0.02,4.93,4.93
-22.820,0.08,-0.02,4.93,4.93
-22.810,0.08,-0.02,4.92,4.92
-22.800,0.08,-0.02,4.92,4.92
-22.790,0.08,-0.02,4.91,4.91
-22.780,0.08,-0.02,4.91,4.91
-22.770,0.08,-0.02,4.91,4.91
-22.760,0.08,-0.02,4.92,4.92
-22.750,0.08,-0.02,4.93,4.93
-22.740,0.08,-0.02,4.93,4.93
-22.730,0.08,-0.02,4.92,4.92
-22.720,0.08,-0.02,4.92,4.92
-22.710,0.08,-0.02,4.92,4.92
-22.700,0.08,-0.02,4.92,4.92
-22.690,0.08,-0.02,4.93,4.93
-22.680,0.08,-0.02,4.93,4.93
-22.670,0.08,-0.02,4.93,4.93
-22.660,0.08,-0.02,4.93,4.93
-22.650,0.08,-0.02,4.93,4.93
-22.640,0.08,-0.02,4.92,4.92
-22.630,0.08,-0.02,4.92,4.92
-22.620,0.08,-0.02,4.91,4.91
-22.610,0.08,-0.02,4.92,4.92
-22.600,0.08,-0.02,4.92,4.92
-22.590,0.08,-0.02,4.93,4.93
-22.580,0.08,-0.02,4.93,4.93
-22.570,0.08,-0.02,4.93,4.93
-22.560,0.08,-0.02,4.93,4.94
-22.550,0.08,-0.02,4.93,4.93
-22.540,0.08,-0.02,4.92,4.92
-22.530,0.08,-0.02,4.92,4.92
-22.520,0.08,-0.02,4.92,4.93
-22.510,0.08,-0.02,4.93,4.93
-22.500,0.08,-0.02,4.93,4.93
-22.490,0.08,-0.02,4.93,4.93
-22.480,0.08,-0.02,4.92,4.92
-22.470,0.08,-0.02,4.92,4.92
-22.460,0.08,-0.02,4.92,4.92
-22.450,0.08,-0.02,4.92,4.92
-22.440,0.08,-0.02,4.92,4.92
-22.430,0.08,-0.02,4.92,4.92
-22.420,0.08,-0.02,4.92,4.93
-22.410,0.08,-0.02,4.92,4.92
-22.400,0.08,-0.02,4.92,4.92
-22.390,0.08,-0.02,4.92,4.92
-22.380,0.08,-0.02,4.92,4.92
-22.370,0.08,-0.02,4.92,4.92
-22.360,0.08,-0.02,4.92,4.92
-22.350,0.08,-0.02,4.92,4.92
-22.340,0.08,-0.02,4.92,4.92
-22.330,0.08,-0.02,4.92,4.92
-22.320,0.08,-0.02,4.92,4.92
-22.310,0.08,-0.02,4.92,4.92
-22.300,0.08,-0.02,4.92,4.92
-22.290,0.08,-0.02,4.92,4.92
-22.280,0.08,-0.02,4.92,4.92
-22.270,0.08,-0.02,4.91,4.91
-22.260,0.08,-0.02,4.91,4.91
-22.250,0.08,-0.02,4.92,4.92
-22.240,0.08,-0.02,4.93,4.93
-22.230,0.08,-0.02,4.93,4.93
-22.220,0.08,-0.02,4.93,4.93
-22.210,0.08,-0.02,4.93,4.93
-22.200,0.08,-0.02,4.93,4.93
-22.190,0.08,-0.02,4.92,4.92
-22.180,0.08,-0.02,4.92,4.92
-22.170,0.08,-0.02,4.92,4.92
-22.160,0.08,-0.02,4.92,4.92
-22.150,0.08,-0.02,4.92,4.92
-22.140,0.08,-0.02,4.92,4.92
-22.130,0.08,-0.02,4.92,4.92
-22.120,0.08,-0.02,4.92,4.92
-22.110,0.08,-0.02,4.91,4.91
-22.100,0.08,-0.02,4.92,4.92
-22.090,0.08,-0.02,4.92,4.92
-22.080,0.08,-0.02,4.92,4.92
-22.070,0.08,-0.02,4.92,4.92
-22.060,0.08,-0.02,4.92,4.92
-22.050,0.08,-0.02,4.93,4.93
-22.040,0.08,-0.02,4.93,4.93
-22.030,0.08,-0.02,4.92,4.92
-22.020,0.08,-0.02,4.92,4.92
-22.010,0.08,-0.02,4.91,4.92
-22.000,0.08,-0.02,4.92,4.92
-21.990,0.08,-0.02,4.91,4.91
-21.980,0.08,-0.02,4.91,4.91
-21.970,0.08,-0.02,4.91,4.91
-21.960,0.08,-0.02,4.92,4.92
-21.950,0.08,-0.02,4.92,4.92
-21.940,0.08,-0.02,4.92,4.92
-21.930,0.08,-0.02,4.92,4.92
-21.920,0.08,-0.02,4.92,4.92
-21.910,0.08,-0.02,4.92,4.92
-21.900,0.08,-0.02,4.92,4.92
-21.890,0.08,-0.02,4.92,4.92
-21.880,0.08,-0.02,4.93,4.93
-21.870,0.08,-0.02,4.93,4.93
-21.860,0.08,-0.02,4.93,4.93
-21.850,0.08,-0.02,4.92,4.92
-21.840,0.08,-0.02,4.92,4.92
-21.830,0.08,-0.02,4.92,4.92
-21.820,0.08,-0.02,4.92,4.92
-21.810,0.08,-0.02,4.92,4.92
-21.800,0.08,-0.02,4.92,4.92
-21.790,0.08,-0.02,4.92,4.92
-21.780,0.08,-0.02,4.92,4.92
-21.770,0.08,-0.02,4.92,4.92
-21.760,0.08,-0.02,4.92,4.92
-21.750,0.08,-0.02,4.92,4.92
-21.740,0.08,-0.02,4.92,4.92
-21.730,0.08,-0.02,4.93,4.93
-21.720,0.08,-0.02,4.93,4.93
-21.710,0.08,-0.02,4.93,4.93
-21.700,0.08,-0.02,4.92,4.92
-21.690,0.08,-0.02,4.92,4.92
-21.680,0.08,-0.02,4.92,4.92
-21.670,0.08,-0.02,4.92,4.92
-21.660,0.08,-0.02,4.92,4.92
-21.650,0.08,-0.02,4.92,4.92
-21.640,0.08,-0.02,4.92,4.92
-21.630,0.08,-0.02,4.93,4.93
-21.620,0.08,-0.02,4.93,4.93
-21.610,0.08,-0.02,4.92,4.93
-21.600,0.08,-0.02,4.92,4.92
-21.590,0.08,-0.02,4.93,4.93
-21.580,0.08,-0.02,4.92,4.92
-21.570,0.08,-0.02,4.92,4.92
-21.560,0.08,-0.02,4.92,4.92
-21.550,0.08,-0.02,4.92,4.92
-21.540,0.08,-0.02,4.92,4.92
-21.530,0.08,-0.02,4.92,4.92
-21.520,0.08,-0.02,4.92,4.92
-21.510,0.08,-0.02,4.92,4.93
-21.500,0.08,-0.02,4.93,4.93
-21.490,0.08,-0.02,4.93,4.93
-21.480,0.08,-0.02,4.93,4.93
-21.470,0.08,-0.02,4.92,4.93
-21.460,0.08,-0.02,4.92,4.92
-21.450,0.08,-0.02,4.92,4.92
-21.440,0.08,-0.02,4.92,4.92
-21.430,0.08,-0.02,4.92,4.92
-21.420,0.08,-0.02,4.92,4.92
-21.410,0.08,-0.02,4.92,4.92
-21.400,0.08,-0.02,4.92,4.92
-21.390,0.08,-0.02,4.92,4.92
-21.380,0.08,-0.02,4.92,4.92
-21.370,0.08,-0.02,4.93,4.93
-21.360,0.08,-0.02,4.93,4.93
-21.350,0.08,-0.02,4.92,4.93
-21.340,0.08,-0.02,4.92,4.92
-21.330,0.08,-0.02,4.92,4.92
-21.320,0.08,-0.02,4.92,4.92
-21.310,0.08,-0.02,4.92,4.92
-21.300,0.08,-0.02,4.92,4.92
-21.290,0.08,-0.02,4.92,4.92
-21.280,0.08,-0.02,4.91,4.92
-21.270,0.08,-0.02,4.91,4.91
-21.260,0.08,-0.02,4.91,4.91
-21.250,0.08,-0.02,4.91,4.91
-21.240,0.08,-0.02,4.91,4.91
-21.230,0.08,-0.02,4.92,4.92
-21.220,0.08,-0.02,4.92,4.92
-21.210,0.08,-0.02,4.92,4.92
-21.200,0.08,-0.02,4.92,4.92
-21.190,0.08,-0.02,4.92,4.92
-21.180,0.08,-0.02,4.92,4.92
-21.170,0.08,-0.02,4.92,4.92
-21.160,0.08,-0.02,4.92,4.92
-21.150,0.08,-0.02,4.92,4.92
-21.140,0.08,-0.02,4.91,4.92
-21.130,0.08,-0.02,4.91,4.91
-21.120,0.08,-0.02,4.91,4.91
-21.110,0.08,-0.02,4.91,4.91
-21.100,0.08,-0.02,4.91,4.91
-21.090,0.08,-0.02,4.91,4.92
-21.080,0.08,-0.02,4.92,4.92
-21.070,0.08,-0.02,4.92,4.92
-21.060,0.08,-0.02,4.93,4.93
-21.050,0.08,-0.02,4.92,4.93
-21.040,0.08,-0.02,4.92,4.92
-21.027,0.08,-0.02,4.92,4.92
-21.020,0.08,-0.02,4.92,4.92
-21.010,0.08,-0.02,4.92,4.92
-21.000,0.08,-0.02,4.92,4.92
-20.987,0.08,-0.02,4.92,4.92
-20.980,0.08,-0.02,4.92,4.92
-20.970,0.08,-0.02,4.92,4.92
-20.956,0.08,-0.02,4.92,4.92
-20.950,0.08,-0.02,4.92,4.92
-20.940,0.08,-0.02,4.92,4.92
-20.930,0.08,-0.02,4.92,4.92
-20.920,0.08,-0.02,4.92,4.92
-20.910,0.08,-0.02,4.92,4.92
-20.900,0.08,-0.02,4.92,4.92
-20.890,0.08,-0.02,4.92,4.92
-20.880,0.08,-0.02,4.92,4.92
-20.870,0.08,-0.02,4.92,4.92
-20.860,0.08,-0.02,4.92,4.92
-20.850,0.08,-0.02,4.92,4.92
-20.840,0.08,-0.02,4.92,4.92
-20.830,0.08,-0.02,4.92,4.92
-20.820,0.08,-0.02,4.92,4.92
-20.810,0.08,-0.02,4.92,4.92
-20.800,0.08,-0.02,4.92,4.92
-20.790,0.08,-0.02,4.92,4.92
-20.780,0.08,-0.02,4.92,4.92
-20.770,0.08,-0.02,4.92,4.92
-20.760,0.08,-0.02,4.92,4.92
-20.750,0.08,-0.02,4.93,4.93
-20.740,0.08,-0.02,4.93,4.93
-20.730,0.08,-0.02,4.92,4.93
-20.720,0.08,-0.02,4.92,4.92
-20.710,0.08,-0.02,4.92,4.92
-20.700,0.08,-0.02,4.92,4.92
-20.690,0.08,-0.02,4.92,4.92
-20.680,0.08,-0.02,4.92,4.92
-20.670,0.08,-0.02,4.92,4.92
-20.660,0.08,-0.02,4.93,4.93
-20.650,0.08,-0.02,4.93,4.93
-20.640,0.08,-0.02,4.93,4.93
-20.630,0.08,-0.02,4.93,4.93
-20.620,0.08,-0.02,4.92,4.93
-20.610,0.08,-0.02,4.92,4.92
-20.600,0.08,-0.02,4.92,4.92
-20.590,0.08,-0.02,4.92,4.92
-20.580,0.08,-0.02,4.93,4.93
-20.570,0.08,-0.02,4.93,4.93
-20.560,0.08,-0.02,4.92,4.93
-20.550,0.08,-0.02,4.92,4.92
-20.540,0.08,-0.02,4.92,4.92
-20.530,0.08,-0.02,4.92,4.92
-20.520,0.08,-0.02,4.92,4.92
-20.510,0.08,-0.02,4.92,4.92
-20.500,0.08,-0.02,4.92,4.92
-20.490,0.08,-0.02,4.92,4.92
-20.480,0.08,-0.02,4.92,4.92
-20.470,0.08,-0.02,4.92,4.93
-20.460,0.08,-0.02,4.92,4.93
-20.450,0.08,-0.02,4.92,4.92
-20.440,0.08,-0.02,4.92,4.92
-20.430,0.08,-0.02,4.91,4.92
-20.420,0.08,-0.02,4.91,4.91
-20.410,0.08,-0.02,4.91,4.91
-20.400,0.08,-0.02,4.91,4.91
-20.390,0.08,-0.02,4.92,4.92
-20.380,0.08,-0.02,4.92,4.92
-20.370,0.08,-0.02,4.92,4.92
-20.360,0.08,-0.02,4.92,4.92
-20.350,0.08,-0.02,4.92,4.92
-20.340,0.08,-0.02,4.92,4.92
-20.330,0.08,-0.02,4.92,4.92
-20.320,0.08,-0.02,4.92,4.92
-20.310,0.08,-0.02,4.92,4.92
-20.300,0.08,-0.02,4.92,4.92
-20.290,0.08,-0.02,4.92,4.92
-20.280,0.08,-0.02,4.92,4.92
-20.270,0.08,-0.02,4.92,4.92
-20.260,0.08,-0.02,4.92,4.92
-20.250,0.08,-0.02,4.92,4.92
-20.239,0.08,-0.02,4.91,4.92
-20.230,0.08,-0.02,4.91,4.92
-20.220,0.08,-0.02,4.92,4.92
-20.210,0.08,-0.02,4.92,4.92
-20.200,0.08,-0.02,4.92,4.92
-20.190,0.08,-0.02,4.92,4.92
-20.180,0.08,-0.02,4.92,4.92
-20.170,0.08,-0.02,4.92,4.92
-20.160,0.08,-0.02,4.92,4.92
-20.150,0.08,-0.02,4.91,4.92
-20.140,0.08,-0.02,4.92,4.92
-20.130,0.08,-0.02,4.92,4.92
-20.120,0.08,-0.02,4.92,4.92
-20.110,0.08,-0.02,4.92,4.92
-20.100,0.08,-0.02,4.92,4.92
-20.090,0.08,-0.02,4.92,4.92
-20.080,0.08,-0.02,4.92,4.92
-20.070,0.08,-0.02,4.92,4.92
-20.060,0.08,-0.02,4.92,4.93
-20.050,0.08,-0.02,4.93,4.93
-20.040,0.08,-0.02,4.93,4.93
-20.030,0.08,-0.02,4.93,4.93
-20.020,0.08,-0.02,4.92,4.92
-20.010,0.08,-0.02,4.92,4.92
-20.000,0.08,-0.02,4.92,4.92
-19.990,0.08,-0.02,4.92,4.92
-19.980,0.08,-0.02,4.92,4.92
-19.970,0.08,-0.02,4.92,4.92
-19.960,0.08,-0.02,4.92,4.92
-19.950,0.08,-0.02,4.92,4.93
-19.940,0.08,-0.02,4.93,4.93
-19.930,0.08,-0.02,4.93,4.93
-19.920,0.08,-0.02,4.92,4.92
-19.910,0.08,-0.02,4.92,4.92
-19.900,0.08,-0.02,4.92,4.92
-19.890,0.08,-0.02,4.92,4.92
-19.880,0.08,-0.02,4.92,4.93
-19.870,0.08,-0.02,4.93,4.93
-19.860,0.08,-0.02,4.93,4.93
-19.850,0.08,-0.02,4.93,4.93
-19.840,0.08,-0.02,4.92,4.92
-19.830,0.08,-0.02,4.92,4.92
-19.820,0.08,-0.02,4.92,4.92
-19.810,0.08,-0.02,4.92,4.92
-19.800,0.08,-0.02,4.93,4.93
-19.790,0.08,-0.02,4.93,4.93
-19.780,0.08,-0.02,4.93,4.93
-19.770,0.08,-0.02,4.93,4.93
-19.760,0.08,-0.02,4.93,4.93
-19.750,0.08,-0.02,4.93,4.93
-19.740,0.08,-0.02,4.93,4.93
-19.730,0.08,-0.02,4.93,4.93
-19.720,0.08,-0.02,4.92,4.93
-19.710,0.08,-0.02,4.92,4.92
-19.700,0.08,-0.02,4.92,4.92
-19.690,0.08,-0.02,4.92,4.92
-19.680,0.08,-0.02,4.92,4.92
-19.670,0.08,-0.02,4.92,4.92
-19.660,0.08,-0.02,4.92,4.92
-19.650,0.08,-0.02,4.92,4.92
-19.640,0.08,-0.02,4.92,4.92
-19.630,0.08,-0.02,4.92,4.92
-19.620,0.08,-0.02,4.92,4.92
-19.610,0.08,-0.02,4.91,4.92
-19.600,0.08,-0.02,4.92,4.92
-19.590,0.08,-0.02,4.92,4.92
-19.580,0.08,-0.02,4.92,4.92
-19.570,0.08,-0.02,4.92,4.92
-19.560,0.08,-0.02,4.92,4.92
-19.550,0.08,-0.02,4.92,4.92
-19.540,0.08,-0.02,4.92,4.92
-19.530,0.08,-0.02,4.92,4.92
-19.520,0.08,-0.02,4.92,4.92
-19.510,0.08,-0.02,4.93,4.93
-19.500,0.08,-0.02,4.93,4.93
-19.490,0.08,-0.02,4.93,4.93
-19.480,0.08,-0.02,4.93,4.93
-19.470,0.08,-0.02,4.92,4.92
-19.460,0.08,-0.02,4.92,4.92
-19.450,0.08,-0.02,4.92,4.92
-19.440,0.08,-0.02,4.92,4.92
-19.430,0.08,-0.02,4.92,4.93
-19.420,0.08,-0.02,4.93,4.93
-19.410,0.08,-0.02,4.92,4.92
-19.400,0.08,-0.02,4.92,4.92
-19.390,0.08,-0.02,4.92,4.92
-19.380,0.08,-0.02,4.91,4.92
-19.370,0.08,-0.02,4.91,4.91
-19.360,0.08,-0.02,4.91,4.91
-19.350,0.08,-0.02,4.91,4.91
-19.340,0.08,-0.02,4.92,4.92
-19.330,0.08,-0.02,4.92,4.92
-19.320,0.08,-0.02,4.92,4.92
-19.310,0.08,-0.02,4.91,4.91
-19.300,0.08,-0.02,4.91,4.91
-19.290,0.08,-0.02,4.91,4.91
-19.280,0.08,-0.02,4.91,4.91
-19.270,0.08,-0.02,4.91,4.92
-19.260,0.08,-0.02,4.92,4.92
-19.250,0.08,-0.02,4.92,4.92
-19.240,0.08,-0.02,4.92,4.92
-19.230,0.08,-0.02,4.92,4.92
-19.220,0.08,-0.02,4.92,4.92
-19.210,0.08,-0.02,4.91,4.91
-19.200,0.08,-0.02,4.91,4.91
-19.190,0.08,-0.02,4.91,4.91
-19.180,0.08,-0.02,4.91,4.92
-19.170,0.08,-0.02,4.92,4.92
-19.160,0.08,-0.02,4.91,4.91
-19.150,0.08,-0.02,4.91,4.91
-19.140,0.08,-0.02,4.91,4.91
-19.130,0.08,-0.02,4.91,4.91
-19.120,0.08,-0.02,4.92,4.92
-19.110,0.08,-0.02,4.92,4.92
-19.100,0.08,-0.02,4.92,4.92
-19.090,0.08,-0.02,4.92,4.92
-19.080,0.08,-0.02,4.92,4.92
-19.070,0.08,-0.02,4.91,4.92
-19.060,0.08,-0.02,4.92,4.92
-19.050,0.08,-0.02,4.92,4.92
-19.040,0.08,-0.02,4.92,4.92
-19.030,0.08,-0.02,4.92,4.92
-19.020,0.08,-0.02,4.92,4.92
-19.010,0.08,-0.02,4.92,4.92
-19.000,0.08,-0.02,4.91,4.91
-18.990,0.08,-0.02,4.91,4.91
-18.980,0.08,-0.02,4.91,4.91
-18.970,0.08,-0.02,4.92,4.92
-18.960,0.08,-0.02,4.92,4.92
-18.950,0.08,-0.02,4.92,4.92
-18.940,0.08,-0.02,4.92,4.92
-18.930,0.08,-0.02,4.92,4.92
-18.920,0.08,-0.02,4.92,4.92
-18.910,0.08,-0.02,4.91,4.92
-18.900,0.08,-0.02,4.91,4.91
-18.890,0.08,-0.02,4.92,4.92
-18.880,0.08,-0.02,4.92,4.92
-18.870,0.08,-0.02,4.92,4.93
-18.860,0.08,-0.02,4.92,4.92
-18.850,0.08,-0.02,4.92,4.93
-18.840,0.08,-0.02,4.92,4.92
-18.830,0.08,-0.02,4.92,4.92
-18.820,0.08,-0.02,4.91,4.91
-18.810,0.08,-0.02,4.91,4.91
-18.800,0.08,-0.02,4.92,4.92
-18.790,0.08,-0.02,4.92,4.92
-18.780,0.08,-0.02,4.93,4.93
-18.770,0.08,-0.02,4.92,4.92
-18.760,0.08,-0.02,4.92,4.92
-18.750,0.08,-0.02,4.91,4.92
-18.740,0.08,-0.02,4.92,4.92
-18.730,0.08,-0.02,4.92,4.92
-18.720,0.08,-0.02,4.92,4.92
-18.710,0.08,-0.02,4.92,4.92
-18.700,0.08,-0.02,4.92,4.92
-18.690,0.08,-0.02,4.92,4.92
-18.680,0.08,-0.02,4.92,4.92
-18.670,0.08,-0.02,4.92,4.92
-18.660,0.08,-0.02,4.92,4.92
-18.650,0.08,-0.02,4.92,4.92
-18.640,0.08,-0.02,4.92,4.92
-18.630,0.08,-0.02,4.92,4.92
-18.620,0.08,-0.02,4.92,4.92
-18.610,0.08,-0.02,4.92,4.92
-18.600,0.08,-0.02,4.92,4.92
-18.590,0.08,-0.02,4.93,4.93
-18.580,0.08,-0.02,4.92,4.93
-18.570,0.08,-0.02,4.92,4.93
-18.560,0.08,-0.02,4.93,4.93
-18.550,0.08,-0.02,4.92,4.92
-18.540,0.08,-0.02,4.92,4.92
-18.530,0.08,-0.02,4.91,4.91
-18.520,0.08,-0.02,4.92,4.92
-18.510,0.08,-0.02,4.92,4.92
-18.500,0.08,-0.02,4.92,4.93
-18.490,0.08,-0.02,4.93,4.93
-18.480,0.08,-0.02,4.93,4.93
-18.470,0.08,-0.02,4.93,4.93
-18.460,0.08,-0.02,4.92,4.92
-18.450,0.08,-0.02,4.91,4.91
-18.440,0.08,-0.02,4.90,4.90
-18.430,0.08,-0.02,4.91,4.91
-18.420,0.08,-0.02,4.92,4.92
-18.410,0.08,-0.02,4.92,4.92
-18.400,0.08,-0.02,4.92,4.92
-18.390,0.08,-0.02,4.92,4.92
-18.380,0.08,-0.02,4.92,4.92
-18.370,0.08,-0.02,4.92,4.92
-18.360,0.08,-0.02,4.92,4.92
-18.350,0.08,-0.02,4.91,4.91
-18.340,0.08,-0.02,4.91,4.92
-18.330,0.08,-0.02,4.92,4.92
-18.320,0.08,-0.02,4.92,4.93
-18.310,0.08,-0.02,4.92,4.92
-18.300,0.08,-0.02,4.92,4.92
-18.290,0.08,-0.02,4.91,4.91
-18.280,0.08,-0.02,4.91,4.92
-18.270,0.08,-0.02,4.91,4.91
-18.260,0.08,-0.02,4.92,4.92
-18.250,0.08,-0.02,4.92,4.92
-18.240,0.08,-0.02,4.92,4.92
-18.230,0.08,-0.02,4.92,4.92
-18.220,0.08,-0.02,4.92,4.92
-18.210,0.08,-0.02,4.91,4.91
-18.200,0.08,-0.02,4.92,4.92
-18.190,0.08,-0.02,4.92,4.92
-18.180,0.08,-0.02,4.93,4.93
-18.170,0.08,-0.02,4.93,4.93
-18.160,0.08,-0.02,4.93,4.93
-18.150,0.08,-0.02,4.92,4.92
-18.140,0.08,-0.02,4.92,4.92
-18.130,0.08,-0.02,4.92,4.92
-18.120,0.08,-0.02,4.92,4.92
-18.110,0.08,-0.02,4.92,4.92
-18.100,0.08,-0.02,4.92,4.92
-18.090,0.08,-0.02,4.92,4.92
-18.080,0.08,-0.02,4.92,4.92
-18.070,0.08,-0.02,4.92,4.92
-18.060,0.08,-0.02,4.92,4.92
-18.050,0.08,-0.02,4.92,4.92
-18.040,0.08,-0.02,4.91,4.91
-18.030,0.08,-0.02,4.91,4.91
-18.020,0.08,-0.02,4.92,4.92
-18.010,0.08,-0.02,4.92,4.93
-18.000,0.08,-0.02,4.93,4.93
-17.990,0.08,-0.02,4.92,4.92
-17.980,0.08,-0.02,4.92,4.92
-17.970,0.08,-0.02,4.91,4.91
-17.960,0.08,-0.02,4.91,4.91
-17.950,0.08,-0.02,4.91,4.91
-17.940,0.08,-0.02,4.92,4.92
-17.930,0.08,-0.02,4.92,4.92
-17.920,0.08,-0.02,4.92,4.92
-17.910,0.08,-0.02,4.92,4.92
-17.900,0.08,-0.02,4.92,4.92
-17.890,0.08,-0.02,4.91,4.91
-17.880,0.08,-0.02,4.91,4.91
-17.870,0.08,-0.02,4.92,4.92
-17.860,0.08,-0.02,4.92,4.92
-17.850,0.08,-0.02,4.92,4.92
-17.840,0.08,-0.02,4.92,4.92
-17.830,0.08,-0.02,4.92,4.92
-17.820,0.08,-0.02,4.92,4.92
-17.810,0.08,-0.02,4.91,4.91
-17.800,0.08,-0.02,4.91,4.91
-17.790,0.08,-0.02,4.91,4.91
-17.780,0.08,-0.02,4.92,4.92
-17.770,0.08,-0.02,4.92,4.92
-17.760,0.08,-0.02,4.92,4.92
-17.750,0.08,-0.02,4.92,4.92
-17.740,0.08,-0.02,4.92,4.92
-17.730,0.08,-0.02,4.91,4.92
-17.720,0.08,-0.02,4.91,4.91
-17.710,0.08,-0.02,4.91,4.91
-17.700,0.08,-0.02,4.92,4.92
-17.690,0.08,-0.02,4.92,4.92
-17.680,0.08,-0.02,4.92,4.92
-17.670,0.08,-0.02,4.92,4.92
-17.660,0.08,-0.02,4.92,4.92
-17.650,0.08,-0.02,4.92,4.92
-17.640,0.08,-0.02,4.92,4.92
-17.630,0.08,-0.02,4.92,4.92
-17.620,0.08,-0.02,4.92,4.92
-17.610,0.08,-0.02,4.92,4.92
-17.600,0.08,-0.02,4.92,4.92
-17.590,0.08,-0.02,4.92,4.92
-17.580,0.08,-0.02,4.91,4.91
-17.570,0.08,-0.02,4.91,4.91
-17.560,0.08,-0.02,4.91,4.91
-17.550,0.08,-0.02,4.92,4.92
-17.540,0.08,-0.02,4.92,4.92
-17.530,0.08,-0.02,4.92,4.92
-17.520,0.08,-0.02,4.92,4.92
-17.510,0.08,-0.02,4.92,4.92
-17.500,0.08,-0.02,4.92,4.92
-17.490,0.08,-0.02,4.91,4.91
-17.480,0.08,-0.02,4.91,4.91
-17.470,0.08,-0.02,4.91,4.91
-17.460,0.08,-0.02,4.91,4.91
-17.450,0.08,-0.02,4.91,4.91
-17.440,0.08,-0.02,4.91,4.91
-17.430,0.08,-0.02,4.91,4.91
-17.420,0.08,-0.02,4.91,4.92
-17.410,0.08,-0.02,4.92,4.92
-17.400,0.08,-0.02,4.91,4.91
-17.390,0.08,-0.02,4.91,4.91
-17.380,0.08,-0.02,4.91,4.91
-17.370,0.08,-0.02,4.91,4.91
-17.360,0.08,-0.02,4.92,4.92
-17.350,0.08,-0.02,4.92,4.92
-17.340,0.08,-0.02,4.92,4.92
-17.330,0.08,-0.02,4.92,4.92
-17.320,0.08,-0.02,4.91,4.91
-17.310,0.08,-0.02,4.91,4.92
-17.300,0.08,-0.02,4.91,4.91
-17.290,0.08,-0.02,4.91,4.91
-17.280,0.08,-0.02,4.91,4.91
-17.270,0.08,-0.02,4.92,4.92
-17.258,0.08,-0.02,4.92,4.92
-17.250,0.08,-0.02,4.92,4.92
-17.240,0.08,-0.02,4.91,4.91
-17.230,0.08,-0.02,4.91,4.91
-17.220,0.08,-0.02,4.91,4.91
-17.210,0.08,-0.02,4.92,4.92
-17.198,0.08,-0.02,4.92,4.92
-17.190,0.08,-0.02,4.92,4.92
-17.178,0.08,-0.02,4.91,4.91
-17.170,0.08,-0.02,4.91,4.91
-17.160,0.08,-0.02,4.91,4.91
-17.150,0.08,-0.02,4.92,4.92
-17.140,0.08,-0.02,4.91,4.91
-17.130,0.08,-0.02,4.91,4.91
-17.120,0.08,-0.02,4.91,4.92
-17.110,0.08,-0.02,4.91,4.91
-17.100,0.08,-0.02,4.91,4.91
-17.090,0.08,-0.02,4.91,4.91
-17.080,0.08,-0.02,4.91,4.91
-17.070,0.08,-0.02,4.91,4.91
-17.060,0.08,-0.02,4.91,4.91
-17.050,0.08,-0.02,4.92,4.92
-17.040,0.08,-0.02,4.91,4.91
-17.030,0.08,-0.02,4.91,4.91
-17.020,0.08,-0.02,4.91,4.91
-17.010,0.08,-0.02,4.92,4.92
-17.000,0.08,-0.02,4.92,4.92
-16.990,0.08,-0.02,4.92,4.92
-16.980,0.08,-0.02,4.92,4.92
-16.970,0.08,-0.02,4.92,4.92
-16.960,0.08,-0.02,4.91,4.91
-16.950,0.08,-0.02,4.91,4.91
-16.940,0.08,-0.02,4.91,4.91
-16.930,0.08,-0.02,4.91,4.91
-16.920,0.08,-0.02,4.92,4.92
-16.910,0.08,-0.02,4.92,4.92
-16.900,0.08,-0.02,4.93,4.93
-16.890,0.08,-0.02,4.93,4.93
-16.880,0.08,-0.02,4.92,4.92
-16.870,0.08,-0.02,4.92,4.92
-16.860,0.08,-0.02,4.93,4.93
-16.850,0.08,-0.02,4.93,4.93
-16.840,0.08,-0.02,4.94,4.94
-16.830,0.08,-0.02,4.93,4.93
-16.820,0.08,-0.02,4.92,4.92
-16.810,0.08,-0.02,4.92,4.92
-16.800,0.08,-0.02,4.92,4.92
-16.790,0.08,-0.02,4.92,4.92
-16.780,0.08,-0.02,4.93,4.93
-16.770,0.08,-0.02,4.93,4.93
-16.760,0.08,-0.02,4.94,4.94
-16.750,0.08,-0.02,4.94,4.94
-16.740,0.08,-0.02,4.93,4.93
-16.730,0.08,-0.02,4.92,4.92
-16.720,0.08,-0.02,4.91,4.92
-16.710,0.08,-0.02,4.91,4.91
-16.700,0.08,-0.02,4.92,4.92
-16.690,0.08,-0.02,4.92,4.92
-16.680,0.08,-0.02,4.92,4.92
-16.670,0.08,-0.02,4.92,4.92
-16.660,0.08,-0.02,4.91,4.91
-16.650,0.08,-0.02,4.91,4.91
-16.640,0.08,-0.02,4.91,4.91
-16.630,0.08,-0.02,4.92,4.92
-16.620,0.08,-0.02,4.93,4.93
-16.610,0.08,-0.02,4.93,4.93
-16.600,0.08,-0.02,4.93,4.93
-16.590,0.08,-0.02,4.92,4.92
-16.580,0.08,-0.02,4.92,4.92
-16.570,0.08,-0.02,4.90,4.91
-16.560,0.08,-0.02,4.90,4.90
-16.550,0.08,-0.02,4.90,4.90
-16.540,0.08,-0.02,4.91,4.91
-16.530,0.08,-0.02,4.92,4.92
-16.520,0.08,-0.02,4.93,4.93
-16.510,0.08,-0.02,4.93,4.93
-16.500,0.08,-0.02,4.93,4.93
-16.490,0.08,-0.02,4.93,4.93
-16.480,0.08,-0.02,4.92,4.93
-16.470,0.08,-0.02,4.92,4.93
-16.460,0.08,-0.02,4.92,4.92
-16.450,0.08,-0.02,4.92,4.92
-16.440,0.08,-0.02,4.92,4.92
-16.430,0.08,-0.02,4.92,4.92
-16.420,0.08,-0.02,4.92,4.92
-16.410,0.08,-0.02,4.92,4.92
-16.400,0.08,-0.02,4.92,4.92
-16.390,0.08,-0.02,4.92,4.92
-16.380,0.08,-0.02,4.91,4.91
-16.370,0.08,-0.02,4.91,4.91
-16.360,0.08,-0.02,4.92,4.92
-16.350,0.08,-0.02,4.92,4.92
-16.340,0.08,-0.02,4.92,4.92
-16.330,0.08,-0.02,4.92,4.92
-16.320,0.08,-0.02,4.92,4.92
-16.310,0.08,-0.02,4.92,4.92
-16.300,0.08,-0.02,4.92,4.92
-16.290,0.08,-0.02,4.92,4.92
-16.280,0.08,-0.02,4.92,4.92
-16.270,0.08,-0.02,4.92,4.92
-16.260,0.08,-0.02,4.92,4.92
-16.250,0.08,-0.02,4.92,4.92
-16.240,0.08,-0.02,4.92,4.92
-16.230,0.08,-0.02,4.92,4.92
-16.220,0.08,-0.02,4.93,4.93
-16.210,0.08,-0.02,4.93,4.93
-16.200,0.08,-0.02,4.92,4.92
-16.190,0.08,-0.02,4.91,4.92
-16.180,0.08,-0.02,4.92,4.92
-16.170,0.08,-0.02,4.92,4.92
-16.160,0.08,-0.02,4.92,4.92
-16.150,0.08,-0.02,4.92,4.92
-16.140,0.08,-0.02,4.92,4.92
-16.130,0.08,-0.02,4.92,4.92
-16.120,0.08,-0.02,4.92,4.92
-16.110,0.08,-0.02,4.92,4.92
-16.100,0.08,-0.02,4.92,4.92
-16.090,0.08,-0.02,4.92,4.92
-16.080,0.08,-0.02,4.92,4.92
-16.070,0.08,-0.02,4.92,4.92
-16.060,0.08,-0.02,4.92,4.92
-16.050,0.08,-0.02,4.92,4.92
-16.040,0.08,-0.02,4.91,4.92
-16.030,0.08,-0.02,4.91,4.91
-16.020,0.08,-0.02,4.92,4.92
-16.010,0.08,-0.02,4.92,4.92
-16.000,0.08,-0.02,4.93,4.93
-15.990,0.08,-0.02,4.93,4.93
-15.980,0.08,-0.02,4.93,4.94
-15.970,0.08,-0.02,4.93,4.93
-15.960,0.08,-0.02,4.93,4.93
-15.950,0.08,-0.02,4.92,4.92
-15.940,0.08,-0.02,4.92,4.92
-15.930,0.08,-0.02,4.93,4.93
-15.920,0.08,-0.02,4.93,4.93
-15.910,0.08,-0.02,4.93,4.93
-15.900,0.08,-0.02,4.92,4.93
-15.884,0.08,-0.02,4.93,4.93
-15.880,0.08,-0.02,4.92,4.92
-15.869,0.08,-0.02,4.91,4.92
-15.860,0.08,-0.02,4.91,4.92
-15.850,0.08,-0.02,4.92,4.92
-15.840,0.08,-0.02,4.93,4.93
-15.830,0.08,-0.02,4.93,4.93
-15.820,0.08,-0.02,4.93,4.93
-15.810,0.08,-0.02,4.93,4.93
-15.800,0.08,-0.02,4.93,4.93
-15.790,0.08,-0.02,4.93,4.93
-15.780,0.08,-0.02,4.93,4.93
-15.770,0.08,-0.02,4.92,4.92
-15.760,0.08,-0.02,4.92,4.92
-15.750,0.08,-0.02,4.92,4.92
-15.740,0.08,-0.02,4.92,4.93
-15.730,0.08,-0.02,4.92,4.92
-15.720,0.08,-0.02,4.92,4.92
-15.710,0.08,-0.02,4.91,4.92
-15.700,0.08,-0.02,4.92,4.92
-15.690,0.08,-0.02,4.92,4.92
-15.680,0.08,-0.02,4.92,4.93
-15.670,0.08,-0.02,4.92,4.92
-15.660,0.08,-0.02,4.92,4.92
-15.650,0.08,-0.02,4.92,4.92
-15.640,0.08,-0.02,4.93,4.93
-15.630,0.08,-0.02,4.93,4.93
-15.620,0.08,-0.02,4.93,4.93
-15.610,0.08,-0.02,4.92,4.92
-15.600,0.08,-0.02,4.92,4.92
-15.590,0.08,-0.02,4.93,4.93
-15.580,0.08,-0.02,4.92,4.92
-15.570,0.08,-0.02,4.92,4.92
-15.560,0.08,-0.02,4.92,4.92
-15.550,0.08,-0.02,4.92,4.93
-15.540,0.08,-0.02,4.92,4.92
-15.530,0.08,-0.02,4.92,4.92
-15.520,0.08,-0.02,4.92,4.92
-15.510,0.08,-0.02,4.93,4.93
-15.500,0.08,-0.02,4.92,4.92
-15.490,0.08,-0.02,4.92,4.93
-15.480,0.08,-0.02,4.93,4.93
-15.470,0.08,-0.02,4.93,4.93
-15.460,0.08,-0.02,4.93,4.93
-15.450,0.08,-0.02,4.92,4.93
-15.440,0.08,-0.02,4.92,4.92
-15.430,0.08,-0.02,4.92,4.92
-15.420,0.08,-0.02,4.92,4.92
-15.410,0.08,-0.02,4.92,4.92
-15.400,0.08,-0.02,4.92,4.92
-15.390,0.08,-0.02,4.92,4.92
-15.380,0.08,-0.02,4.92,4.92
-15.370,0.08,-0.02,4.92,4.92
-15.360,0.08,-0.02,4.92,4.93
-15.350,0.08,-0.02,4.93,4.93
-15.340,0.08,-0.02,4.92,4.92
-15.330,0.08,-0.02,4.92,4.92
-15.320,0.08,-0.02,4.92,4.92
-15.310,0.08,-0.02,4.92,4.92
-15.300,0.08,-0.02,4.93,4.93
-15.290,0.08,-0.02,4.93,4.93
-15.280,0.08,-0.02,4.93,4.93
-15.270,0.08,-0.02,4.93,4.93
-15.260,0.08,-0.02,4.92,4.92
-15.250,0.08,-0.02,4.92,4.92
-15.240,0.08,-0.02,4.92,4.92
-15.230,0.08,-0.02,4.92,4.92
-15.220,0.08,-0.02,4.92,4.92
-15.210,0.08,-0.02,4.93,4.93
-15.200,0.08,-0.02,4.92,4.92
-15.190,0.08,-0.02,4.92,4.92
-15.180,0.08,-0.02,4.92,4.92
-15.170,0.08,-0.02,4.92,4.92
-15.160,0.08,-0.02,4.92,4.92
-15.150,0.08,-0.02,4.93,4.93
-15.140,0.08,-0.02,4.93,4.93
-15.130,0.08,-0.02,4.93,4.93
-15.120,0.08,-0.02,4.92,4.92
-15.110,0.08,-0.02,4.92,4.92
-15.100,0.08,-0.02,4.92,4.92
-15.090,0.08,-0.02,4.92,4.92
-15.080,0.08,-0.02,4.92,4.92
-15.070,0.08,-0.02,4.92,4.92
-15.060,0.08,-0.02,4.92,4.92
-15.050,0.08,-0.02,4.92,4.92
-15.040,0.08,-0.02,4.92,4.92
-15.030,0.08,-0.02,4.92,4.92
-15.020,0.08,-0.02,4.92,4.92
-15.010,0.08,-0.02,4.92,4.92
-15.000,0.08,-0.02,4.92,4.92
-14.990,0.08,-0.02,4.92,4.92
-14.980,0.08,-0.02,4.92,4.92
-14.970,0.08,-0.02,4.93,4.93
-14.960,0.08,-0.02,4.93,4.93
-14.950,0.08,-0.02,4.93,4.93
-14.940,0.08,-0.02,4.93,4.93
-14.930,0.08,-0.02,4.93,4.93
-14.920,0.08,-0.02,4.92,4.92
-14.910,0.08,-0.02,4.92,4.92
-14.900,0.08,-0.02,4.93,4.93
-14.890,0.08,-0.02,4.92,4.92
-14.880,0.08,-0.02,4.93,4.93
-14.870,0.08,-0.02,4.93,4.93
-14.860,0.08,-0.02,4.93,4.93
-14.850,0.08,-0.02,4.92,4.92
-14.840,0.08,-0.02,4.91,4.91
-14.830,0.08,-0.02,4.92,4.92
-14.820,0.08,-0.02,4.92,4.92
-14.810,0.08,-0.02,4.92,4.92
-14.800,0.08,-0.02,4.93,4.93
-14.790,0.08,-0.02,4.94,4.94
-14.780,0.08,-0.02,4.93,4.93
-14.770,0.08,-0.02,4.93,4.93
-14.760,0.08,-0.02,4.92,4.93
-14.750,0.08,-0.02,4.92,4.92
-14.740,0.08,-0.02,4.92,4.92
-14.730,0.08,-0.02,4.92,4.92
-14.720,0.08,-0.02,4.93,4.93
-14.710,0.08,-0.02,4.93,4.93
-14.700,0.08,-0.02,4.93,4.93
-14.690,0.08,-0.02,4.93,4.93
-14.680,0.08,-0.02,4.92,4.92
-14.670,0.08,-0.02,4.92,4.92
-14.660,0.08,-0.02,4.91,4.91
-14.650,0.08,-0.02,4.92,4.92
-14.640,0.08,-0.02,4.93,4.93
-14.630,0.08,-0.02,4.93,4.93
-14.620,0.08,-0.02,4.93,4.93
-14.610,0.08,-0.02,4.93,4.93
-14.600,0.08,-0.02,4.92,4.92
-14.590,0.08,-0.02,4.92,4.92
-14.580,0.08,-0.02,4.91,4.91
-14.570,0.08,-0.02,4.91,4.91
-14.560,0.08,-0.02,4.92,4.92
-14.550,0.08,-0.02,4.92,4.92
-14.540,0.08,-0.02,4.92,4.92
-14.530,0.08,-0.02,4.92,4.92
-14.520,0.08,-0.02,4.92,4.92
-14.510,0.08,-0.02,4.92,4.92
-14.500,0.08,-0.02,4.91,4.91
-14.490,0.08,-0.02,4.91,4.91
-14.480,0.08,-0.02,4.92,4.92
-14.470,0.08,-0.02,4.93,4.93
-14.460,0.08,-0.02,4.93,4.93
-14.450,0.08,-0.02,4.92,4.92
-14.440,0.08,-0.02,4.92,4.92
-14.430,0.08,-0.02,4.92,4.92
-14.420,0.08,-0.02,4.92,4.92
-14.410,0.08,-0.02,4.92,4.92
-14.400,0.08,-0.02,4.92,4.92
-14.390,0.08,-0.02,4.92,4.92
-14.380,0.08,-0.02,4.92,4.92
-14.370,0.08,-0.02,4.92,4.92
-14.360,0.08,-0.02,4.92,4.92
-14.350,0.08,-0.02,4.92,4.92
-14.340,0.08,-0.02,4.91,4.91
-14.330,0.08,-0.02,4.91,4.91
-14.320,0.08,-0.02,4.92,4.92
-14.310,0.08,-0.02,4.92,4.92
-14.300,0.08,-0.02,4.93,4.93
-14.290,0.08,-0.02,4.93,4.93
-14.280,0.08,-0.02,4.93,4.93
-14.270,0.08,-0.02,4.92,4.92
-14.260,0.08,-0.02,4.92,4.92
-14.250,0.08,-0.02,4.91,4.91
-14.240,0.08,-0.02,4.91,4.91
-14.230,0.08,-0.02,4.92,4.92
-14.220,0.08,-0.02,4.92,4.92
-14.210,0.08,-0.02,4.93,4.93
-14.200,0.08,-0.02,4.93,4.93
-14.190,0.08,-0.02,4.93,4.93
-14.180,0.08,-0.02,4.92,4.92
-14.170,0.08,-0.02,4.91,4.92
-14.160,0.08,-0.02,4.91,4.91
-14.150,0.08,-0.02,4.91,4.91
-14.140,0.08,-0.02,4.91,4.91
-14.130,0.08,-0.02,4.92,4.92
-14.120,0.08,-0.02,4.93,4.93
-14.110,0.08,-0.02,4.93,4.93
-14.100,0.08,-0.02,4.93,4.93
-14.090,0.08,-0.02,4.92,4.92
-14.080,0.08,-0.02,4.91,4.92
-14.070,0.08,-0.02,4.91,4.91
-14.060,0.08,-0.02,4.91,4.91
-14.050,0.08,-0.02,4.91,4.91
-14.040,0.08,-0.02,4.92,4.92
-14.030,0.08,-0.02,4.92,4.92
-14.020,0.08,-0.02,4.93,4.93
-14.010,0.08,-0.02,4.93,4.93
-14.000,0.08,-0.02,4.92,4.93
-13.990,0.08,-0.02,4.92,4.92
-13.980,0.08,-0.02,4.91,4.91
-13.970,0.08,-0.02,4.92,4.92
-13.960,0.08,-0.02,4.92,4.92
-13.950,0.08,-0.02,4.93,4.93
-13.940,0.08,-0.02,4.92,4.93
-13.930,0.08,-0.02,4.92,4.92
-13.920,0.08,-0.02,4.92,4.92
-13.910,0.08,-0.02,4.92,4.92
-13.900,0.08,-0.02,4.91,4.91
-13.890,0.08,-0.02,4.92,4.92
-13.880,0.08,-0.02,4.91,4.92
-13.870,0.08,-0.02,4.92,4.92
-13.860,0.08,-0.02,4.92,4.92
-13.850,0.08,-0.02,4.93,4.93
-13.840,0.08,-0.02,4.93,4.93
-13.830,0.08,-0.02,4.93,4.93
-13.820,0.08,-0.02,4.92,4.92
-13.810,0.08,-0.02,4.92,4.92
-13.800,0.08,-0.02,4.92,4.92
-13.790,0.08,-0.02,4.92,4.92
-13.780,0.08,-0.02,4.92,4.92
-13.770,0.08,-0.02,4.92,4.92
-13.760,0.08,-0.02,4.93,4.93
-13.750,0.08,-0.02,4.93,4.93
-13.740,0.08,-0.02,4.93,4.93
-13.730,0.08,-0.02,4.92,4.92
-13.720,0.08,-0.02,4.92,4.92
-13.710,0.08,-0.02,4.92,4.92
-13.700,0.08,-0.02,4.92,4.92
-13.690,0.08,-0.02,4.92,4.92
-13.680,0.08,-0.02,4.92,4.92
-13.670,0.08,-0.02,4.92,4.92
-13.660,0.08,-0.02,4.92,4.92
-13.650,0.08,-0.02,4.93,4.93
-13.640,0.08,-0.02,4.93,4.93
-13.630,0.08,-0.02,4.93,4.93
-13.620,0.08,-0.02,4.93,4.93
-13.610,0.08,-0.02,4.92,4.92
-13.600,0.08,-0.02,4.91,4.92
-13.590,0.08,-0.02,4.91,4.91
-13.580,0.08,-0.02,4.92,4.92
-13.570,0.08,-0.02,4.92,4.92
-13.560,0.08,-0.02,4.92,4.92
-13.550,0.08,-0.02,4.92,4.92
-13.540,0.08,-0.02,4.92,4.92
-13.530,0.08,-0.02,4.92,4.92
-13.520,0.08,-0.02,4.92,4.92
-13.510,0.08,-0.02,4.92,4.92
-13.500,0.08,-0.02,4.93,4.93
-13.490,0.08,-0.02,4.93,4.93
-13.480,0.08,-0.02,4.92,4.92
-13.470,0.08,-0.02,4.92,4.92
-13.460,0.08,-0.02,4.92,4.92
-13.450,0.08,-0.02,4.92,4.92
-13.440,0.08,-0.02,4.92,4.92
-13.430,0.08,-0.02,4.92,4.92
-13.420,0.08,-0.02,4.92,4.92
-13.410,0.08,-0.02,4.92,4.92
-13.400,0.08,-0.02,4.91,4.91
-13.390,0.08,-0.02,4.91,4.91
-13.380,0.08,-0.02,4.91,4.91
-13.370,0.08,-0.02,4.91,4.91
-13.360,0.08,-0.02,4.91,4.91
-13.350,0.08,-0.02,4.91,4.91
-13.340,0.08,-0.02,4.92,4.92
-13.330,0.08,-0.02,4.92,4.92
-13.320,0.08,-0.02,4.92,4.92
-13.310,0.08,-0.02,4.92,4.92
-13.300,0.08,-0.02,4.92,4.92
-13.290,0.08,-0.02,4.92,4.92
-13.280,0.08,-0.02,4.92,4.92
-13.270,0.08,-0.02,4.92,4.92
-13.260,0.08,-0.02,4.92,4.92
-13.250,0.08,-0.02,4.92,4.92
-13.240,0.08,-0.02,4.92,4.92
-13.230,0.08,-0.02,4.92,4.92
-13.220,0.08,-0.02,4.92,4.92
-13.210,0.08,-0.02,4.92,4.92
-13.200,0.08,-0.02,4.92,4.92
-13.190,0.08,-0.02,4.92,4.92
-13.180,0.08,-0.02,4.92,4.92
-13.170,0.08,-0.02,4.92,4.92
-13.160,0.08,-0.02,4.91,4.92
-13.150,0.08,-0.02,4.91,4.92
-13.140,0.08,-0.02,4.91,4.91
-13.130,0.08,-0.02,4.91,4.91
-13.120,0.08,-0.02,4.92,4.92
-13.110,0.08,-0.02,4.93,4.93
-13.100,0.08,-0.02,4.93,4.93
-13.090,0.08,-0.02,4.93,4.94
-13.080,0.08,-0.02,4.93,4.93
-13.070,0.08,-0.02,4.92,4.92
-13.060,0.08,-0.02,4.91,4.91
-13.050,0.08,-0.02,4.91,4.91
-13.040,0.08,-0.02,4.91,4.91
-13.030,0.08,-0.02,4.92,4.92
-13.020,0.08,-0.02,4.93,4.93
-13.010,0.08,-0.02,4.93,4.93
-13.000,0.08,-0.02,4.93,4.93
-12.990,0.08,-0.02,4.93,4.93
-12.980,0.08,-0.02,4.92,4.92
-12.970,0.08,-0.02,4.92,4.92
-12.960,0.08,-0.02,4.92,4.92
-12.950,0.08,-0.02,4.92,4.92
-12.940,0.08,-0.02,4.92,4.92
-12.930,0.08,-0.02,4.92,4.92
-12.920,0.08,-0.02,4.92,4.92
-12.910,0.08,-0.02,4.92,4.92
-12.900,0.08,-0.02,4.92,4.92
-12.890,0.08,-0.02,4.92,4.92
-12.880,0.08,-0.02,4.91,4.91
-12.870,0.08,-0.02,4.91,4.91
-12.860,0.08,-0.02,4.92,4.92
-12.850,0.08,-0.02,4.92,4.92
-12.840,0.08,-0.02,4.92,4.93
-12.830,0.08,-0.02,4.92,4.92
-12.820,0.08,-0.02,4.92,4.92
-12.810,0.08,-0.02,4.91,4.91
-12.800,0.08,-0.02,4.91,4.91
-12.790,0.08,-0.02,4.91,4.91
-12.780,0.08,-0.02,4.92,4.92
-12.770,0.08,-0.02,4.93,4.93
-12.760,0.08,-0.02,4.94,4.94
-12.750,0.08,-0.02,4.93,4.93
-12.740,0.08,-0.02,4.93,4.93
-12.730,0.08,-0.02,4.92,4.92
-12.720,0.08,-0.02,4.92,4.92
-12.710,0.08,-0.02,4.92,4.92
-12.700,0.08,-0.02,4.92,4.92
-12.690,0.08,-0.02,4.92,4.92
-12.680,0.08,-0.02,4.92,4.92
-12.670,0.08,-0.02,4.92,4.92
-12.660,0.08,-0.02,4.92,4.92
-12.650,0.08,-0.02,4.92,4.92
-12.640,0.08,-0.02,4.92,4.92
-12.630,0.08,-0.02,4.92,4.92
-12.620,0.08,-0.02,4.92,4.92
-12.610,0.08,-0.02,4.92,4.92
-12.600,0.08,-0.02,4.93,4.93
-12.590,0.08,-0.02,4.93,4.93
-12.580,0.08,-0.02,4.93,4.93
-12.570,0.08,-0.02,4.93,4.93
-12.560,0.08,-0.02,4.93,4.93
-12.550,0.08,-0.02,4.92,4.92
-12.540,0.08,-0.02,4.92,4.92
-12.530,0.08,-0.02,4.91,4.91
-12.520,0.08,-0.02,4.91,4.91
-12.510,0.08,-0.02,4.91,4.91
-12.500,0.08,-0.02,4.92,4.92
-12.490,0.08,-0.02,4.92,4.92
-12.480,0.08,-0.02,4.92,4.92
-12.470,0.08,-0.02,4.92,4.92
-12.460,0.08,-0.02,4.92,4.92
-12.450,0.08,-0.02,4.92,4.92
-12.440,0.08,-0.02,4.92,4.92
-12.430,0.08,-0.02,4.92,4.92
-12.420,0.08,-0.02,4.93,4.93
-12.410,0.08,-0.02,4.93,4.93
-12.400,0.08,-0.02,4.93,4.93
-12.390,0.08,-0.02,4.92,4.92
-12.380,0.08,-0.02,4.91,4.91
-12.370,0.08,-0.02,4.91,4.91
-12.360,0.08,-0.02,4.90,4.90
-12.350,0.08,-0.02,4.90,4.90
-12.340,0.08,-0.02,4.91,4.91
-12.330,0.08,-0.02,4.91,4.91
-12.320,0.08,-0.02,4.92,4.92
-12.310,0.08,-0.02,4.92,4.92
-12.300,0.08,-0.02,4.92,4.92
-12.290,0.08,-0.02,4.92,4.92
-12.280,0.08,-0.02,4.92,4.92
-12.270,0.08,-0.02,4.92,4.92
-12.260,0.08,-0.02,4.92,4.92
-12.250,0.08,-0.02,4.92,4.92
-12.240,0.08,-0.02,4.92,4.92
-12.230,0.08,-0.02,4.92,4.92
-12.220,0.08,-0.02,4.92,4.92
-12.210,0.08,-0.02,4.91,4.91
-12.200,0.08,-0.02,4.91,4.91
-12.190,0.08,-0.02,4.91,4.91
-12.180,0.08,-0.02,4.91,4.91
-12.170,0.08,-0.02,4.91,4.91
-12.160,0.08,-0.02,4.92,4.92
-12.150,0.08,-0.02,4.93,4.93
-12.140,0.08,-0.02,4.93,4.93
-12.130,0.08,-0.02,4.93,4.93
-12.120,0.08,-0.02,4.92,4.92
-12.110,0.08,-0.02,4.92,4.92
-12.100,0.08,-0.02,4.92,4.92
-12.090,0.08,-0.02,4.92,4.93
-12.080,0.08,-0.02,4.93,4.93
-12.070,0.08,-0.02,4.92,4.92
-12.060,0.08,-0.02,4.92,4.92
-12.050,0.08,-0.02,4.92,4.92
-12.040,0.08,-0.02,4.92,4.92
-12.030,0.08,-0.02,4.92,4.92
-12.020,0.08,-0.02,4.92,4.92
-12.010,0.08,-0.02,4.92,4.92
-12.000,0.08,-0.02,4.92,4.92
-11.990,0.08,-0.02,4.91,4.91
-11.980,0.08,-0.02,4.91,4.91
-11.970,0.08,-0.02,4.92,4.92
-11.960,0.08,-0.02,4.93,4.93
-11.950,0.08,-0.02,4.93,4.93
-11.940,0.08,-0.02,4.94,4.94
-11.930,0.08,-0.02,4.95,4.95
-11.920,0.08,-0.02,4.94,4.94
-11.910,0.08,-0.02,4.94,4.94
-11.900,0.08,-0.02,4.93,4.93
-11.890,0.08,-0.02,4.92,4.92
-11.880,0.08,-0.02,4.91,4.91
-11.866,0.08,-0.02,4.91,4.91
-11.860,0.08,-0.02,4.91,4.91
-11.850,0.08,-0.02,4.92,4.92
-11.840,0.08,-0.02,4.92,4.92
-11.827,0.08,-0.02,4.92,4.92
-11.820,0.08,-0.02,4.91,4.91
-11.810,0.08,-0.02,4.91,4.91
-11.800,0.08,-0.02,4.91,4.91
-11.790,0.08,-0.02,4.92,4.92
-11.780,0.08,-0.02,4.92,4.92
-11.770,0.08,-0.02,4.93,4.93
-11.760,0.08,-0.02,4.93,4.93
-11.750,0.08,-0.02,4.92,4.92
-11.740,0.08,-0.02,4.92,4.92
-11.730,0.08,-0.02,4.91,4.92
-11.720,0.08,-0.02,4.92,4.92
-11.710,0.08,-0.02,4.92,4.92
-11.700,0.08,-0.02,4.92,4.92
-11.690,0.08,-0.02,4.91,4.92
-11.680,0.08,-0.02,4.92,4.92
-11.670,0.08,-0.02,4.91,4.91
-11.660,0.08,-0.02,4.91,4.91
-11.650,0.08,-0.02,4.91,4.91
-11.640,0.08,-0.02,4.91,4.91
-11.630,0.08,-0.02,4.92,4.92
-11.620,0.08,-0.02,4.93,4.93
-11.610,0.08,-0.02,4.93,4.93
-11.600,0.08,-0.02,4.93,4.93
-11.590,0.08,-0.02,4.92,4.93
-11.580,0.08,-0.02,4.92,4.92
-11.570,0.08,-0.02,4.92,4.92
-11.560,0.08,-0.02,4.92,4.92
-11.550,0.08,-0.02,4.92,4.92
-11.540,0.08,-0.02,4.92,4.92
-11.530,0.08,-0.02,4.92,4.92
-11.520,0.08,-0.02,4.92,4.92
-11.510,0.08,-0.02,4.92,4.92
-11.500,0.08,-0.02,4.93,4.93
-11.490,0.08,-0.02,4.93,4.93
-11.480,0.08,-0.02,4.92,4.92
-11.470,0.08,-0.02,4.92,4.92
-11.460,0.08,-0.02,4.92,4.92
-11.450,0.08,-0.02,4.92,4.92
-11.440,0.08,-0.02,4.93,4.93
-11.430,0.08,-0.02,4.93,4.93
-11.420,0.08,-0.02,4.93,4.93
-11.410,0.08,-0.02,4.92,4.92
-11.400,0.08,-0.02,4.92,4.92
-11.390,0.08,-0.02,4.91,4.91
-11.380,0.08,-0.02,4.91,4.91
-11.370,0.08,-0.02,4.91,4.91
-11.360,0.08,-0.02,4.92,4.92
-11.350,0.08,-0.02,4.92,4.92
-11.340,0.08,-0.02,4.93,4.93
-11.330,0.08,-0.02,4.94,4.94
-11.320,0.08,-0.02,4.93,4.93
-11.310,0.08,-0.02,4.92,4.92
-11.300,0.08,-0.02,4.91,4.91
-11.290,0.08,-0.02,4.91,4.91
-11.280,0.08,-0.02,4.90,4.90
-11.270,0.08,-0.02,4.91,4.91
-11.260,0.08,-0.02,4.91,4.91
-11.250,0.08,-0.02,4.92,4.92
-11.240,0.08,-0.02,4.92,4.92
-11.230,0.08,-0.02,4.92,4.92
-11.220,0.08,-0.02,4.92,4.92
-11.210,0.08,-0.02,4.91,4.91
-11.200,0.08,-0.02,4.91,4.91
-11.190,0.08,-0.02,4.91,4.91
-11.180,0.08,-0.02,4.92,4.92
-11.170,0.08,-0.02,4.92,4.92
-11.160,0.08,-0.02,4.93,4.93
-11.150,0.08,-0.02,4.92,4.92
-11.140,0.08,-0.02,4.92,4.92
-11.130,0.08,-0.02,4.92,4.92
-11.120,0.08,-0.02,4.91,4.91
-11.110,0.08,-0.02,4.92,4.92
-11.100,0.08,-0.02,4.92,4.92
-11.090,0.08,-0.02,4.93,4.93
-11.080,0.08,-0.02,4.93,4.93
-11.070,0.08,-0.02,4.93,4.93
-11.060,0.08,-0.02,4.92,4.92
-11.050,0.08,-0.02,4.92,4.92
-11.039,0.08,-0.02,4.91,4.91
-11.030,0.08,-0.02,4.91,4.91
-11.020,0.08,-0.02,4.91,4.91
-11.010,0.08,-0.02,4.92,4.92
-11.000,0.08,-0.02,4.92,4.92
-10.989,0.08,-0.02,4.92,4.92
-10.980,0.08,-0.02,4.92,4.92
-10.970,0.08,-0.02,4.92,4.92
-10.958,0.08,-0.02,4.92,4.92
-10.950,0.08,-0.02,4.91,4.91
-10.940,0.08,-0.02,4.91,4.91
-10.930,0.08,-0.02,4.91,4.91
-10.920,0.08,-0.02,4.92,4.92
-10.910,0.08,-0.02,4.92,4.92
-10.900,0.08,-0.02,4.93,4.93
-10.890,0.08,-0.02,4.93,4.93
-10.880,0.08,-0.02,4.93,4.93
-10.870,0.08,-0.02,4.93,4.93
-10.860,0.08,-0.02,4.92,4.92
-10.850,0.08,-0.02,4.92,4.92
-10.840,0.08,-0.02,4.91,4.91
-10.830,0.08,-0.02,4.90,4.90
-10.820,0.08,-0.02,4.91,4.91
-10.810,0.08,-0.02,4.91,4.91
-10.800,0.08,-0.02,4.92,4.92
-10.790,0.08,-0.02,4.92,4.92
-10.780,0.08,-0.02,4.91,4.92
-10.770,0.08,-0.02,4.91,4.91
-10.760,0.08,-0.02,4.91,4.92
-10.750,0.08,-0.02,4.92,4.92
-10.740,0.08,-0.02,4.92,4.92
-10.730,0.08,-0.02,4.93,4.93
-10.720,0.08,-0.02,4.93,4.93
-10.710,0.08,-0.02,4.93,4.93
-10.700,0.08,-0.02,4.93,4.93
-10.690,0.08,-0.02,4.92,4.92
-10.680,0.08,-0.02,4.91,4.91
-10.670,0.08,-0.02,4.90,4.90
-10.660,0.08,-0.02,4.90,4.91
-10.650,0.08,-0.02,4.91,4.91
-10.640,0.08,-0.02,4.91,4.91
-10.630,0.08,-0.02,4.92,4.92
-10.620,0.08,-0.02,4.92,4.92
-10.610,0.08,-0.02,4.92,4.92
-10.600,0.08,-0.02,4.92,4.92
-10.590,0.08,-0.02,4.92,4.92
-10.580,0.08,-0.02,4.92,4.92
-10.570,0.08,-0.02,4.92,4.93
-10.560,0.08,-0.02,4.93,4.93
-10.550,0.08,-0.02,4.93,4.93
-10.540,0.08,-0.02,4.93,4.93
-10.530,0.08,-0.02,4.92,4.92
-10.520,0.08,-0.02,4.91,4.91
-10.510,0.08,-0.02,4.90,4.90
-10.500,0.08,-0.02,4.90,4.90
-10.490,0.08,-0.02,4.90,4.91
-10.480,0.08,-0.02,4.91,4.91
-10.470,0.08,-0.02,4.92,4.92
-10.460,0.08,-0.02,4.92,4.92
-10.450,0.08,-0.02,4.92,4.92
-10.440,0.08,-0.02,4.92,4.92
-10.430,0.08,-0.02,4.92,4.92
-10.420,0.08,-0.02,4.92,4.92
-10.410,0.08,-0.02,4.92,4.92
-10.400,0.08,-0.02,4.91,4.91
-10.390,0.08,-0.02,4.91,4.91
-10.380,0.08,-0.02,4.91,4.91
-10.370,0.08,-0.02,4.91,4.91
-10.360,0.08,-0.02,4.91,4.91
-10.350,0.08,-0.02,4.91,4.91
-10.340,0.08,-0.02,4.91,4.91
-10.330,0.08,-0.02,4.91,4.91
-10.320,0.08,-0.02,4.91,4.91
-10.310,0.08,-0.02,4.92,4.92
-10.300,0.08,-0.02,4.92,4.92
-10.290,0.08,-0.02,4.92,4.92
-10.280,0.08,-0.02,4.91,4.91
-10.270,0.08,-0.02,4.92,4.92
-10.260,0.08,-0.02,4.92,4.92
-10.250,0.08,-0.02,4.92,4.92
-10.240,0.08,-0.02,4.92,4.92
-10.230,0.08,-0.02,4.92,4.92
-10.220,0.08,-0.02,4.91,4.91
-10.210,0.08,-0.02,4.91,4.91
-10.198,0.08,-0.02,4.91,4.91
-10.190,0.08,-0.02,4.90,4.90
-10.180,0.08,-0.02,4.90,4.91
-10.169,0.08,-0.02,4.91,4.91
-10.160,0.08,-0.02,4.91,4.91
-10.150,0.08,-0.02,4.92,4.92
-10.140,0.08,-0.02,4.93,4.93
-10.130,0.08,-0.02,4.93,4.93
-10.119,0.08,-0.02,4.94,4.94
-10.110,0.08,-0.02,4.93,4.94
-10.100,0.08,-0.02,4.93,4.93
-10.090,0.08,-0.02,4.92,4.92
-10.080,0.08,-0.02,4.92,4.92
-10.070,0.08,-0.02,4.92,4.92
-10.060,0.08,-0.02,4.92,4.92
-10.050,0.08,-0.02,4.92,4.92
-10.040,0.08,-0.02,4.92,4.92
-10.030,0.08,-0.02,4.92,4.92
-10.020,0.08,-0.02,4.92,4.92
-10.010,0.08,-0.02,4.92,4.92
-10.000,0.08,-0.02,4.92,4.92
-9.990,0.08,-0.02,4.92,4.92
-9.980,0.08,-0.02,4.92,4.93
-9.970,0.08,-0.02,4.93,4.93
-9.960,0.08,-0.02,4.94,4.94
-9.950,0.08,-0.02,4.94,4.94
-9.940,0.08,-0.02,4.93,4.93
-9.930,0.08,-0.02,4.93,4.93
-9.920,0.08,-0.02,4.92,4.92
-9.910,0.08,-0.02,4.92,4.92
-9.900,0.08,-0.02,4.92,4.92
-9.890,0.08,-0.02,4.92,4.93
-9.880,0.08,-0.02,4.92,4.92
-9.870,0.08,-0.02,4.92,4.92
-9.860,0.08,-0.02,4.92,4.92
-9.850,0.08,-0.02,4.92,4.92
-9.840,0.08,-0.02,4.92,4.92
-9.830,0.08,-0.02,4.92,4.92
-9.820,0.08,-0.02,4.92,4.92
-9.810,0.08,-0.02,4.93,4.93
-9.800,0.08,-0.02,4.93,4.93
-9.790,0.08,-0.02,4.92,4.93
-9.780,0.08,-0.02,4.92,4.92
-9.770,0.08,-0.02,4.92,4.92
-9.760,0.08,-0.02,4.92,4.92
-9.750,0.08,-0.02,4.92,4.92
-9.740,0.08,-0.02,4.92,4.92
-9.730,0.08,-0.02,4.92,4.92
-9.720,0.08,-0.02,4.92,4.92
-9.710,0.08,-0.02,4.92,4.92
-9.700,0.08,-0.02,4.92,4.92
-9.690,0.08,-0.02,4.92,4.92
-9.680,0.08,-0.02,4.92,4.92
-9.670,0.08,-0.02,4.92,4.92
-9.660,0.08,-0.02,4.92,4.92
-9.650,0.08,-0.02,4.92,4.92
-9.640,0.08,-0.02,4.92,4.92
-9.630,0.08,-0.02,4.92,4.93
-9.620,0.08,-0.02,4.92,4.92
-9.610,0.08,-0.02,4.92,4.92
-9.600,0.08,-0.02,4.92,4.92
-9.590,0.08,-0.02,4.92,4.92
-9.580,0.08,-0.02,4.92,4.92
-9.570,0.08,-0.02,4.92,4.92
-9.560,0.08,-0.02,4.91,4.91
-9.550,0.08,-0.02,4.91,4.91
-9.540,0.08,-0.02,4.92,4.92
-9.530,0.08,-0.02,4.93,4.93
-9.520,0.08,-0.02,4.93,4.93
-9.510,0.08,-0.02,4.94,4.94
-9.500,0.08,-0.02,4.94,4.94
-9.490,0.08,-0.02,4.93,4.93
-9.480,0.08,-0.02,4.93,4.93
-9.470,0.08,-0.02,4.93,4.93
-9.460,0.08,-0.02,4.93,4.93
-9.450,0.08,-0.02,4.93,4.93
-9.440,0.08,-0.02,4.93,4.93
-9.430,0.08,-0.02,4.93,4.93
-9.420,0.08,-0.02,4.93,4.93
-9.410,0.08,-0.02,4.93,4.93
-9.400,0.08,-0.02,4.93,4.93
-9.390,0.08,-0.02,4.93,4.93
-9.380,0.08,-0.02,4.93,4.93
-9.370,0.08,-0.02,4.93,4.93
-9.360,0.08,-0.02,4.93,4.93
-9.350,0.08,-0.02,4.93,4.93
-9.340,0.08,-0.02,4.93,4.93
-9.330,0.08,-0.02,4.93,4.93
-9.320,0.08,-0.02,4.93,4.93
-9.310,0.08,-0.02,4.93,4.93
-9.300,0.08,-0.02,4.93,4.93
-9.290,0.08,-0.02,4.93,4.93
-9.280,0.08,-0.02,4.93,4.93
-9.270,0.08,-0.02,4.93,4.93
-9.260,0.08,-0.02,4.92,4.92
-9.250,0.08,-0.02,4.92,4.92
-9.240,0.08,-0.02,4.92,4.92
-9.230,0.08,-0.02,4.92,4.92
-9.220,0.08,-0.02,4.92,4.92
-9.210,0.08,-0.02,4.92,4.92
-9.200,0.08,-0.02,4.92,4.93
-9.190,0.08,-0.02,4.92,4.93
-9.180,0.08,-0.02,4.93,4.93
-9.170,0.08,-0.02,4.93,4.93
-9.160,0.08,-0.02,4.92,4.92
-9.150,0.08,-0.02,4.92,4.93
-9.140,0.08,-0.02,4.92,4.92
-9.130,0.08,-0.02,4.93,4.93
-9.120,0.08,-0.02,4.93,4.93
-9.110,0.08,-0.02,4.93,4.93
-9.100,0.08,-0.02,4.93,4.93
-9.090,0.08,-0.02,4.93,4.93
-9.080,0.08,-0.02,4.93,4.93
-9.070,0.08,-0.02,4.92,4.92
-9.060,0.08,-0.02,4.92,4.92
-9.050,0.08,-0.02,4.92,4.92
-9.040,0.08,-0.02,4.92,4.92
-9.030,0.08,-0.02,4.91,4.91
-9.020,0.08,-0.02,4.91,4.92
-9.010,0.08,-0.02,4.92,4.92
-9.000,0.08,-0.02,4.93,4.93
-8.990,0.08,-0.02,4.94,4.94
-8.980,0.08,-0.02,4.94,4.94
-8.970,0.08,-0.02,4.94,4.94
-8.960,0.08,-0.02,4.93,4.93
-8.950,0.08,-0.02,4.92,4.92
-8.940,0.08,-0.02,4.92,4.92
-8.930,0.08,-0.02,4.92,4.92
-8.920,0.08,-0.02,4.92,4.92
-8.910,0.08,-0.02,4.92,4.93
-8.900,0.08,-0.02,4.92,4.92
-8.890,0.08,-0.02,4.92,4.92
-8.880,0.08,-0.02,4.92,4.92
-8.870,0.08,-0.02,4.93,4.93
-8.860,0.08,-0.02,4.93,4.93
-8.850,0.08,-0.02,4.93,4.93
-8.840,0.08,-0.02,4.93,4.93
-8.830,0.08,-0.02,4.93,4.93
-8.820,0.08,-0.02,4.92,4.93
-8.810,0.08,-0.02,4.92,4.92
-8.800,0.08,-0.02,4.92,4.92
-8.790,0.08,-0.02,4.92,4.92
-8.780,0.08,-0.02,4.92,4.92
-8.770,0.08,-0.02,4.93,4.93
-8.760,0.08,-0.02,4.93,4.93
-8.750,0.08,-0.02,4.92,4.93
-8.740,0.08,-0.02,4.92,4.92
-8.730,0.08,-0.02,4.92,4.92
-8.720,0.08,-0.02,4.91,4.91
-8.710,0.08,-0.02,4.91,4.91
-8.700,0.08,-0.02,4.92,4.92
-8.690,0.08,-0.02,4.92,4.92
-8.680,0.08,-0.02,4.93,4.93
-8.670,0.08,-0.02,4.94,4.94
-8.660,0.08,-0.02,4.94,4.94
-8.650,0.08,-0.02,4.94,4.94
-8.640,0.08,-0.02,4.93,4.93
-8.630,0.08,-0.02,4.92,4.92
-8.620,0.08,-0.02,4.92,4.92
-8.610,0.08,-0.02,4.92,4.92
-8.600,0.08,-0.02,4.92,4.92
-8.590,0.08,-0.02,4.92,4.92
-8.580,0.08,-0.02,4.92,4.92
-8.570,0.08,-0.02,4.92,4.92
-8.560,0.08,-0.02,4.91,4.91
-8.550,0.08,-0.02,4.91,4.91
-8.540,0.08,-0.02,4.91,4.91
-8.530,0.08,-0.02,4.91,4.91
-8.520,0.08,-0.02,4.92,4.92
-8.510,0.08,-0.02,4.93,4.93
-8.500,0.08,-0.02,4.93,4.93
-8.490,0.08,-0.02,4.93,4.93
-8.480,0.08,-0.02,4.93,4.93
-8.470,0.08,-0.02,4.92,4.92
-8.460,0.08,-0.02,4.92,4.92
-8.450,0.08,-0.02,4.92,4.92
-8.440,0.08,-0.02,4.92,4.92
-8.430,0.08,-0.02,4.92,4.92
-8.420,0.08,-0.02,4.92,4.92
-8.410,0.08,-0.02,4.92,4.92
-8.400,0.08,-0.02,4.92,4.92
-8.390,0.08,-0.02,4.92,4.92
-8.380,0.08,-0.02,4.91,4.91
-8.370,0.08,-0.02,4.91,4.91
-8.360,0.08,-0.02,4.91,4.91
-8.350,0.08,-0.02,4.91,4.92
-8.340,0.08,-0.02,4.92,4.92
-8.330,0.08,-0.02,4.93,4.93
-8.320,0.08,-0.02,4.93,4.93
-8.310,0.08,-0.02,4.93,4.93
-8.300,0.08,-0.02,4.93,4.93
-8.290,0.08,-0.02,4.92,4.92
-8.280,0.08,-0.02,4.92,4.92
-8.270,0.08,-0.02,4.92,4.92
-8.260,0.08,-0.02,4.93,4.93
-8.250,0.08,-0.02,4.93,4.93
-8.240,0.08,-0.02,4.93,4.93
-8.230,0.08,-0.02,4.93,4.93
-8.220,0.08,-0.02,4.92,4.92
-8.210,0.08,-0.02,4.92,4.92
-8.200,0.08,-0.02,4.92,4.93
-8.190,0.08,-0.02,4.93,4.93
-8.180,0.08,-0.02,4.93,4.93
-8.170,0.08,-0.02,4.94,4.94
-8.160,0.08,-0.02,4.94,4.94
-8.150,0.08,-0.02,4.94,4.94
-8.140,0.08,-0.02,4.94,4.94
-8.130,0.08,-0.02,4.94,4.94
-8.120,0.08,-0.02,4.93,4.93
-8.110,0.08,-0.02,4.93,4.93
-8.100,0.08,-0.02,4.93,4.93
-8.090,0.08,-0.02,4.93,4.93
-8.080,0.08,-0.02,4.93,4.93
-8.070,0.08,-0.02,4.93,4.93
-8.060,0.08,-0.02,4.93,4.93
-8.050,0.08,-0.02,4.93,4.93
-8.040,0.08,-0.02,4.92,4.93
-8.030,0.08,-0.02,4.92,4.92
-8.020,0.08,-0.02,4.92,4.92
-8.010,0.08,-0.02,4.92,4.92
-8.000,0.08,-0.02,4.93,4.93
-7.990,0.08,-0.02,4.94,4.94
-7.980,0.08,-0.02,4.94,4.94
-7.970,0.08,-0.02,4.94,4.94
-7.960,0.08,-0.02,4.94,4.94
-7.950,0.08,-0.02,4.93,4.93
-7.940,0.08,-0.02,4.93,4.93
-7.930,0.08,-0.02,4.93,4.93
-7.920,0.08,-0.02,4.93,4.93
-7.910,0.08,-0.02,4.93,4.93
-7.900,0.08,-0.02,4.93,4.93
-7.890,0.08,-0.02,4.93,4.93
-7.880,0.08,-0.02,4.92,4.92
-7.870,0.08,-0.02,4.92,4.92
-7.860,0.08,-0.02,4.92,4.92
-7.850,0.08,-0.02,4.92,4.92
-7.840,0.08,-0.02,4.92,4.93
-7.830,0.08,-0.02,4.93,4.93
-7.820,0.08,-0.02,4.94,4.94
-7.810,0.08,-0.02,4.94,4.94
-7.800,0.08,-0.02,4.93,4.93
-7.790,0.08,-0.02,4.93,4.93
-7.780,0.08,-0.02,4.92,4.92
-7.770,0.08,-0.02,4.92,4.92
-7.760,0.08,-0.02,4.92,4.92
-7.750,0.08,-0.02,4.92,4.92
-7.740,0.08,-0.02,4.92,4.92
-7.730,0.08,-0.02,4.92,4.92
-7.720,0.08,-0.02,4.92,4.93
-7.710,0.08,-0.02,4.92,4.92
-7.700,0.08,-0.02,4.92,4.92
-7.690,0.08,-0.02,4.91,4.91
-7.680,0.08,-0.02,4.91,4.91
-7.670,0.08,-0.02,4.91,4.91
-7.660,0.08,-0.02,4.92,4.92
-7.650,0.08,-0.02,4.92,4.92
-7.640,0.08,-0.02,4.93,4.93
-7.630,0.08,-0.02,4.93,4.93
-7.620,0.08,-0.02,4.93,4.93
-7.610,0.08,-0.02,4.93,4.93
-7.600,0.08,-0.02,4.92,4.92
-7.590,0.08,-0.02,4.91,4.91
-7.580,0.08,-0.02,4.90,4.90
-7.570,0.08,-0.02,4.90,4.90
-7.560,0.08,-0.02,4.91,4.91
-7.550,0.08,-0.02,4.92,4.92
-7.540,0.08,-0.02,4.93,4.93
-7.530,0.08,-0.02,4.94,4.94
-7.520,0.08,-0.02,4.94,4.94
-7.510,0.08,-0.02,4.93,4.93
-7.500,0.08,-0.02,4.92,4.92
-7.490,0.08,-0.02,4.91,4.91
-7.480,0.08,-0.02,4.92,4.92
-7.470,0.08,-0.02,4.92,4.92
-7.460,0.08,-0.02,4.93,4.93
-7.450,0.08,-0.02,4.94,4.94
-7.440,0.08,-0.02,4.94,4.94
-7.430,0.08,-0.02,4.93,4.93
-7.420,0.08,-0.02,4.92,4.92
-7.410,0.08,-0.02,4.90,4.90
-7.400,0.08,-0.02,4.90,4.90
-7.390,0.08,-0.02,4.90,4.90
-7.380,0.08,-0.02,4.90,4.90
-7.370,0.08,-0.02,4.91,4.91
-7.360,0.08,-0.02,4.92,4.92
-7.350,0.08,-0.02,4.92,4.92
-7.340,0.08,-0.02,4.93,4.93
-7.330,0.08,-0.02,4.93,4.93
-7.320,0.08,-0.02,4.92,4.93
-7.310,0.08,-0.02,4.92,4.92
-7.300,0.08,-0.02,4.92,4.92
-7.290,0.08,-0.02,4.93,4.93
-7.280,0.08,-0.02,4.93,4.93
-7.270,0.08,-0.02,4.94,4.94
-7.260,0.08,-0.02,4.94,4.94
-7.250,0.08,-0.02,4.93,4.93
-7.240,0.08,-0.02,4.92,4.92
-7.230,0.08,-0.02,4.91,4.92
-7.220,0.08,-0.02,4.91,4.91
-7.210,0.08,-0.02,4.91,4.91
-7.200,0.08,-0.02,4.91,4.91
-7.190,0.08,-0.02,4.91,4.91
-7.180,0.08,-0.02,4.92,4.92
-7.170,0.08,-0.02,4.92,4.92
-7.160,0.08,-0.02,4.92,4.92
-7.150,0.08,-0.02,4.92,4.92
-7.140,0.08,-0.02,4.92,4.92
-7.130,0.08,-0.02,4.92,4.92
-7.120,0.08,-0.02,4.92,4.92
-7.110,0.08,-0.02,4.92,4.92
-7.100,0.08,-0.02,4.93,4.93
-7.090,0.08,-0.02,4.93,4.93
-7.080,0.08,-0.02,4.93,4.93
-7.070,0.08,-0.02,4.93,4.93
-7.060,0.08,-0.02,4.92,4.92
-7.050,0.08,-0.02,4.91,4.91
-7.040,0.08,-0.02,4.90,4.90
-7.030,0.08,-0.02,4.91,4.91
-7.020,0.08,-0.02,4.91,4.92
-7.010,0.08,-0.02,4.92,4.92
-7.000,0.08,-0.02,4.92,4.93
-6.990,0.08,-0.02,4.93,4.93
-6.980,0.08,-0.02,4.92,4.93
-6.970,0.08,-0.02,4.92,4.92
-6.960,0.08,-0.02,4.92,4.92
-6.950,0.08,-0.02,4.92,4.92
-6.940,0.08,-0.02,4.92,4.92
-6.930,0.08,-0.02,4.92,4.92
-6.920,0.08,-0.02,4.92,4.92
-6.910,0.08,-0.02,4.92,4.92
-6.900,0.08,-0.02,4.92,4.92
-6.890,0.08,-0.02,4.92,4.92
-6.880,0.08,-0.02,4.91,4.92
-6.870,0.08,-0.02,4.91,4.92
-6.860,0.08,-0.02,4.92,4.92
-6.850,0.08,-0.02,4.92,4.92
-6.840,0.08,-0.02,4.92,4.92
-6.830,0.08,-0.02,4.92,4.92
-6.820,0.08,-0.02,4.92,4.92
-6.810,0.08,-0.02,4.92,4.92
-6.800,0.08,-0.02,4.92,4.92
-6.790,0.08,-0.02,4.92,4.92
-6.780,0.08,-0.02,4.92,4.92
-6.770,0.08,-0.02,4.92,4.92
-6.760,0.08,-0.02,4.92,4.92
-6.750,0.08,-0.02,4.92,4.92
-6.740,0.08,-0.02,4.91,4.91
-6.730,0.08,-0.02,4.90,4.90
-6.720,0.08,-0.02,4.90,4.90
-6.710,0.08,-0.02,4.89,4.90
-6.700,0.08,-0.02,4.90,4.90
-6.690,0.08,-0.02,4.91,4.91
-6.680,0.08,-0.02,4.92,4.92
-6.670,0.08,-0.02,4.93,4.93
-6.660,0.08,-0.02,4.93,4.93
-6.650,0.08,-0.02,4.93,4.93
-6.640,0.08,-0.02,4.93,4.93
-6.630,0.08,-0.02,4.92,4.92
-6.620,0.08,-0.02,4.92,4.92
-6.610,0.08,-0.02,4.93,4.93
-6.600,0.08,-0.02,4.93,4.93
-6.590,0.08,-0.02,4.93,4.93
-6.580,0.08,-0.02,4.93,4.93
-6.570,0.08,-0.02,4.92,4.92
-6.560,0.08,-0.02,4.91,4.91
-6.550,0.08,-0.02,4.91,4.91
-6.540,0.08,-0.02,4.90,4.91
-6.530,0.08,-0.02,4.91,4.91
-6.520,0.08,-0.02,4.91,4.91
-6.510,0.08,-0.02,4.92,4.92
-6.500,0.08,-0.02,4.92,4.92
-6.490,0.08,-0.02,4.92,4.92
-6.480,0.08,-0.02,4.92,4.92
-6.470,0.08,-0.02,4.91,4.92
-6.460,0.08,-0.02,4.91,4.91
-6.450,0.08,-0.02,4.92,4.92
-6.440,0.08,-0.02,4.92,4.92
-6.430,0.08,-0.02,4.93,4.93
-6.420,0.08,-0.02,4.93,4.93
-6.410,0.08,-0.02,4.92,4.92
-6.400,0.08,-0.02,4.92,4.92
-6.390,0.08,-0.02,4.91,4.91
-6.380,0.08,-0.02,4.91,4.91
-6.370,0.08,-0.02,4.91,4.91
-6.360,0.08,-0.02,4.92,4.92
-6.350,0.08,-0.02,4.92,4.92
-6.340,0.08,-0.02,4.92,4.92
-6.330,0.08,-0.02,4.92,4.92
-6.320,0.08,-0.02,4.92,4.92
-6.310,0.08,-0.02,4.91,4.91
-6.300,0.08,-0.02,4.91,4.92
-6.290,0.08,-0.02,4.92,4.92
-6.280,0.08,-0.02,4.92,4.92
-6.270,0.08,-0.02,4.92,4.92
-6.260,0.08,-0.02,4.92,4.92
-6.250,0.08,-0.02,4.92,4.92
-6.240,0.08,-0.02,4.92,4.92
-6.230,0.08,-0.02,4.91,4.91
-6.220,0.08,-0.02,4.90,4.91
-6.210,0.08,-0.02,4.91,4.91
-6.200,0.08,-0.02,4.91,4.91
-6.190,0.08,-0.02,4.92,4.92
-6.180,0.08,-0.02,4.92,4.92
-6.170,0.08,-0.02,4.92,4.92
-6.160,0.08,-0.02,4.92,4.92
-6.150,0.08,-0.02,4.92,4.92
-6.140,0.08,-0.02,4.92,4.92
-6.130,0.08,-0.02,4.93,4.93
-6.120,0.08,-0.02,4.93,4.93
-6.110,0.08,-0.02,4.93,4.93
-6.100,0.08,-0.02,4.93,4.93
-6.090,0.08,-0.02,4.92,4.92
-6.080,0.08,-0.02,4.91,4.91
-6.070,0.08,-0.02,4.91,4.91
-6.060,0.08,-0.02,4.91,4.91
-6.050,0.08,-0.02,4.91,4.91
-6.040,0.08,-0.02,4.91,4.91
-6.030,0.08,-0.02,4.92,4.92
-6.020,0.08,-0.02,4.92,4.93
-6.010,0.08,-0.02,4.93,4.93
-6.000,0.08,-0.02,4.93,4.93
-5.990,0.08,-0.02,4.92,4.92
-5.980,0.08,-0.02,4.92,4.92
-5.970,0.08,-0.02,4.92,4.92
-5.960,0.08,-0.02,4.92,4.92
-5.950,0.08,-0.02,4.92,4.92
-5.940,0.08,-0.02,4.92,4.92
-5.930,0.08,-0.02,4.92,4.92
-5.920,0.08,-0.02,4.92,4.92
-5.910,0.08,-0.02,4.92,4.92
-5.900,0.08,-0.02,4.92,4.92
-5.890,0.08,-0.02,4.91,4.91
-5.880,0.08,-0.02,4.91,4.91
-5.870,0.08,-0.02,4.91,4.91
-5.860,0.08,-0.02,4.92,4.92
-5.850,0.08,-0.02,4.92,4.92
-5.840,0.08,-0.02,4.92,4.92
-5.830,0.08,-0.02,4.92,4.92
-5.820,0.08,-0.02,4.92,4.92
-5.810,0.08,-0.02,4.92,4.92
-5.800,0.08,-0.02,4.92,4.92
-5.790,0.08,-0.02,4.92,4.92
-5.780,0.08,-0.02,4.92,4.92
-5.770,0.08,-0.02,4.92,4.92
-5.760,0.08,-0.02,4.92,4.92
-5.750,0.08,-0.02,4.92,4.92
-5.740,0.08,-0.02,4.92,4.92
-5.730,0.08,-0.02,4.92,4.92
-5.720,0.08,-0.02,4.92,4.92
-5.710,0.08,-0.02,4.92,4.92
-5.700,0.08,-0.02,4.92,4.92
-5.690,0.08,-0.02,4.91,4.91
-5.680,0.08,-0.02,4.91,4.91
-5.670,0.08,-0.02,4.92,4.92
-5.660,0.08,-0.02,4.92,4.92
-5.650,0.08,-0.02,4.93,4.93
-5.640,0.08,-0.02,4.93,4.93
-5.630,0.08,-0.02,4.93,4.93
-5.620,0.08,-0.02,4.93,4.93
-5.610,0.08,-0.02,4.92,4.92
-5.600,0.08,-0.02,4.91,4.91
-5.590,0.08,-0.02,4.90,4.90
-5.580,0.08,-0.02,4.90,4.90
-5.570,0.08,-0.02,4.91,4.91
-5.560,0.08,-0.02,4.92,4.92
-5.550,0.08,-0.02,4.93,4.93
-5.540,0.08,-0.02,4.93,4.94
-5.530,0.08,-0.02,4.93,4.93
-5.520,0.08,-0.02,4.92,4.92
-5.510,0.08,-0.02,4.90,4.90
-5.500,0.08,-0.02,4.90,4.90
-5.490,0.08,-0.02,4.90,4.90
-5.480,0.08,-0.02,4.92,4.92
-5.470,0.08,-0.02,4.93,4.93
-5.460,0.08,-0.02,4.95,4.95
-5.450,0.08,-0.02,4.95,4.95
-5.440,0.08,-0.02,4.94,4.95
-5.430,0.08,-0.02,4.93,4.93
-5.420,0.08,-0.02,4.92,4.92
-5.410,0.08,-0.02,4.91,4.91
-5.400,0.08,-0.02,4.91,4.91
-5.390,0.08,-0.02,4.91,4.91
-5.380,0.08,-0.02,4.91,4.91
-5.370,0.08,-0.02,4.92,4.92
-5.360,0.08,-0.02,4.92,4.92
-5.350,0.08,-0.02,4.92,4.92
-5.340,0.08,-0.02,4.91,4.92
-5.330,0.08,-0.02,4.91,4.91
-5.320,0.08,-0.02,4.92,4.92
-5.310,0.08,-0.02,4.92,4.92
-5.300,0.08,-0.02,4.92,4.93
-5.290,0.08,-0.02,4.93,4.93
-5.280,0.08,-0.02,4.94,4.94
-5.270,0.08,-0.02,4.93,4.93
-5.260,0.08,-0.02,4.92,4.92
-5.250,0.08,-0.02,4.91,4.91
-5.240,0.08,-0.02,4.90,4.91
-5.230,0.08,-0.02,4.91,4.91
-5.220,0.08,-0.02,4.91,4.91
-5.210,0.08,-0.02,4.91,4.91
-5.200,0.08,-0.02,4.91,4.91
-5.190,0.08,-0.02,4.91,4.91
-5.180,0.08,-0.02,4.91,4.91
-5.170,0.08,-0.02,4.91,4.91
-5.160,0.08,-0.02,4.91,4.91
-5.150,0.08,-0.02,4.91,4.91
-5.140,0.08,-0.02,4.91,4.91
-5.130,0.08,-0.02,4.92,4.92
-5.120,0.08,-0.02,4.92,4.92
-5.110,0.08,-0.02,4.92,4.92
-5.100,0.08,-0.02,4.92,4.92
-5.090,0.08,-0.02,4.91,4.92
-5.080,0.08,-0.02,4.91,4.92
-5.070,0.08,-0.02,4.91,4.92
-5.060,0.08,-0.02,4.92,4.92
-5.050,0.08,-0.02,4.91,4.91
-5.040,0.08,-0.02,4.91,4.92
-5.030,0.08,-0.02,4.91,4.91
-5.020,0.08,-0.02,4.91,4.91
-5.010,0.08,-0.02,4.91,4.91
-5.000,0.08,-0.02,4.91,4.91
-4.990,0.08,-0.02,4.91,4.91
-4.980,0.08,-0.02,4.92,4.92
-4.970,0.08,-0.02,4.92,4.92
-4.960,0.08,-0.02,4.92,4.92
-4.950,0.08,-0.02,4.92,4.92
-4.940,0.08,-0.02,4.92,4.92
-4.930,0.08,-0.02,4.91,4.91
-4.920,0.08,-0.02,4.91,4.91
-4.910,0.08,-0.02,4.91,4.91
-4.900,0.08,-0.02,4.91,4.91
-4.890,0.08,-0.02,4.91,4.91
-4.880,0.08,-0.02,4.91,4.91
-4.870,0.08,-0.02,4.91,4.91
-4.860,0.08,-0.02,4.92,4.92
-4.850,0.08,-0.02,4.92,4.92
-4.840,0.08,-0.02,4.92,4.92
-4.830,0.08,-0.02,4.91,4.92
-4.820,0.08,-0.02,4.91,4.91
-4.810,0.08,-0.02,4.91,4.91
-4.800,0.08,-0.02,4.91,4.91
-4.790,0.08,-0.02,4.91,4.91
-4.780,0.08,-0.02,4.91,4.91
-4.770,0.08,-0.02,4.92,4.92
-4.760,0.08,-0.02,4.92,4.92
-4.750,0.08,-0.02,4.92,4.92
-4.740,0.08,-0.02,4.92,4.92
-4.730,0.08,-0.02,4.92,4.92
-4.720,0.08,-0.02,4.92,4.92
-4.710,0.08,-0.02,4.91,4.92
-4.700,0.08,-0.02,4.91,4.92
-4.690,0.08,-0.02,4.92,4.92
-4.680,0.08,-0.02,4.92,4.92
-4.670,0.08,-0.02,4.92,4.92
-4.660,0.08,-0.02,4.92,4.92
-4.650,0.08,-0.02,4.92,4.92
-4.640,0.08,-0.02,4.92,4.92
-4.630,0.08,-0.02,4.92,4.92
-4.620,0.08,-0.02,4.92,4.92
-4.610,0.08,-0.02,4.92,4.92
-4.600,0.08,-0.02,4.92,4.92
-4.590,0.08,-0.02,4.93,4.93
-4.580,0.08,-0.02,4.93,4.93
-4.570,0.08,-0.02,4.93,4.93
-4.560,0.08,-0.02,4.92,4.92
-4.550,0.08,-0.02,4.92,4.92
-4.540,0.08,-0.02,4.92,4.92
-4.530,0.08,-0.02,4.92,4.92
-4.520,0.08,-0.02,4.92,4.92
-4.510,0.08,-0.02,4.92,4.92
-4.500,0.08,-0.02,4.92,4.92
-4.490,0.08,-0.02,4.92,4.92
-4.480,0.08,-0.02,4.92,4.92
-4.470,0.08,-0.02,4.91,4.92
-4.460,0.08,-0.02,4.91,4.91
-4.450,0.08,-0.02,4.91,4.91
-4.440,0.08,-0.02,4.91,4.91
-4.430,0.08,-0.02,4.92,4.92
-4.420,0.08,-0.02,4.92,4.92
-4.410,0.08,-0.02,4.93,4.93
-4.400,0.08,-0.02,4.93,4.93
-4.390,0.08,-0.02,4.92,4.92
-4.380,0.08,-0.02,4.91,4.91
-4.370,0.08,-0.02,4.91,4.91
-4.360,0.08,-0.02,4.91,4.91
-4.350,0.08,-0.02,4.91,4.91
-4.340,0.08,-0.02,4.92,4.92
-4.330,0.08,-0.02,4.92,4.92
-4.320,0.08,-0.02,4.92,4.92
-4.310,0.08,-0.02,4.92,4.92
-4.300,0.08,-0.02,4.92,4.92
-4.290,0.08,-0.02,4.92,4.92
-4.280,0.08,-0.02,4.92,4.92
-4.270,0.08,-0.02,4.92,4.92
-4.260,0.08,-0.02,4.93,4.93
-4.250,0.08,-0.02,4.93,4.93
-4.240,0.08,-0.02,4.93,4.93
-4.230,0.08,-0.02,4.92,4.92
-4.220,0.08,-0.02,4.91,4.91
-4.210,0.08,-0.02,4.90,4.90
-4.200,0.08,-0.02,4.89,4.89
-4.190,0.08,-0.02,4.89,4.90
-4.180,0.08,-0.02,4.90,4.90
-4.170,0.08,-0.02,4.91,4.91
-4.160,0.08,-0.02,4.92,4.92
-4.150,0.08,-0.02,4.93,4.93
-4.140,0.08,-0.02,4.93,4.93
-4.130,0.08,-0.02,4.92,4.92
-4.120,0.08,-0.02,4.92,4.92
-4.110,0.08,-0.02,4.92,4.92
-4.100,0.08,-0.02,4.92,4.92
-4.090,0.08,-0.02,4.93,4.93
-4.080,0.08,-0.02,4.94,4.94
-4.070,0.08,-0.02,4.94,4.94
-4.060,0.08,-0.02,4.93,4.93
-4.050,0.08,-0.02,4.93,4.93
-4.040,0.08,-0.02,4.92,4.92
-4.030,0.08,-0.02,4.91,4.92
-4.020,0.08,-0.02,4.91,4.91
-4.010,0.08,-0.02,4.92,4.92
-4.000,0.08,-0.02,4.92,4.92
-3.990,0.08,-0.02,4.92,4.92
-3.980,0.08,-0.02,4.92,4.92
-3.970,0.08,-0.02,4.92,4.92
-3.960,0.08,-0.02,4.92,4.92
-3.950,0.08,-0.02,4.92,4.92
-3.940,0.08,-0.02,4.92,4.92
-3.930,0.08,-0.02,4.92,4.92
-3.920,0.08,-0.02,4.93,4.93
-3.910,0.08,-0.02,4.93,4.93
-3.900,0.08,-0.02,4.92,4.92
-3.890,0.08,-0.02,4.92,4.92
-3.880,0.08,-0.02,4.92,4.92
-3.870,0.08,-0.02,4.92,4.92
-3.860,0.08,-0.02,4.92,4.92
-3.850,0.08,-0.02,4.92,4.92
-3.840,0.08,-0.02,4.92,4.92
-3.830,0.08,-0.02,4.93,4.93
-3.820,0.08,-0.02,4.93,4.93
-3.810,0.08,-0.02,4.93,4.93
-3.800,0.08,-0.02,4.92,4.92
-3.790,0.08,-0.02,4.93,4.93
-3.780,0.08,-0.02,4.93,4.93
-3.770,0.08,-0.02,4.92,4.93
-3.760,0.08,-0.02,4.92,4.93
-3.750,0.08,-0.02,4.93,4.93
-3.740,0.08,-0.02,4.93,4.93
-3.730,0.08,-0.02,4.93,4.93
-3.720,0.08,-0.02,4.92,4.92
-3.710,0.08,-0.02,4.92,4.92
-3.700,0.08,-0.02,4.92,4.92
-3.690,0.08,-0.02,4.92,4.92
-3.680,0.08,-0.02,4.93,4.93
-3.670,0.08,-0.02,4.93,4.93
-3.660,0.08,-0.02,4.92,4.92
-3.650,0.08,-0.02,4.91,4.91
-3.640,0.08,-0.02,4.91,4.91
-3.630,0.08,-0.02,4.91,4.91
-3.620,0.08,-0.02,4.92,4.92
-3.610,0.08,-0.02,4.93,4.93
-3.600,0.08,-0.02,4.93,4.94
-3.590,0.08,-0.02,4.94,4.94
-3.580,0.08,-0.02,4.94,4.94
-3.570,0.08,-0.02,4.93,4.93
-3.560,0.08,-0.02,4.92,4.92
-3.550,0.08,-0.02,4.92,4.92
-3.540,0.08,-0.02,4.91,4.91
-3.530,0.08,-0.02,4.92,4.92
-3.520,0.08,-0.02,4.93,4.93
-3.510,0.08,-0.02,4.93,4.93
-3.500,0.08,-0.02,4.93,4.93
-3.490,0.08,-0.02,4.93,4.93
-3.480,0.08,-0.02,4.92,4.92
-3.470,0.08,-0.02,4.91,4.92
-3.460,0.08,-0.02,4.91,4.91
-3.450,0.08,-0.02,4.92,4.92
-3.440,0.08,-0.02,4.92,4.92
-3.430,0.08,-0.02,4.92,4.92
-3.420,0.08,-0.02,4.93,4.93
-3.410,0.08,-0.02,4.93,4.93
-3.400,0.08,-0.02,4.93,4.93
-3.390,0.08,-0.02,4.92,4.92
-3.380,0.08,-0.02,4.91,4.92
-3.370,0.08,-0.02,4.92,4.92
-3.360,0.08,-0.02,4.92,4.92
-3.350,0.08,-0.02,4.93,4.93
-3.340,0.08,-0.02,4.93,4.93
-3.330,0.08,-0.02,4.93,4.93
-3.320,0.08,-0.02,4.92,4.92
-3.310,0.08,-0.02,4.91,4.91
-3.300,0.08,-0.02,4.91,4.91
-3.290,0.08,-0.02,4.91,4.91
-3.280,0.08,-0.02,4.92,4.92
-3.270,0.08,-0.02,4.92,4.92
-3.260,0.08,-0.02,4.93,4.93
-3.250,0.08,-0.02,4.93,4.93
-3.240,0.08,-0.02,4.93,4.93
-3.230,0.08,-0.02,4.92,4.92
-3.220,0.08,-0.02,4.92,4.92
-3.210,0.08,-0.02,4.91,4.91
-3.200,0.08,-0.02,4.91,4.91
-3.190,0.08,-0.02,4.92,4.92
-3.180,0.08,-0.02,4.92,4.92
-3.170,0.08,-0.02,4.92,4.93
-3.160,0.08,-0.02,4.93,4.93
-3.150,0.08,-0.02,4.93,4.93
-3.140,0.08,-0.02,4.92,4.92
-3.130,0.08,-0.02,4.91,4.91
-3.120,0.08,-0.02,4.91,4.91
-3.110,0.08,-0.02,4.92,4.92
-3.100,0.08,-0.02,4.93,4.93
-3.090,0.08,-0.02,4.93,4.93
-3.080,0.08,-0.02,4.93,4.93
-3.070,0.08,-0.02,4.92,4.92
-3.060,0.08,-0.02,4.91,4.91
-3.050,0.08,-0.02,4.91,4.91
-3.040,0.08,-0.02,4.91,4.91
-3.030,0.08,-0.02,4.92,4.92
-3.020,0.08,-0.02,4.93,4.93
-3.010,0.08,-0.02,4.94,4.94
-3.000,0.08,-0.02,4.94,4.94
-2.990,0.08,-0.02,4.93,4.93
-2.980,0.08,-0.02,4.93,4.93
-2.970,0.08,-0.02,4.92,4.92
-2.960,0.08,-0.02,4.91,4.91
-2.950,0.08,-0.02,4.91,4.91
-2.940,0.08,-0.02,4.92,4.92
-2.930,0.08,-0.02,4.93,4.93
-2.920,0.08,-0.02,4.94,4.94
-2.910,0.08,-0.02,4.93,4.93
-2.900,0.08,-0.02,4.93,4.93
-2.890,0.08,-0.02,4.92,4.92
-2.880,0.08,-0.02,4.91,4.91
-2.870,0.08,-0.02,4.91,4.91
-2.860,0.08,-0.02,4.92,4.92
-2.850,0.08,-0.02,4.92,4.92
-2.840,0.08,-0.02,4.92,4.92
-2.830,0.08,-0.02,4.93,4.93
-2.820,0.08,-0.02,4.92,4.92
-2.810,0.08,-0.02,4.92,4.92
-2.800,0.08,-0.02,4.92,4.92
-2.790,0.08,-0.02,4.92,4.92
-2.780,0.08,-0.02,4.92,4.93
-2.770,0.08,-0.02,4.92,4.93
-2.760,0.08,-0.02,4.93,4.93
-2.750,0.08,-0.02,4.93,4.93
-2.740,0.08,-0.02,4.92,4.92
-2.730,0.08,-0.02,4.92,4.92
-2.720,0.08,-0.02,4.92,4.92
-2.710,0.08,-0.02,4.91,4.92
-2.700,0.08,-0.02,4.92,4.92
-2.690,0.08,-0.02,4.92,4.93
-2.680,0.08,-0.02,4.93,4.93
-2.670,0.08,-0.02,4.93,4.93
-2.660,0.08,-0.02,4.93,4.93
-2.650,0.08,-0.02,4.92,4.92
-2.640,0.08,-0.02,4.92,4.92
-2.630,0.08,-0.02,4.91,4.92
-2.620,0.08,-0.02,4.92,4.92
-2.610,0.08,-0.02,4.93,4.93
-2.600,0.08,-0.02,4.93,4.93
-2.590,0.08,-0.02,4.93,4.93
-2.580,0.08,-0.02,4.93,4.93
-2.570,0.08,-0.02,4.93,4.93
-2.560,0.08,-0.02,4.93,4.93
-2.550,0.08,-0.02,4.93,4.93
-2.540,0.08,-0.02,4.93,4.93
-2.530,0.08,-0.02,4.92,4.92
-2.520,0.08,-0.02,4.92,4.92
-2.510,0.08,-0.02,4.92,4.92
-2.500,0.08,-0.02,4.92,4.92
-2.490,0.08,-0.02,4.92,4.92
-2.480,0.08,-0.02,4.92,4.92
-2.470,0.08,-0.02,4.93,4.93
-2.460,0.08,-0.02,4.93,4.93
-2.450,0.08,-0.02,4.93,4.93
-2.440,0.08,-0.02,4.93,4.93
-2.430,0.08,-0.02,4.92,4.92
-2.420,0.08,-0.02,4.92,4.92
-2.410,0.08,-0.02,4.92,4.92
-2.400,0.08,-0.02,4.92,4.92
-2.390,0.08,-0.02,4.93,4.93
-2.380,0.08,-0.02,4.93,4.93
-2.370,0.08,-0.02,4.92,4.92
-2.360,0.08,-0.02,4.91,4.91
-2.350,0.08,-0.02,4.91,4.91
-2.340,0.08,-0.02,4.91,4.92
-2.330,0.08,-0.02,4.92,4.92
-2.320,0.08,-0.02,4.93,4.93
-2.310,0.08,-0.02,4.93,4.93
-2.300,0.08,-0.02,4.93,4.93
-2.290,0.08,-0.02,4.92,4.92
-2.280,0.08,-0.02,4.91,4.91
-2.270,0.08,-0.02,4.91,4.91
-2.260,0.08,-0.02,4.92,4.92
-2.250,0.08,-0.02,4.93,4.93
-2.240,0.08,-0.02,4.93,4.93
-2.230,0.08,-0.02,4.93,4.93
-2.220,0.08,-0.02,4.93,4.93
-2.210,0.08,-0.02,4.93,4.93
-2.200,0.08,-0.02,4.92,4.92
-2.190,0.08,-0.02,4.92,4.92
-2.180,0.08,-0.02,4.92,4.92
-2.170,0.08,-0.02,4.92,4.92
-2.160,0.08,-0.02,4.92,4.92
-2.150,0.08,-0.02,4.93,4.93
-2.140,0.08,-0.02,4.93,4.93
-2.130,0.08,-0.02,4.92,4.92
-2.120,0.08,-0.02,4.92,4.92
-2.110,0.08,-0.02,4.92,4.92
-2.100,0.08,-0.02,4.92,4.92
-2.090,0.08,-0.02,4.92,4.92
-2.080,0.08,-0.02,4.92,4.93
-2.070,0.08,-0.02,4.93,4.93
-2.060,0.08,-0.02,4.93,4.93
-2.050,0.08,-0.02,4.92,4.93
-2.040,0.08,-0.02,4.92,4.92
-2.030,0.08,-0.02,4.92,4.92
-2.020,0.08,-0.02,4.92,4.92
-2.010,0.08,-0.02,4.93,4.93
-2.000,0.08,-0.02,4.93,4.93
-1.990,0.08,-0.02,4.93,4.93
-1.980,0.08,-0.02,4.92,4.92
-1.970,0.08,-0.02,4.92,4.92
-1.960,0.08,-0.02,4.92,4.92
-1.950,0.08,-0.02,4.92,4.92
-1.940,0.08,-0.02,4.92,4.92
-1.930,0.08,-0.02,4.92,4.92
-1.920,0.08,-0.02,4.93,4.93
-1.910,0.08,-0.02,4.94,4.94
-1.900,0.08,-0.02,4.95,4.95
-1.890,0.08,-0.02,4.96,4.96
-1.880,0.08,-0.02,4.96,4.96
-1.870,0.08,-0.02,4.94,4.95
-1.860,0.08,-0.02,4.93,4.93
-1.850,0.08,-0.02,4.93,4.93
-1.840,0.08,-0.02,4.92,4.92
-1.830,0.08,-0.02,4.92,4.92
-1.820,0.08,-0.02,4.92,4.92
-1.810,0.08,-0.02,4.92,4.92
-1.800,0.08,-0.02,4.92,4.92
-1.790,0.08,-0.02,4.92,4.92
-1.780,0.08,-0.02,4.92,4.92
-1.770,0.08,-0.02,4.91,4.91
-1.760,0.08,-0.02,4.91,4.91
-1.750,0.08,-0.02,4.91,4.91
-1.740,0.08,-0.02,4.92,4.92
-1.730,0.08,-0.02,4.93,4.93
-1.720,0.08,-0.02,4.94,4.94
-1.710,0.08,-0.02,4.94,4.94
-1.700,0.08,-0.02,4.93,4.93
-1.690,0.08,-0.02,4.92,4.92
-1.680,0.08,-0.02,4.92,4.92
-1.670,0.08,-0.02,4.92,4.92
-1.660,0.08,-0.02,4.92,4.92
-1.650,0.08,-0.02,4.92,4.92
-1.640,0.08,-0.02,4.93,4.93
-1.630,0.08,-0.02,4.93,4.93
-1.620,0.08,-0.02,4.92,4.92
-1.610,0.08,-0.02,4.91,4.91
-1.600,0.08,-0.02,4.91,4.92
-1.590,0.08,-0.02,4.92,4.92
-1.580,0.08,-0.02,4.93,4.93
-1.570,0.08,-0.02,4.94,4.94
-1.560,0.08,-0.02,4.94,4.94
-1.550,0.08,-0.02,4.94,4.95
-1.540,0.08,-0.02,4.94,4.94
-1.530,0.08,-0.02,4.94,4.94
-1.520,0.08,-0.02,4.93,4.93
-1.510,0.08,-0.02,4.93,4.93
-1.500,0.08,-0.02,4.92,4.93
-1.490,0.08,-0.02,4.93,4.93
-1.480,0.08,-0.02,4.93,4.93
-1.470,0.08,-0.02,4.93,4.93
-1.460,0.08,-0.02,4.93,4.93
-1.450,0.08,-0.02,4.92,4.92
-1.440,0.08,-0.02,4.92,4.92
-1.430,0.08,-0.02,4.92,4.92
-1.420,0.08,-0.02,4.92,4.92
-1.410,0.08,-0.02,4.92,4.92
-1.400,0.08,-0.02,4.93,4.93
-1.390,0.08,-0.02,4.94,4.94
-1.380,0.08,-0.02,4.94,4.94
-1.370,0.08,-0.02,4.93,4.93
-1.360,0.08,-0.02,4.93,4.93
-1.350,0.08,-0.02,4.93,4.93
-1.340,0.08,-0.02,4.92,4.92
-1.330,0.08,-0.02,4.92,4.92
-1.320,0.08,-0.02,4.92,4.92
-1.310,0.08,-0.02,4.92,4.92
-1.300,0.08,-0.02,4.93,4.93
-1.290,0.08,-0.02,4.93,4.93
-1.280,0.08,-0.02,4.93,4.93
-1.270,0.08,-0.02,4.92,4.92
-1.260,0.08,-0.02,4.92,4.92
-1.250,0.08,-0.02,4.91,4.91
-1.240,0.08,-0.02,4.92,4.92
-1.230,0.08,-0.02,4.93,4.93
-1.220,0.08,-0.02,4.94,4.94
-1.210,0.08,-0.02,4.94,4.94
-1.200,0.08,-0.02,4.94,4.94
-1.190,0.08,-0.02,4.94,4.94
-1.180,0.08,-0.02,4.93,4.93
-1.170,0.08,-0.02,4.93,4.93
-1.160,0.08,-0.02,4.92,4.92
-1.150,0.08,-0.02,4.91,4.91
-1.140,0.08,-0.02,4.91,4.91
-1.130,0.08,-0.02,4.92,4.92
-1.120,0.08,-0.02,4.92,4.92
-1.110,0.08,-0.02,4.92,4.92
-1.100,0.08,-0.02,4.92,4.92
-1.090,0.08,-0.02,4.91,4.91
-1.080,0.08,-0.02,4.91,4.91
-1.070,0.08,-0.02,4.91,4.92
-1.060,0.08,-0.02,4.92,4.92
-1.050,0.08,-0.02,4.92,4.92
-1.040,0.08,-0.02,4.93,4.93
-1.030,0.08,-0.02,4.93,4.94
-1.020,0.08,-0.02,4.94,4.94
-1.010,0.08,-0.02,4.93,4.93
-1.000,0.08,-0.02,4.92,4.92
-0.990,0.08,-0.02,4.92,4.92
-0.980,0.08,-0.02,4.92,4.92
-0.970,0.08,-0.02,4.93,4.93
-0.960,0.08,-0.02,4.93,4.93
-0.950,0.08,-0.02,4.94,4.94
-0.940,0.08,-0.02,4.94,4.94
-0.930,0.08,-0.02,4.94,4.94
-0.920,0.08,-0.02,4.93,4.93
-0.910,0.08,-0.02,4.93,4.93
-0.900,0.08,-0.02,4.92,4.92
-0.890,0.08,-0.02,4.93,4.93
-0.880,0.08,-0.02,4.93,4.93
-0.870,0.08,-0.02,4.94,4.94
-0.860,0.08,-0.02,4.94,4.94
-0.850,0.08,-0.02,4.94,4.94
-0.840,0.08,-0.02,4.94,4.94
-0.830,0.08,-0.02,4.93,4.93
-0.820,0.08,-0.02,4.93,4.93
-0.810,0.08,-0.02,4.93,4.93
-0.800,0.08,-0.02,4.93,4.93
-0.790,0.08,-0.02,4.94,4.94
-0.780,0.08,-0.02,4.94,4.94
-0.770,0.08,-0.02,4.94,4.94
-0.760,0.08,-0.02,4.93,4.93
-0.750,0.08,-0.02,4.93,4.93
-0.740,0.08,-0.02,4.93,4.93
-0.730,0.08,-0.02,4.93,4.93
-0.720,0.08,-0.02,4.93,4.93
-0.710,0.08,-0.02,4.94,4.94
-0.700,0.08,-0.02,4.94,4.94
-0.690,0.08,-0.02,4.94,4.94
-0.680,0.08,-0.02,4.93,4.93
-0.670,0.08,-0.02,4.93,4.93
-0.660,0.08,-0.02,4.92,4.93
-0.650,0.08,-0.02,4.92,4.92
-0.640,0.08,-0.02,4.93,4.93
-0.630,0.08,-0.02,4.93,4.93
-0.620,0.08,-0.02,4.93,4.93
-0.610,0.08,-0.02,4.93,4.93
-0.600,0.08,-0.02,4.93,4.93
-0.590,0.08,-0.02,4.93,4.93
-0.580,0.08,-0.02,4.92,4.93
-0.570,0.08,-0.02,4.92,4.92
-0.560,0.08,-0.02,4.92,4.92
-0.550,0.08,-0.02,4.92,4.92
-0.540,0.08,-0.02,4.92,4.92
-0.530,0.08,-0.02,4.93,4.93
-0.520,0.08,-0.02,4.93,4.93
-0.510,0.08,-0.02,4.93,4.93
-0.495,0.08,-0.02,4.93,4.93
-0.490,0.08,-0.02,4.93,4.93
-0.480,0.08,-0.02,4.93,4.93
-0.470,0.08,-0.02,4.93,4.93
-0.460,0.08,-0.02,4.93,4.93
-0.450,0.08,-0.02,4.93,4.93
-0.440,0.08,-0.02,4.93,4.93
-0.430,0.08,-0.02,4.92,4.92
-0.420,0.08,-0.02,4.92,4.92
-0.410,0.08,-0.02,4.92,4.92
-0.400,0.08,-0.02,4.93,4.93
-0.390,0.08,-0.02,4.93,4.93
-0.380,0.08,-0.02,4.93,4.93
-0.370,0.08,-0.02,4.93,4.93
-0.360,0.08,-0.02,4.93,4.93
-0.350,0.08,-0.02,4.93,4.93
-0.340,0.08,-0.02,4.92,4.93
-0.330,0.08,-0.02,4.92,4.92
-0.320,0.08,-0.02,4.93,4.93
-0.310,0.08,-0.02,4.93,4.93
-0.300,0.08,-0.02,4.93,4.93
-0.290,0.08,-0.02,4.93,4.93
-0.280,0.08,-0.02,4.92,4.92
-0.270,0.08,-0.02,4.92,4.92
-0.260,0.08,-0.02,4.92,4.92
-0.250,0.08,-0.02,4.92,4.92
-0.240,0.08,-0.02,4.92,4.92
-0.230,0.08,-0.02,4.92,4.92
-0.220,0.08,-0.02,4.93,4.93
-0.210,0.08,-0.02,4.93,4.93
-0.200,0.08,-0.02,4.93,4.93
-0.190,0.08,-0.02,4.93,4.93
-0.180,0.08,-0.02,4.93,4.93
-0.170,0.08,-0.02,4.93,4.93
-0.160,0.08,-0.02,4.93,4.93
-0.150,0.08,-0.02,4.92,4.92
-0.140,0.08,-0.02,4.92,4.93
-0.130,0.08,-0.02,4.92,4.92
-0.120,0.08,-0.02,4.92,4.92
-0.110,0.08,-0.02,4.93,4.93
-0.100,0.08,-0.02,4.93,4.93
-0.090,0.08,-0.02,4.93,4.93
-0.080,0.08,-0.02,4.93,4.93
-0.070,0.08,-0.02,4.93,4.93
-0.060,0.08,-0.02,4.92,4.92
-0.050,0.08,-0.02,4.92,4.92
-0.040,0.08,-0.02,4.92,4.92
-0.030,0.08,-0.02,4.93,4.93
-0.020,0.08,-0.02,4.93,4.93
-0.010,0.08,-0.02,4.94,4.94
-0.000,0.08,-0.02,4.94,4.94
0.010,0.08,-0.02,4.93,4.93
0.020,0.08,-0.02,4.93,4.93
0.030,0.08,-0.02,4.93,4.93
0.040,0.08,-0.02,4.92,4.93
0.050,0.08,-0.02,4.93,4.93
0.060,0.08,-0.02,4.93,4.93
0.070,0.08,-0.02,5.09,5.09
0.080,0.08,-0.02,5.07,5.07
0.090,0.09,-0.02,5.18,5.18
0.100,0.08,-0.02,5.02,5.02
0.110,0.08,-0.02,4.79,4.79
0.120,0.08,-0.02,4.57,4.57
0.130,0.08,-0.03,4.47,4.47
0.140,0.08,-0.03,4.45,4.46
0.150,0.08,-0.03,4.24,4.24
0.160,0.08,-0.03,4.35,4.36
0.170,0.08,-0.03,4.45,4.45
0.180,0.09,-0.03,4.62,4.62
0.190,0.09,-0.04,4.82,4.82
0.200,0.10,-0.04,4.94,4.94
0.210,0.10,-0.04,4.98,4.99
0.220,0.10,-0.04,5.05,5.05
0.230,0.10,-0.04,5.04,5.04
0.240,0.10,-0.04,4.96,4.96
0.250,0.09,-0.05,4.91,4.91
0.260,0.09,-0.05,4.85,4.85
0.270,0.09,-0.05,4.83,4.83
0.280,0.09,-0.05,4.72,4.73
0.290,0.09,-0.05,4.87,4.87
0.300,0.08,-0.05,4.80,4.80
0.310,0.08,-0.06,4.79,4.79
0.320,0.08,-0.06,4.71,4.71
0.330,0.07,-0.05,4.62,4.62
0.340,0.07,-0.05,4.53,4.53
0.350,0.06,-0.05,4.12,4.12
0.360,0.06,-0.05,4.10,4.10
0.370,0.06,-0.05,4.23,4.23
0.380,0.06,-0.06,4.48,4.48
0.390,0.06,-0.06,4.66,4.66
0.400,0.06,-0.07,4.78,4.78
0.410,0.06,-0.07,4.89,4.89
0.420,0.07,-0.08,5.11,5.11
0.430,0.07,-0.08,5.28,5.29
0.440,0.06,-0.08,5.19,5.19
0.450,0.06,-0.08,5.04,5.04
0.460,0.06,-0.08,4.91,4.91
0.470,0.05,-0.08,4.83,4.83
0.480,0.05,-0.08,4.70,4.71
0.490,0.05,-0.09,4.73,4.73
0.500,0.04,-0.09,4.72,4.72
0.510,0.04,-0.09,4.58,4.58
0.520,0.04,-0.09,4.46,4.46
0.530,0.04,-0.09,4.37,4.37
0.540,0.04,-0.09,4.39,4.39
0.550,0.03,-0.09,4.47,4.47
0.560,0.03,-0.10,4.76,4.76
0.570,0.03,-0.10,4.79,4.79
0.580,0.03,-0.10,4.70,4.70
0.590,0.02,-0.10,4.57,4.57
0.600,0.02,-0.10,4.50,4.50
0.610,0.02,-0.09,4.38,4.38
0.620,0.01,-0.08,3.85,3.86
0.630,0.01,-0.08,3.96,3.96
0.640,0.01,-0.09,4.21,4.21
0.650,0.00,-0.09,4.38,4.38
0.660,0.00,-0.10,4.50,4.50
0.670,-0.00,-0.10,4.59,4.59
0.680,-0.00,-0.10,4.67,4.67
0.690,-0.01,-0.11,4.98,4.98
0.700,-0.01,-0.11,5.08,5.08
0.710,-0.01,-0.11,5.00,5.00
0.720,-0.01,-0.11,4.85,4.85
0.730,-0.02,-0.11,4.76,4.76
0.740,-0.02,-0.11,4.75,4.76
0.750,-0.02,-0.10,4.64,4.65
0.760,-0.03,-0.10,4.58,4.58
0.770,-0.03,-0.10,4.56,4.56
0.780,-0.03,-0.10,4.55,4.55
0.790,-0.04,-0.10,4.56,4.56
0.800,-0.04,-0.10,4.64,4.64
0.810,-0.04,-0.10,4.75,4.75
0.820,-0.05,-0.10,4.74,4.74
0.830,-0.05,-0.11,4.79,4.79
0.840,-0.05,-0.11,4.82,4.82
0.850,-0.05,-0.10,4.78,4.78
0.860,-0.06,-0.10,4.79,4.79
0.870,-0.06,-0.11,4.86,4.86
0.880,-0.06,-0.10,4.77,4.78
0.890,-0.06,-0.10,4.73,4.73
0.900,-0.07,-0.10,4.77,4.77
0.910,-0.07,-0.10,4.86,4.86
0.920,-0.08,-0.10,4.96,4.96
0.930,-0.08,-0.10,5.01,5.01
0.940,-0.09,-0.10,5.03,5.03
0.950,-0.09,-0.10,4.91,4.92
0.960,-0.09,-0.10,4.74,4.74
0.970,-0.09,-0.10,4.76,4.76
0.980,-0.09,-0.10,4.82,4.82
0.990,-0.10,-0.10,4.91,4.92
1.000,-0.10,-0.10,4.98,4.98
1.010,-0.10,-0.10,5.06,5.06
1.020,-0.11,-0.11,5.12,5.12
1.030,-0.11,-0.11,5.17,5.17
1.040,-0.11,-0.12,5.25,5.25
1.050,-0.12,-0.12,5.38,5.38
1.060,-0.12,-0.13,5.38,5.38
1.070,-0.12,-0.13,5.35,5.35
1.080,-0.12,-0.13,5.40,5.41
1.090,-0.13,-0.14,5.53,5.53
1.100,-0.13,-0.14,5.42,5.42
1.110,-0.13,-0.14,5.19,5.19
1.120,-0.13,-0.13,5.06,5.06
1.130,-0.12,-0.13,4.91,4.91
1.140,-0.12,-0.13,4.81,4.81
1.150,-0.12,-0.12,4.73,4.73
1.160,-0.13,-0.12,4.79,4.80
1.170,-0.13,-0.13,4.88,4.88
1.180,-0.14,-0.13,4.96,4.96
1.190,-0.14,-0.13,5.04,5.04
1.200,-0.14,-0.13,5.07,5.08
1.210,-0.15,-0.13,5.10,5.10
1.220,-0.15,-0.12,5.07,5.08
1.230,-0.15,-0.12,5.10,5.11
1.240,-0.16,-0.12,5.17,5.17
1.250,-0.16,-0.12,5.28,5.28
1.260,-0.17,-0.13,5.35,5.35
1.270,-0.17,-0.12,5.32,5.32
1.280,-0.18,-0.12,5.31,5.31
1.290,-0.18,-0.12,5.38,5.39
1.300,-0.19,-0.12,5.47,5.48
1.310,-0.19,-0.12,5.50,5.50
1.320,-0.19,-0.12,5.47,5.48
1.330,-0.19,-0.12,5.44,5.45
1.340,-0.19,-0.12,5.45,5.46
1.350,-0.19,-0.11,5.45,5.45
1.360,-0.20,-0.11,5.47,5.47
1.370,-0.20,-0.12,5.50,5.51
1.380,-0.21,-0.12,5.53,5.53
1.390,-0.21,-0.12,5.50,5.50
1.400,-0.21,-0.12,5.43,5.44
1.410,-0.22,-0.12,5.44,5.45
1.420,-0.23,-0.12,5.56,5.57
1.430,-0.23,-0.12,5.57,5.58
1.440,-0.23,-0.12,5.46,5.46
1.450,-0.22,-0.11,5.31,5.32
1.460,-0.22,-0.11,5.28,5.28
1.470,-0.22,-0.10,5.30,5.30
1.480,-0.21,-0.10,5.13,5.14
1.490,-0.21,-0.09,4.87,4.88
1.500,-0.19,-0.08,4.40,4.41
1.510,-0.17,-0.07,3.89,3.89
1.520,-0.15,-0.06,3.43,3.44
1.530,-0.14,-0.05,2.98,2.99
1.540,-0.12,-0.04,2.49,2.50
1.550,-0.09,-0.03,1.83,1.83
1.560,-0.06,-0.02,1.34,1.34
1.570,-0.04,-0.01,0.90,0.91
1.580,-0.02,-0.01,0.42,0.42
1.590,0.00,0.00,0.00,0.00
1.600,0.00,0.00,0.00,0.00
1.610,0.00,0.00,0.00,0.00
1.620,0.00,0.00,0.00,0.00
1.630,0.00,0.00,0.00,0.00
1.640,0.00,0.00,0.00,0.00
1.650,0.00,0.00,0.00,0.00
1.660,0.00,0.00,0.00,0.00
1.670,0.00,0.00,0.00,0.00
1.680,0.03,0.01,-0.59,0.59
1.690,0.08,0.02,-1.40,1.41
1.700,0.12,0.03,-2.07,2.08
1.710,0.15,0.03,-2.74,2.74
1.720,0.19,0.04,-3.43,3.43
1.730,0.23,0.05,-4.05,4.06
1.740,0.26,0.05,-4.67,4.67
1.750,0.28,0.06,-5.15,5.16
1.760,0.31,0.06,-5.60,5.61
1.770,0.35,0.06,-6.28,6.29
1.780,0.39,0.07,-6.96,6.97
1.790,0.44,0.07,-7.66,7.67
1.800,0.50,0.14,-8.36,8.38
1.810,0.57,0.26,-9.10,9.12
1.820,0.68,0.56,-9.99,10.03
1.930,0.68,0.56,-9.99,10.03
1.930,0.68,0.56,-9.99,10.03
1.930,0.68,0.56,-9.99,10.03
1.930,0.68,0.56,-9.99,10.03
1.930,0.68,0.56,-9.99,10.03
1.930,0.68,0.56,-9.99,10.03
1.930,0.68,0.56,-9.99,10.03
1.930,0.68,0.56,-9.99,10.03
1.930,0.68,0.56,-9.99,10.03
1.930,0.68,0.56,-9.99,10.03
1.940,0.68,0.56,-9.99,10.03
1.950,0.68,0.56,-9.99,10.03
1.960,0.68,0.56,-9.99,10.03
1.970,0.68,0.56,-9.99,10.03
1.980,0.68,0.56,-9.99,10.03
1.990,0.68,0.56,-9.99,10.03
2.000,0.68,0.56,-9.99,10.03
2.010,0.68,0.56,-9.99,10.03
2.020,0.68,0.56,-9.99,10.03
2.030,0.68,0.56,-9.99,10.03
2.040,0.68,0.56,-9.99,10.03
2.050,0.68,0.56,-9.99,10.03
2.060,0.68,0.56,-9.99,10.03
2.070,0.68,0.56,-9.99,10.03
2.080,0.68,0.56,-9.99,10.03
2.090,0.68,0.56,-9.99,10.03
2.100,0.68,0.56,-9.99,10.03
2.110,0.68,0.56,-9.99,10.03
2.120,0.68,0.56,-9.99,10.03
2.130,0.68,0.56,-9.99,10.03
2.140,0.68,0.56,-9.99,10.03
2.150,0.68,0.56,-9.99,10.03
2.160,0.68,0.56,-9.99,10.03
2.170,0.68,0.56,-9.99,10.03
2.180,0.68,0.56,-9.99,10.03
2.190,0.68,0.56,-9.99,10.03
2.200,0.68,0.56,-9.99,10.03
2.210,0.68,0.56,-9.99,10.03
2.220,0.68,0.56,-9.99,10.03
2.230,0.68,0.56,-9.99,10.03
2.240,0.68,0.56,-9.99,10.03
2.250,0.68,0.56,-9.99,10.03
2.260,0.68,0.56,-9.99,10.03
2.270,0.68,0.56,-9.99,10.03
2.280,0.68,0.56,-9.99,10.03
2.290,0.68,0.56,-9.99,10.03
2.300,0.68,0.56,-9.99,10.03
2.310,0.68,0.56,-9.99,10.03
2.320,0.68,0.56,-9.99,10.03
2.330,0.68,0.56,-9.99,10.03
2.340,0.68,0.56,-9.99,10.03
2.350,0.68,0.56,-9.99,10.03
2.360,0.68,0.56,-9.99,10.03
2.370,0.68,0.56,-9.99,10.03
2.380,0.68,0.56,-9.99,10.03
2.390,0.68,0.56,-9.99,10.03
2.400,0.68,0.56,-9.99,10.03
2.410,0.68,0.56,-9.99,10.03
2.420,0.68,0.56,-9.99,10.03
2.430,0.68,0.56,-9.99,10.03
2.440,0.68,0.56,-9.99,10.03
2.450,0.68,0.56,-9.99,10.03
2.460,0.68,0.56,-9.99,10.03
2.470,0.68,0.56,-9.99,10.03
2.480,0.68,0.56,-9.99,10.03
2.490,0.68,0.56,-9.99,10.03
2.500,0.68,0.56,-9.99,10.03
2.510,0.68,0.56,-9.99,10.03
2.520,0.68,0.56,-9.99,10.03
2.530,0.68,0.56,-9.99,10.03
2.540,0.68,0.56,-9.99,10.03
2.550,0.68,0.56,-9.99,10.03
2.560,0.68,0.56,-9.99,10.03
2.570,0.68,0.56,-9.99,10.03
2.580,0.68,0.56,-9.99,10.03
2.590,0.68,0.56,-9.99,10.03
2.600,0.68,0.56,-9.99,10.03
2.610,0.68,0.56,-9.99,10.03
2.620,0.68,0.56,-9.99,10.03
2.630,0.68,0.56,-9.99,10.03
2.640,0.68,0.56,-9.99,10.03
2.650,0.68,0.56,-9.99,10.03
2.660,0.68,0.56,-9.99,10.03
2.670,0.68,0.56,-9.99,10.03
2.680,0.68,0.56,-9.99,10.03
2.690,0.68,0.56,-9.99,10.03
2.700,0.68,0.56,-9.99,10.03
2.710,0.68,0.56,-9.99,10.03
2.720,0.68,0.56,-9.99,10.03
2.730,0.68,0.56,-9.99,10.03
2.740,0.68,0.56,-9.99,10.03
2.750,0.68,0.56,-9.99,10.03
2.760,0.68,0.56,-9.99,10.03
2.770,0.68,0.56,-9.99,10.03
2.780,0.68,0.56,-9.99,10.03
2.790,0.68,0.56,-9.99,10.03
2.800,0.68,0.56,-9.99,10.03
2.810,0.68,0.56,-9.99,10.03
2.820,0.68,0.56,-9.99,10.03
2.830,0.68,0.56,-9.99,10.03
2.840,0.68,0.56,-9.99,10.03
2.850,0.68,0.56,-9.99,10.03
2.860,0.68,0.56,-9.99,10.03
2.870,0.68,0.56,-9.99,10.03
2.880,0.68,0.56,-9.99,10.03
2.890,0.68,0.56,-9.99,10.03
2.900,0.68,0.56,-9.99,10.03
2.910,0.68,0.56,-9.99,10.03
2.920,0.68,0.56,-9.99,10.03
2.930,0.68,0.56,-9.99,10.03
2.940,0.68,0.56,-9.99,10.03
2.950,0.68,0.56,-9.99,10.03
2.960,0.68,0.56,-9.99,10.03
2.970,0.68,0.56,-9.99,10.03
2.980,0.68,0.56,-9.99,10.03
2.990,0.68,0.56,-9.99,10.03
3.000,0.68,0.56,-9.99,10.03
3.010,0.68,0.56,-9.99,10.03
3.020,0.68,0.56,-9.99,10.03
3.030,0.68,0.56,-9.99,10.03
3.040,0.68,0.56,-9.99,10.03
3.050,0.68,0.56,-9.99,10.03
3.060,0.68,0.56,-9.99,10.03
3.070,0.68,0.56,-9.99,10.03
3.080,0.68,0.56,-9.99,10.03
3.090,0.68,0.56,-9.99,10.03
3.100,0.68,0.56,-9.99,10.03
3.110,0.68,0.56,-9.99,10.03
3.120,0.68,0.56,-9.99,10.03
3.130,0.68,0.56,-9.99,10.03
3.140,0.68,0.56,-9.99,10.03
3.150,0.68,0.56,-9.99,10.03
3.160,0.68,0.56,-9.99,10.03
3.170,0.68,0.56,-9.99,10.03
3.180,0.68,0.56,-9.99,10.03
3.190,0.68,0.56,-9.99,10.03
3.200,0.68,0.56,-9.99,10.03
3.210,0.68,0.56,-9.99,10.03
3.220,0.68,0.56,-9.99,10.03
3.230,0.68,0.56,-9.99,10.03
3.240,0.68,0.56,-9.99,10.03
3.250,0.68,0.56,-9.99,10.03
3.260,0.68,0.56,-9.99,10.03
3.270,0.68,0.56,-9.99,10.03
3.280,0.68,0.56,-9.99,10.03
3.290,0.68,0.56,-9.99,10.03
3.300,0.68,0.56,-9.99,10.03
3.310,0.68,0.56,-9.99,10.03
3.320,0.68,0.56,-9.99,10.03
3.330,0.68,0.56,-9.99,10.03
3.340,0.68,0.56,-9.99,10.03
3.350,0.68,0.56,-9.99,10.03
3.360,0.68,0.56,-9.99,10.03
3.370,0.68,0.56,-9.99,10.03
3.380,0.68,0.56,-9.99,10.03
3.390,0.68,0.56,-9.99,10.03
3.400,0.68,0.56,-9.99,10.03
3.410,0.68,0.56,-9.99,10.03
3.420,0.68,0.56,-9.99,10.03
3.430,0.68,0.56,-9.99,10.03
3.440,0.68,0.56,-9.99,10.03
3.450,0.68,0.56,-9.99,10.03
3.460,0.68,0.56,-9.99,10.03
3.470,0.68,0.56,-9.99,10.03
3.480,0.68,0.56,-9.99,10.03
3.490,0.68,0.56,-9.99,10.03
3.500,0.68,0.56,-9.99,10.03
3.510,0.68,0.56,-9.99,10.03
3.520,0.68,0.56,-9.99,10.03
3.530,0.68,0.56,-9.99,10.03
3.540,0.68,0.56,-9.99,10.03
3.550,0.68,0.56,-9.99,10.03
3.560,0.68,0.56,-9.99,10.03
3.570,0.68,0.56,-9.99,10.03
3.580,0.68,0.56,-9.99,10.03
3.590,0.68,0.56,-9.99,10.03
3.600,0.68,0.56,-9.99,10.03
3.610,0.68,0.56,-9.99,10.03
3.620,0.68,0.56,-9.99,10.03
3.630,0.68,0.56,-9.99,10.03
3.640,0.68,0.56,-9.99,10.03
3.650,0.68,0.56,-9.99,10.03
3.660,0.68,0.56,-9.99,10.03
3.670,0.68,0.56,-9.99,10.03
3.680,0.68,0.56,-9.99,10.03
3.690,0.68,0.56,-9.99,10.03
3.700,0.68,0.56,-9.99,10.03
3.710,0.68,0.56,-9.99,10.03
3.720,0.68,0.56,-9.99,10.03
3.730,0.68,0.56,-9.99,10.03
3.740,0.68,0.56,-9.99,10.03
3.750,0.68,0.56,-9.99,10.03
3.760,0.68,0.56,-9.99,10.03
3.770,0.68,0.56,-9.99,10.03
3.780,0.68,0.56,-9.99,10.03
3.790,0.68,0.56,-9.99,10.03
3.800,0.68,0.56,-9.99,10.03
3.810,0.68,0.56,-9.99,10.03
3.820,0.68,0.56,-9.99,10.03
3.830,0.68,0.56,-9.99,10.03
3.840,0.68,0.56,-9.99,10.03
3.850,0.68,0.56,-9.99,10.03
3.860,0.68,0.56,-9.99,10.03
3.870,0.68,0.56,-9.99,10.03
3.880,0.68,0.56,-9.99,10.03
3.890,0.68,0.56,-9.99,10.03
3.900,0.68,0.56,-9.99,10.03
3.910,0.68,0.56,-9.99,10.03
3.920,0.68,0.56,-9.99,10.03
3.930,0.68,0.56,-9.99,10.03
3.940,0.68,0.56,-9.99,10.03
3.950,0.68,0.56,-9.99,10.03
3.960,0.68,0.56,-9.99,10.03
3.970,0.68,0.56,-9.99,10.03
3.980,0.68,0.56,-9.99,10.03
3.990,0.68,0.56,-9.99,10.03
4.000,0.68,0.56,-9.99,10.03
4.010,0.68,0.56,-9.99,10.03
4.020,0.68,0.56,-9.99,10.03
4.030,0.68,0.56,-9.99,10.03
4.040,0.68,0.56,-9.99,10.03
4.050,0.68,0.56,-9.99,10.03
4.060,0.68,0.56,-9.99,10.03
4.070,0.68,0.56,-9.99,10.03
4.080,0.68,0.56,-9.99,10.03
4.090,0.68,0.56,-9.99,10.03
4.100,0.68,0.56,-9.99,10.03
4.110,0.68,0.56,-9.99,10.03
4.120,0.68,0.56,-9.99,10.03
4.130,0.68,0.56,-9.99,10.03
4.140,0.68,0.56,-9.99,10.03
4.150,0.68,0.56,-9.99,10.03
4.160,0.68,0.56,-9.99,10.03
4.170,0.68,0.56,-9.99,10.03
4.180,0.68,0.56,-9.99,10.03
4.190,0.68,0.56,-9.99,10.03
4.200,0.68,0.56,-9.99,10.03
4.210,0.68,0.56,-9.99,10.03
4.220,0.68,0.56,-9.99,10.03
4.230,0.68,0.56,-9.99,10.03
4.240,0.68,0.56,-9.99,10.03
4.250,0.68,0.56,-9.99,10.03
4.260,0.68,0.56,-9.99,10.03
4.270,0.68,0.56,-9.99,10.03
4.280,0.68,0.56,-9.99,10.03
4.290,0.68,0.56,-9.99,10.03
4.300,0.68,0.56,-9.99,10.03
4.310,0.68,0.56,-9.99,10.03
4.320,0.68,0.56,-9.99,10.03
4.330,0.68,0.56,-9.99,10.03
4.340,0.68,0.56,-9.99,10.03
4.350,0.68,0.56,-9.99,10.03
4.360,0.68,0.56,-9.99,10.03
4.370,0.68,0.56,-9.99,10.03
4.380,0.68,0.56,-9.99,10.03
4.390,0.68,0.56,-9.99,10.03
4.400,0.68,0.56,-9.99,10.03
4.410,0.68,0.56,-9.99,10.03
4.420,0.68,0.56,-9.99,10.03
4.430,0.68,0.56,-9.99,10.03
4.440,0.68,0.56,-9.99,10.03
4.450,0.68,0.56,-9.99,10.03
4.460,0.68,0.56,-9.99,10.03
4.470,0.68,0.56,-9.99,10.03
4.480,0.68,0.56,-9.99,10.03
4.490,0.68,0.56,-9.99,10.03
4.500,0.68,0.56,-9.99,10.03
4.510,0.68,0.56,-9.99,10.03
4.520,0.68,0.56,-9.99,10.03
4.530,0.68,0.56,-9.99,10.03
4.540,0.68,0.56,-9.99,10.03
4.550,0.68,0.56,-9.99,10.03
4.560,0.68,0.56,-9.99,10.03
4.570,0.68,0.56,-9.99,10.03
4.580,0.68,0.56,-9.99,10.03
4.590,0.68,0.56,-9.99,10.03
4.600,0.68,0.56,-9.99,10.03
4.610,0.68,0.56,-9.99,10.03
4.620,0.68,0.56,-9.99,10.03
4.630,0.68,0.56,-9.99,10.03
4.640,0.68,0.56,-9.99,10.03
4.650,0.68,0.56,-9.99,10.03
4.660,0.68,0.56,-9.99,10.03
4.670,0.68,0.56,-9.99,10.03
4.680,0.68,0.56,-9.99,10.03
4.690,0.68,0.56,-9.99,10.03
4.700,0.68,0.56,-9.99,10.03
4.710,0.68,0.56,-9.99,10.03
4.720,0.68,0.56,-9.99,10.03
4.730,0.68,0.56,-9.99,10.03
4.740,0.68,0.56,-9.99,10.03
4.750,0.68,0.56,-9.99,10.03
4.760,0.68,0.56,-9.99,10.03
4.770,0.68,0.56,-9.99,10.03
4.780,0.68,0.56,-9.99,10.03
4.790,0.68,0.56,-9.99,10.03
4.800,0.68,0.56,-9.99,10.03
4.810,0.68,0.56,-9.99,10.03
4.820,0.68,0.56,-9.99,10.03
4.830,0.68,0.56,-9.99,10.03
4.840,0.68,0.56,-9.99,10.03
4.850,0.68,0.56,-9.99,10.03
4.860,0.68,0.56,-9.99,10.03
4.870,0.68,0.56,-9.99,10.03
4.880,0.68,0.56,-9.99,10.03
4.890,0.68,0.56,-9.99,10.03
4.900,0.68,0.56,-9.99,10.03
4.910,0.68,0.56,-9.99,10.03
4.920,0.68,0.56,-9.99,10.03
4.930,0.68,0.56,-9.99,10.03
4.940,0.68,0.56,-9.99,10.03
4.950,0.68,0.56,-9.99,10.03
4.960,0.68,0.56,-9.99,10.03
4.970,0.68,0.56,-9.99,10.03
4.980,0.68,0.56,-9.99,10.03
4.990,0.68,0.56,-9.99,10.03
5.000,0.68,0.56,-9.99,10.03
5.010,0.68,0.56,-9.99,10.03
5.020,0.68,0.56,-9.99,10.03
5.030,0.68,0.56,-9.99,10.03
5.040,0.68,0.56,-9.99,10.03
5.050,0.68,0.56,-9.99,10.03
5.060,0.68,0.56,-9.99,10.03
5.070,0.68,0.56,-9.99,10.03
5.080,0.68,0.56,-9.99,10.03
5.090,0.68,0.56,-9.99,10.03
5.100,0.68,0.56,-9.99,10.03
5.110,0.68,0.56,-9.99,10.03
5.120,0.68,0.56,-9.99,10.03
5.130,0.68,0.56,-9.99,10.03
5.140,0.68,0.56,-9.99,10.03
5.150,0.68,0.56,-9.99,10.03
5.160,0.68,0.56,-9.99,10.03
5.170,0.68,0.56,-9.99,10.03
5.180,0.68,0.56,-9.99,10.03
5.190,0.68,0.56,-9.99,10.03
5.200,0.68,0.56,-9.99,10.03
5.210,0.68,0.56,-9.99,10.03
5.220,0.68,0.56,-9.99,10.03
5.230,0.68,0.56,-9.99,10.03
5.240,0.68,0.56,-9.99,10.03
5.250,0.68,0.56,-9.99,10.03
5.260,0.68,0.56,-9.99,10.03
5.270,0.68,0.56,-9.99,10.03
5.280,0.68,0.56,-9.99,10.03
5.290,0.68,0.56,-9.99,10.03
5.300,0.68,0.56,-9.99,10.03
5.310,0.68,0.56,-9.99,10.03
5.320,0.68,0.56,-9.99,10.03
5.330,0.68,0.56,-9.99,10.03
5.340,0.68,0.56,-9.99,10.03
5.350,0.68,0.56,-9.99,10.03
5.360,0.68,0.56,-9.99,10.03
5.370,0.68,0.56,-9.99,10.03
5.380,0.68,0.56,-9.99,10.03
5.390,0.68,0.56,-9.99,10.03
5.400,0.68,0.56,-9.99,10.03
5.410,0.68,0.56,-9.99,10.03
5.420,0.68,0.56,-9.99,10.03
5.430,0.68,0.56,-9.99,10.03
5.440,0.68,0.56,-9.99,10.03
5.450,0.68,0.56,-9.99,10.03
5.460,0.68,0.56,-9.99,10.03
5.470,0.68,0.56,-9.99,10.03
5.480,0.68,0.56,-9.99,10.03
5.490,0.68,0.56,-9.99,10.03
5.500,0.68,0.56,-9.99,10.03
5.510,0.68,0.56,-9.99,10.03
5.520,0.68,0.56,-9.99,10.03
5.530,0.68,0.56,-9.99,10.03
5.540,0.68,0.56,-9.99,10.03
5.550,0.68,0.56,-9.99,10.03
5.560,0.68,0.56,-9.99,10.03
5.570,0.68,0.56,-9.99,10.03
5.580,0.68,0.56,-9.99,10.03
5.590,0.68,0.56,-9.99,10.03
5.600,0.68,0.56,-9.99,10.03
5.610,0.68,0.56,-9.99,10.03
5.620,0.68,0.56,-9.99,10.03
5.630,0.68,0.56,-9.99,10.03
5.640,0.68,0.56,-9.99,10.03
5.650,0.68,0.56,-9.99,10.03
5.660,0.68,0.56,-9.99,10.03
5.670,0.68,0.56,-9.99,10.03
5.680,0.68,0.56,-9.99,10.03
5.690,0.68,0.56,-9.99,10.03
5.700,0.68,0.56,-9.99,10.03
5.710,0.68,0.56,-9.99,10.03
5.720,0.68,0.56,-9.99,10.03
5.730,0.68,0.56,-9.99,10.03
5.740,0.68,0.56,-9.99,10.03
5.750,0.68,0.56,-9.99,10.03
5.760,0.68,0.56,-9.99,10.03
5.770,0.68,0.56,-9.99,10.03
5.780,0.68,0.56,-9.99,10.03
5.790,0.68,0.56,-9.99,10.03
5.800,0.68,0.56,-9.99,10.03
5.810,0.68,0.56,-9.99,10.03
5.820,0.68,0.56,-9.99,10.03
5.830,0.68,0.56,-9.99,10.03
5.840,0.68,0.56,-9.99,10.03
5.850,0.68,0.56,-9.99,10.03
5.860,0.68,0.56,-9.99,10.03
5.870,0.68,0.56,-9.99,10.03
5.880,0.68,0.56,-9.99,10.03
5.890,0.68,0.56,-9.99,10.03
5.900,0.68,0.56,-9.99,10.03
5.910,0.68,0.56,-9.99,10.03
5.920,0.68,0.56,-9.99,10.03
5.930,0.68,0.56,-9.99,10.03
5.940,0.68,0.56,-9.99,10.03
5.950,0.68,0.56,-9.99,10.03
5.960,0.68,0.56,-9.99,10.03
5.970,0.68,0.56,-9.99,10.03
5.980,0.68,0.56,-9.99,10.03
5.990,0.68,0.56,-9.99,10.03
6.000,0.68,0.56,-9.99,10.03
6.010,0.68,0.56,-9.99,10.03
6.020,0.68,0.56,-9.99,10.03
6.030,0.68,0.56,-9.99,10.03
6.040,0.68,0.56,-9.99,10.03
6.050,0.68,0.56,-9.99,10.03
6.060,0.68,0.56,-9.99,10.03
6.070,0.68,0.56,-9.99,10.03
6.080,0.68,0.56,-9.99,10.03
6.090,0.68,0.56,-9.99,10.03
6.100,0.68,0.56,-9.99,10.03
6.110,0.68,0.56,-9.99,10.03
6.120,0.68,0.56,-9.99,10.03
6.130,0.68,0.56,-9.99,10.03
6.140,0.68,0.56,-9.99,10.03
6.150,0.68,0.56,-9.99,10.03
6.160,0.68,0.56,-9.99,10.03
6.170,0.68,0.56,-9.99,10.03
6.180,0.68,0.56,-9.99,10.03
6.190,0.68,0.56,-9.99,10.03
6.200,0.68,0.56,-9.99,10.03
6.210,0.68,0.56,-9.99,10.03
6.220,0.68,0.56,-9.99,10.03
6.230,0.68,0.56,-9.99,10.03
6.240,0.68,0.56,-9.99,10.03
6.250,0.68,0.56,-9.99,10.03
6.260,0.68,0.56,-9.99,10.03
6.270,0.68,0.56,-9.99,10.03
6.280,0.68,0.56,-9.99,10.03
6.290,0.68,0.56,-9.99,10.03
6.300,0.68,0.56,-9.99,10.03
6.310,0.68,0.56,-9.99,10.03
6.320,0.68,0.56,-9.99,10.03
6.330,0.68,0.56,-9.99,10.03
6.340,0.68,0.56,-9.99,10.03
6.350,0.68,0.56,-9.99,10.03
6.360,0.68,0.56,-9.99,10.03
6.370,0.68,0.56,-9.99,10.03
6.380,0.68,0.56,-9.99,10.03
6.390,0.68,0.56,-9.99,10.03
6.400,0.68,0.56,-9.99,10.03
6.410,0.68,0.56,-9.99,10.03
6.420,0.68,0.56,-9.99,10.03
6.430,0.68,0.56,-9.99,10.03
6.440,0.68,0.56,-9.99,10.03
6.450,0.68,0.56,-9.99,10.03
6.460,0.68,0.56,-9.99,10.03
6.470,0.68,0.56,-9.99,10.03
6.480,0.68,0.56,-9.99,10.03
6.490,0.68,0.56,-9.99,10.03
6.500,0.68,0.56,-9.99,10.03
6.510,0.68,0.56,-9.99,10.03
6.520,0.68,0.56,-9.99,10.03
6.530,0.68,0.56,-9.99,10.03
6.540,0.68,0.56,-9.99,10.03
6.550,0.68,0.56,-9.99,10.03
6.560,0.68,0.56,-9.99,10.03
6.570,0.68,0.56,-9.99,10.03
6.580,0.68,0.56,-9.99,10.03
6.590,0.68,0.56,-9.99,10.03
6.600,0.68,0.56,-9.99,10.03
6.610,0.68,0.56,-9.99,10.03
6.620,0.68,0.56,-9.99,10.03
6.630,0.68,0.56,-9.99,10.03
6.640,0.68,0.56,-9.99,10.03
6.650,0.68,0.56,-9.99,10.03
6.660,0.68,0.56,-9.99,10.03
6.670,0.68,0.56,-9.99,10.03
6.680,0.68,0.56,-9.99,10.03
6.690,0.68,0.56,-9.99,10.03
6.700,0.68,0.56,-9.99,10.03
6.710,0.68,0.56,-9.99,10.03
6.720,0.68,0.56,-9.99,10.03
6.730,0.68,0.56,-9.99,10.03
6.740,0.68,0.56,-9.99,10.03
6.750,0.68,0.56,-9.99,10.03
6.760,0.68,0.56,-9.99,10.03
6.770,0.68,0.56,-9.99,10.03
6.780,0.68,0.56,-9.99,10.03
6.790,0.68,0.56,-9.99,10.03
6.800,0.68,0.56,-9.99,10.03
6.810,0.68,0.56,-9.99,10.03
6.820,0.68,0.56,-9.99,10.03
6.830,0.68,0.56,-9.99,10.03
6.840,0.68,0.56,-9.99,10.03
6.850,0.68,0.56,-9.99,10.03
6.860,0.68,0.56,-9.99,10.03
6.870,0.68,0.56,-9.99,10.03
6.880,0.68,0.56,-9.99,10.03
6.890,0.68,0.56,-9.99,10.03
6.900,0.68,0.56,-9.99,10.03
6.910,0.68,0.56,-9.99,10.03
6.920,0.68,0.56,-9.99,10.03
6.930,0.68,0.56,-9.99,10.03
6.940,0.68,0.56,-9.99,10.03
6.950,0.68,0.56,-9.99,10.03
6.960,0.68,0.56,-9.99,10.03
6.970,0.68,0.56,-9.99,10.03
6.980,0.68,0.56,-9.99,10.03
6.990,0.68,0.56,-9.99,10.03
7.000,0.68,0.56,-9.99,10.03
7.010,0.68,0.56,-9.99,10.03
7.020,0.68,0.56,-9.99,10.03
7.030,0.68,0.56,-9.99,10.03
7.040,0.68,0.56,-9.99,10.03
7.050,0.68,0.56,-9.99,10.03
7.060,0.68,0.56,-9.99,10.03
7.070,0.68,0.56,-9.99,10.03
7.080,0.68,0.56,-9.99,10.03
7.090,0.68,0.56,-9.99,10.03
7.100,0.68,0.56,-9.99,10.03
7.110,0.68,0.56,-9.99,10.03
7.120,0.68,0.56,-9.99,10.03
7.130,0.68,0.56,-9.99,10.03
7.140,0.68,0.56,-9.99,10.03
7.150,0.68,0.56,-9.99,10.03
7.160,0.68,0.56,-9.99,10.03
7.170,0.68,0.56,-9.99,10.03
7.180,0.68,0.56,-9.99,10.03
7.190,0.68,0.56,-9.99,10.03
7.200,0.68,0.56,-9.99,10.03
7.210,0.68,0.56,-9.99,10.03
7.220,0.68,0.56,-9.99,10.03
7.230,0.68,0.56,-9.99,10.03
7.240,0.68,0.56,-9.99,10.03
7.250,0.68,0.56,-9.99,10.03
7.260,0.68,0.56,-9.99,10.03
7.270,0.68,0.56,-9.99,10.03
7.280,0.68,0.56,-9.99,10.03
7.290,0.68,0.56,-9.99,10.03
7.300,0.68,0.56,-9.99,10.03
7.310,0.68,0.56,-9.99,10.03
7.320,0.68,0.56,-9.99,10.03
7.330,0.68,0.56,-9.99,10.03
7.340,0.68,0.56,-9.99,10.03
7.350,0.68,0.56,-9.99,10.03
7.360,0.68,0.56,-9.99,10.03
7.370,0.68,0.56,-9.99,10.03
7.380,0.68,0.56,-9.99,10.03
7.390,0.68,0.56,-9.99,10.03
7.400,0.68,0.56,-9.99,10.03
7.410,0.68,0.56,-9.99,10.03
7.420,0.68,0.56,-9.99,10.03
7.430,0.68,0.56,-9.99,10.03
7.440,0.68,0.56,-9.99,10.03
7.450,0.68,0.56,-9.99,10.03
7.460,0.68,0.56,-9.99,10.03
7.470,0.68,0.56,-9.99,10.03
7.480,0.68,0.56,-9.99,10.03
7.490,0.68,0.56,-9.99,10.03
7.500,0.68,0.56,-9.99,10.03
7.510,0.68,0.56,-9.99,10.03
7.520,0.68,0.56,-9.99,10.03
7.530,0.68,0.56,-9.99,10.03
7.540,0.68,0.56,-9.99,10.03
7.550,0.68,0.56,-9.99,10.03
7.560,0.68,0.56,-9.99,10.03
7.570,0.68,0.56,-9.99,10.03
7.580,0.68,0.56,-9.99,10.03
7.590,0.68,0.56,-9.99,10.03
7.600,0.68,0.56,-9.99,10.03
7.610,0.68,0.56,-9.99,10.03
7.620,0.68,0.56,-9.99,10.03
7.630,0.68,0.56,-9.99,10.03
7.640,0.68,0.56,-9.99,10.03
7.650,0.68,0.56,-9.99,10.03
7.660,0.68,0.56,-9.99,10.03
7.670,0.68,0.56,-9.99,10.03
7.680,0.68,0.56,-9.99,10.03
7.690,0.68,0.56,-9.99,10.03
7.700,0.68,0.56,-9.99,10.03
7.710,0.68,0.56,-9.99,10.03
7.720,0.68,0.56,-9.99,10.03
7.730,0.68,0.56,-9.99,10.03
7.740,0.68,0.56,-9.99,10.03
7.750,0.68,0.56,-9.99,10.03
7.760,0.68,0.56,-9.99,10.03
7.770,0.68,0.56,-9.99,10.03
7.780,0.68,0.56,-9.99,10.03
7.790,0.68,0.56,-9.99,10.03
7.800,0.68,0.56,-9.99,10.03
7.810,0.68,0.56,-9.99,10.03
7.820,0.68,0.56,-9.99,10.03
7.830,0.68,0.56,-9.99,10.03
7.840,0.68,0.56,-9.99,10.03
7.850,0.68,0.56,-9.99,10.03
7.860,0.68,0.56,-9.99,10.03
7.870,0.68,0.56,-9.99,10.03
7.880,0.68,0.56,-9.99,10.03
7.890,0.68,0.56,-9.99,10.03
7.900,0.68,0.56,-9.99,10.03
7.910,0.68,0.56,-9.99,10.03
7.920,0.68,0.56,-9.99,10.03
7.930,0.68,0.56,-9.99,10.03
7.940,0.68,0.56,-9.99,10.03
7.950,0.68,0.56,-9.99,10.03
7.960,0.68,0.56,-9.99,10.03
7.970,0.68,0.56,-9.99,10.03
7.980,0.68,0.56,-9.99,10.03
7.990,0.68,0.56,-9.99,10.03
8.000,0.68,0.56,-9.99,10.03
8.010,0.68,0.56,-9.99,10.03
8.020,0.68,0.56,-9.99,10.03
8.030,0.68,0.56,-9.99,10.03
8.040,0.68,0.56,-9.99,10.03
8.050,0.68,0.56,-9.99,10.03
8.060,0.68,0.56,-9.99,10.03
8.070,0.68,0.56,-9.99,10.03
8.080,0.68,0.56,-9.99,10.03
8.090,0.68,0.56,-9.99,10.03
8.100,0.68,0.56,-9.99,10.03
8.110,0.68,0.56,-9.99,10.03
8.120,0.68,0.56,-9.99,10.03
8.130,0.68,0.56,-9.99,10.03
8.140,0.68,0.56,-9.99,10.03
8.150,0.68,0.56,-9.99,10.03
8.160,0.68,0.56,-9.99,10.03
8.170,0.68,0.56,-9.99,10.03
8.180,0.68,0.56,-9.99,10.03
8.190,0.68,0.56,-9.99,10.03
8.200,0.68,0.56,-9.99,10.03
8.210,0.68,0.56,-9.99,10.03
8.220,0.68,0.56,-9.99,10.03
8.230,0.68,0.56,-9.99,10.03
8.240,0.68,0.56,-9.99,10.03
8.250,0.68,0.56,-9.99,10.03
8.260,0.68,0.56,-9.99,10.03
8.270,0.68,0.56,-9.99,10.03
8.280,0.68,0.56,-9.99,10.03
8.290,0.68,0.56,-9.99,10.03
8.300,0.68,0.56,-9.99,10.03
8.310,0.68,0.56,-9.99,10.03
8.320,0.68,0.56,-9.99,10.03
8.330,0.68,0.56,-9.99,10.03
8.340,0.68,0.56,-9.99,10.03
8.350,0.68,0.56,-9.99,10.03
8.360,0.68,0.56,-9.99,10.03
8.370,0.68,0.56,-9.99,10.03
8.380,0.68,0.56,-9.99,10.03
8.390,0.68,0.56,-9.99,10.03
8.400,0.68,0.56,-9.99,10.03
8.410,0.68,0.56,-9.99,10.03
8.420,0.68,0.56,-9.99,10.03
8.430,0.68,0.56,-9.99,10.03
8.440,0.68,0.56,-9.99,10.03
8.450,0.68,0.56,-9.99,10.03
8.460,0.68,0.56,-9.99,10.03
8.470,0.68,0.56,-9.99,10.03
8.480,0.68,0.56,-9.99,10.03
8.490,0.68,0.56,-9.99,10.03
8.500,0.68,0.56,-9.99,10.03
8.510,0.68,0.56,-9.99,10.03
8.520,0.68,0.56,-9.99,10.03
8.530,0.68,0.56,-9.99,10.03
8.540,0.68,0.56,-9.99,10.03
8.550,0.68,0.56,-9.99,10.03
8.560,0.68,0.56,-9.99,10.03
8.570,0.68,0.56,-9.99,10.03
8.580,0.68,0.56,-9.99,10.03
8.590,0.68,0.56,-9.99,10.03
8.600,0.68,0.56,-9.99,10.03
8.610,0.68,0.56,-9.99,10.03
8.620,0.68,0.56,-9.99,10.03
8.630,0.68,0.56,-9.99,10.03
8.640,0.68,0.56,-9.99,10.03
8.650,0.68,0.56,-9.99,10.03
8.660,0.68,0.56,-9.99,10.03
8.670,0.68,0.56,-9.99,10.03
8.680,0.68,0.56,-9.99,10.03
8.690,0.68,0.56,-9.99,10.03
8.700,0.68,0.56,-9.99,10.03
8.710,0.68,0.56,-9.99,10.03
8.720,0.68,0.56,-9.99,10.03
8.730,0.68,0.56,-9.99,10.03
8.740,0.68,0.56,-9.99,10.03
8.750,0.68,0.56,-9.99,10.03
8.760,0.68,0.56,-9.99,10.03
8.770,0.68,0.56,-9.99,10.03
8.780,0.68,0.56,-9.99,10.03
8.790,0.68,0.56,-9.99,10.03
8.800,0.68,0.56,-9.99,10.03
8.810,0.68,0.56,-9.99,10.03
8.820,0.68,0.56,-9.99,10.03
8.830,0.68,0.56,-9.99,10.03
8.840,0.68,0.56,-9.99,10.03
8.850,0.68,0.56,-9.99,10.03
8.860,0.68,0.56,-9.99,10.03
8.870,0.68,0.56,-9.99,10.03
8.880,0.68,0.56,-9.99,10.03
8.890,0.68,0.56,-9.99,10.03
8.900,0.68,0.56,-9.99,10.03
8.910,0.68,0.56,-9.99,10.03
8.920,0.68,0.56,-9.99,10.03
8.930,0.68,0.56,-9.99,10.03
8.940,0.68,0.56,-9.99,10.03
8.950,0.68,0.56,-9.99,10.03
8.960,0.68,0.56,-9.99,10.03
8.970,0.68,0.56,-9.99,10.03
8.980,0.68,0.56,-9.99,10.03
8.990,0.68,0.56,-9.99,10.03
9.000,0.68,0.56,-9.99,10.03
9.010,0.68,0.56,-9.99,10.03
9.020,0.68,0.56,-9.99,10.03
9.030,0.68,0.56,-9.99,10.03
9.040,0.68,0.56,-9.99,10.03
9.050,0.68,0.56,-9.99,10.03
9.060,0.68,0.56,-9.99,10.03
9.070,0.68,0.56,-9.99,10.03
9.080,0.68,0.56,-9.99,10.03
9.090,0.68,0.56,-9.99,10.03
9.100,0.68,0.56,-9.99,10.03
9.110,0.68,0.56,-9.99,10.03
9.120,0.68,0.56,-9.99,10.03
9.130,0.68,0.56,-9.99,10.03
9.140,0.68,0.56,-9.99,10.03
9.150,0.68,0.56,-9.99,10.03
9.160,0.68,0.56,-9.99,10.03
9.170,0.68,0.56,-9.99,10.03
9.180,0.68,0.56,-9.99,10.03
9.190,0.68,0.56,-9.99,10.03
9.200,0.68,0.56,-9.99,10.03
9.210,0.68,0.56,-9.99,10.03
9.220,0.68,0.56,-9.99,10.03
9.230,0.68,0.56,-9.99,10.03
9.240,0.68,0.56,-9.99,10.03
9.250,0.68,0.56,-9.99,10.03
9.260,0.68,0.56,-9.99,10.03
9.270,0.68,0.56,-9.99,10.03
9.280,0.68,0.56,-9.99,10.03
9.290,0.68,0.56,-9.99,10.03
9.300,0.68,0.56,-9.99,10.03
9.310,0.68,0.56,-9.99,10.03
9.320,0.68,0.56,-9.99,10.03
9.330,0.68,0.56,-9.99,10.03
9.340,0.68,0.56,-9.99,10.03
9.350,0.68,0.56,-9.99,10.03
9.360,0.68,0.56,-9.99,10.03
9.370,0.68,0.56,-9.99,10.03
9.380,0.68,0.56,-9.99,10.03
9.390,0.68,0.56,-9.99,10.03
9.400,0.68,0.56,-9.99,10.03
9.410,0.68,0.56,-9.99,10.03
9.420,0.68,0.56,-9.99,10.03
9.430,0.68,0.56,-9.99,10.03
9.440,0.68,0.56,-9.99,10.03
9.450,0.68,0.56,-9.99,10.03
9.460,0.68,0.56,-9.99,10.03
9.470,0.68,0.56,-9.99,10.03
9.480,0.68,0.56,-9.99,10.03
9.490,0.68,0.56,-9.99,10.03
9.500,0.68,0.56,-9.99,10.03
9.510,0.68,0.56,-9.99,10.03
9.520,0.68,0.56,-9.99,10.03
9.530,0.68,0.56,-9.99,10.03
9.540,0.68,0.56,-9.99,10.03
9.550,0.68,0.56,-9.99,10.03
9.560,0.68,0.56,-9.99,10.03
9.570,0.68,0.56,-9.99,10.03
9.580,0.68,0.56,-9.99,10.03
9.590,0.68,0.56,-9.99,10.03
9.600,0.68,0.56,-9.99,10.03
9.610,0.68,0.56,-9.99,10.03
9.620,0.68,0.56,-9.99,10.03
9.630,0.68,0.56,-9.99,10.03
9.640,0.68,0.56,-9.99,10.03
9.650,0.68,0.56,-9.99,10.03
9.660,0.68,0.56,-9.99,10.03
9.670,0.68,0.56,-9.99,10.03
9.680,0.68,0.56,-9.99,10.03
9.690,0.68,0.56,-9.99,10.03
9.700,0.68,0.56,-9.99,10.03
9.710,0.68,0.56,-9.99,10.03
9.720,0.68,0.56,-9.99,10.03
9.730,0.68,0.56,-9.99,10.03
9.740,0.68,0.56,-9.99,10.03
9.750,0.68,0.56,-9.99,10.03
9.760,0.68,0.56,-9.99,10.03
9.770,0.68,0.56,-9.99,10.03
9.780,0.68,0.56,-9.99,10.03
9.790,0.68,0.56,-9.99,10.03
9.800,0.68,0.56,-9.99,10.03
9.810,0.68,0.56,-9.99,10.03
