t,fx,fy,fz,fmag
-56.148,-0.01,-0.09,4.94,4.94
-56.138,-0.01,-0.09,4.94,4.94
-56.128,-0.01,-0.09,4.94,4.95
-56.118,-0.01,-0.09,4.95,4.95
-56.108,-0.01,-0.09,4.94,4.94
-56.098,-0.01,-0.09,4.94,4.94
-56.088,-0.01,-0.09,4.94,4.94
-56.078,-0.01,-0.09,4.94,4.94
-56.068,-0.01,-0.09,4.94,4.94
-56.058,-0.01,-0.09,4.94,4.94
-56.048,-0.01,-0.09,4.94,4.94
-56.038,-0.01,-0.09,4.94,4.94
-56.028,-0.01,-0.09,4.95,4.95
-56.018,-0.01,-0.09,4.94,4.95
-56.008,-0.01,-0.09,4.94,4.95
-55.998,-0.01,-0.09,4.94,4.94
-55.988,-0.01,-0.09,4.94,4.94
-55.978,-0.01,-0.09,4.94,4.94
-55.968,-0.01,-0.09,4.94,4.94
-55.958,-0.01,-0.09,4.95,4.95
-55.948,-0.01,-0.09,4.95,4.95
-55.938,-0.01,-0.09,4.94,4.95
-55.928,-0.01,-0.09,4.94,4.94
-55.918,-0.01,-0.09,4.94,4.94
-55.908,-0.01,-0.09,4.94,4.94
-55.898,-0.01,-0.09,4.94,4.94
-55.888,-0.01,-0.09,4.94,4.94
-55.878,-0.01,-0.09,4.94,4.94
-55.868,-0.01,-0.09,4.94,4.94
-55.858,-0.01,-0.09,4.94,4.94
-55.848,-0.01,-0.09,4.94,4.94
-55.838,-0.01,-0.09,4.94,4.94
-55.828,-0.01,-0.09,4.94,4.95
-55.818,-0.01,-0.09,4.95,4.95
-55.808,-0.01,-0.09,4.94,4.94
-55.798,-0.01,-0.09,4.94,4.94
-55.788,-0.01,-0.09,4.94,4.94
-55.778,-0.01,-0.09,4.94,4.94
-55.768,-0.01,-0.09,4.94,4.94
-55.758,-0.01,-0.09,4.94,4.94
-55.748,-0.01,-0.09,4.94,4.94
-55.738,-0.01,-0.09,4.94,4.94
-55.728,-0.01,-0.09,4.94,4.94
-55.718,-0.01,-0.09,4.94,4.94
-55.708,-0.01,-0.09,4.93,4.94
-55.698,-0.01,-0.09,4.94,4.94
-55.688,-0.01,-0.09,4.94,4.94
-55.678,-0.01,-0.09,4.94,4.94
-55.668,-0.01,-0.09,4.94,4.94
-55.658,-0.01,-0.09,4.94,4.95
-55.648,-0.01,-0.09,4.94,4.94
-55.638,-0.01,-0.09,4.94,4.94
-55.628,-0.01,-0.09,4.94,4.94
-55.618,-0.01,-0.09,4.94,4.94
-55.608,-0.01,-0.09,4.94,4.94
-55.598,-0.01,-0.09,4.94,4.94
-55.588,-0.01,-0.09,4.94,4.94
-55.578,-0.01,-0.09,4.94,4.94
-55.568,-0.01,-0.09,4.94,4.94
-55.558,-0.01,-0.09,4.94,4.94
-55.548,-0.01,-0.09,4.94,4.94
-55.538,-0.01,-0.09,4.93,4.93
-55.528,-0.01,-0.09,4.93,4.94
-55.518,-0.01,-0.09,4.94,4.94
-55.508,-0.01,-0.09,4.94,4.94
-55.498,-0.01,-0.09,4.94,4.94
-55.488,-0.01,-0.09,4.94,4.94
-55.478,-0.01,-0.09,4.94,4.94
-55.468,-0.01,-0.09,4.94,4.94
-55.458,-0.01,-0.09,4.94,4.94
-55.448,-0.01,-0.09,4.94,4.94
-55.438,-0.01,-0.09,4.94,4.94
-55.428,-0.01,-0.09,4.94,4.94
-55.418,-0.01,-0.09,4.94,4.94
-55.408,-0.01,-0.09,4.94,4.94
-55.398,-0.01,-0.09,4.94,4.94
-55.388,-0.01,-0.09,4.94,4.94
-55.378,-0.01,-0.09,4.93,4.93
-55.368,-0.01,-0.09,4.93,4.93
-55.358,-0.01,-0.09,4.93,4.93
-55.348,-0.01,-0.09,4.93,4.94
-55.338,-0.01,-0.09,4.94,4.94
-55.328,-0.01,-0.09,4.93,4.94
-55.318,-0.01,-0.09,4.94,4.94
-55.308,-0.01,-0.09,4.94,4.94
-55.298,-0.01,-0.09,4.93,4.93
-55.288,-0.01,-0.09,4.93,4.93
-55.278,-0.01,-0.09,4.94,4.94
-55.268,-0.01,-0.09,4.94,4.94
-55.258,-0.01,-0.09,4.94,4.94
-55.248,-0.01,-0.09,4.94,4.94
-55.238,-0.01,-0.09,4.93,4.93
-55.228,-0.01,-0.09,4.93,4.93
-55.218,-0.01,-0.09,4.93,4.93
-55.208,-0.01,-0.09,4.93,4.93
-55.198,-0.01,-0.09,4.93,4.94
-55.188,-0.01,-0.09,4.94,4.94
-55.178,-0.01,-0.09,4.94,4.94
-55.168,-0.01,-0.09,4.94,4.94
-55.158,-0.01,-0.09,4.94,4.94
-55.148,-0.01,-0.09,4.94,4.94
-55.138,-0.01,-0.09,4.94,4.94
-55.128,-0.01,-0.09,4.94,4.94
-55.118,-0.01,-0.09,4.94,4.94
-55.108,-0.01,-0.09,4.94,4.94
-55.098,-0.01,-0.09,4.94,4.94
-55.088,-0.01,-0.09,4.94,4.94
-55.078,-0.01,-0.09,4.94,4.94
-55.068,-0.01,-0.09,4.94,4.94
-55.058,-0.01,-0.09,4.93,4.93
-55.048,-0.01,-0.09,4.93,4.93
-55.038,-0.01,-0.09,4.93,4.93
-55.028,-0.01,-0.09,4.93,4.93
-55.018,-0.01,-0.09,4.94,4.94
-55.008,-0.01,-0.09,4.94,4.94
-54.998,-0.01,-0.09,4.94,4.95
-54.988,-0.01,-0.09,4.95,4.95
-54.978,-0.01,-0.09,4.94,4.94
-54.968,-0.01,-0.09,4.94,4.94
-54.958,-0.01,-0.09,4.94,4.94
-54.948,-0.01,-0.09,4.94,4.94
-54.938,-0.01,-0.09,4.94,4.94
-54.928,-0.01,-0.09,4.94,4.94
-54.918,-0.01,-0.09,4.94,4.94
-54.908,-0.01,-0.09,4.94,4.95
-54.898,-0.01,-0.09,4.94,4.94
-54.888,-0.01,-0.09,4.94,4.94
-54.878,-0.01,-0.09,4.93,4.93
-54.868,-0.01,-0.09,4.93,4.93
-54.858,-0.01,-0.09,4.93,4.93
-54.848,-0.01,-0.09,4.94,4.94
-54.838,-0.01,-0.09,4.94,4.94
-54.828,-0.01,-0.09,4.95,4.95
-54.818,-0.01,-0.09,4.95,4.95
-54.808,-0.01,-0.09,4.95,4.95
-54.798,-0.01,-0.09,4.94,4.94
-54.788,-0.01,-0.09,4.94,4.94
-54.778,-0.01,-0.09,4.94,4.94
-54.768,-0.01,-0.09,4.93,4.94
-54.758,-0.01,-0.09,4.94,4.94
-54.748,-0.01,-0.09,4.94,4.94
-54.738,-0.01,-0.09,4.94,4.94
-54.728,-0.01,-0.09,4.94,4.94
-54.718,-0.01,-0.09,4.94,4.94
-54.708,-0.01,-0.09,4.93,4.93
-54.698,-0.01,-0.09,4.93,4.93
-54.688,-0.01,-0.09,4.93,4.93
-54.678,-0.01,-0.09,4.94,4.94
-54.668,-0.01,-0.09,4.94,4.95
-54.658,-0.01,-0.09,4.95,4.95
-54.648,-0.01,-0.09,4.95,4.95
-54.638,-0.01,-0.09,4.94,4.95
-54.628,-0.01,-0.09,4.94,4.94
-54.618,-0.01,-0.09,4.94,4.94
-54.608,-0.01,-0.09,4.94,4.94
-54.598,-0.01,-0.09,4.94,4.94
-54.588,-0.01,-0.09,4.94,4.94
-54.578,-0.01,-0.09,4.94,4.94
-54.568,-0.01,-0.09,4.94,4.94
-54.558,-0.01,-0.09,4.94,4.94
-54.548,-0.01,-0.09,4.94,4.94
-54.538,-0.01,-0.09,4.94,4.94
-54.528,-0.01,-0.09,4.94,4.94
-54.518,-0.01,-0.09,4.95,4.95
-54.508,-0.01,-0.09,4.95,4.95
-54.498,-0.01,-0.09,4.95,4.95
-54.488,-0.01,-0.09,4.95,4.95
-54.478,-0.01,-0.09,4.94,4.94
-54.468,-0.01,-0.09,4.94,4.94
-54.458,-0.01,-0.09,4.94,4.94
-54.448,-0.01,-0.09,4.94,4.95
-54.438,-0.01,-0.09,4.95,4.95
-54.428,-0.01,-0.09,4.95,4.95
-54.418,-0.01,-0.09,4.94,4.94
-54.408,-0.01,-0.09,4.94,4.94
-54.398,-0.01,-0.09,4.93,4.93
-54.388,-0.01,-0.09,4.93,4.93
-54.378,-0.01,-0.09,4.93,4.93
-54.368,-0.01,-0.09,4.94,4.94
-54.358,-0.01,-0.09,4.94,4.94
-54.348,-0.01,-0.09,4.95,4.95
-54.338,-0.01,-0.09,4.95,4.95
-54.328,-0.01,-0.09,4.94,4.94
-54.318,-0.01,-0.09,4.94,4.94
-54.308,-0.01,-0.09,4.94,4.94
-54.298,-0.01,-0.09,4.93,4.93
-54.288,-0.01,-0.09,4.94,4.94
-54.278,-0.01,-0.09,4.94,4.94
-54.268,-0.01,-0.09,4.94,4.94
-54.258,-0.01,-0.09,4.94,4.94
-54.248,-0.01,-0.09,4.94,4.94
-54.238,-0.01,-0.09,4.94,4.94
-54.228,-0.01,-0.09,4.94,4.94
-54.218,-0.01,-0.09,4.94,4.94
-54.208,-0.01,-0.09,4.94,4.94
-54.198,-0.01,-0.09,4.94,4.94
-54.189,-0.01,-0.09,4.94,4.94
-54.178,-0.01,-0.09,4.94,4.94
-54.168,-0.01,-0.09,4.95,4.95
-54.158,-0.01,-0.09,4.95,4.95
-54.148,-0.01,-0.09,4.94,4.95
-54.138,-0.01,-0.09,4.94,4.95
-54.128,-0.01,-0.09,4.94,4.94
-54.118,-0.01,-0.09,4.94,4.94
-54.108,-0.01,-0.09,4.94,4.94
-54.098,-0.01,-0.09,4.94,4.94
-54.088,-0.01,-0.09,4.94,4.94
-54.078,-0.01,-0.09,4.94,4.94
-54.068,-0.01,-0.09,4.95,4.95
-54.058,-0.01,-0.09,4.95,4.95
-54.048,-0.01,-0.09,4.94,4.94
-54.038,-0.01,-0.09,4.94,4.94
-54.028,-0.01,-0.09,4.94,4.94
-54.018,-0.01,-0.09,4.94,4.94
-54.008,-0.01,-0.09,4.94,4.94
-53.998,-0.01,-0.09,4.94,4.94
-53.988,-0.01,-0.09,4.94,4.94
-53.978,-0.01,-0.09,4.94,4.94
-53.968,-0.01,-0.09,4.95,4.95
-53.958,-0.01,-0.09,4.95,4.95
-53.948,-0.01,-0.09,4.94,4.94
-53.938,-0.01,-0.09,4.94,4.94
-53.928,-0.01,-0.09,4.94,4.94
-53.918,-0.01,-0.09,4.94,4.94
-53.908,-0.01,-0.09,4.94,4.94
-53.898,-0.01,-0.09,4.95,4.95
-53.888,-0.01,-0.09,4.95,4.95
-53.878,-0.01,-0.09,4.95,4.95
-53.868,-0.01,-0.09,4.95,4.95
-53.858,-0.01,-0.09,4.94,4.94
-53.848,-0.01,-0.09,4.94,4.94
-53.838,-0.01,-0.09,4.93,4.94
-53.828,-0.01,-0.09,4.94,4.94
-53.818,-0.01,-0.09,4.94,4.94
-53.808,-0.01,-0.09,4.94,4.94
-53.798,-0.01,-0.09,4.94,4.95
-53.788,-0.01,-0.09,4.94,4.94
-53.778,-0.01,-0.09,4.94,4.94
-53.768,-0.01,-0.09,4.94,4.94
-53.758,-0.01,-0.09,4.94,4.94
-53.748,-0.01,-0.09,4.94,4.94
-53.738,-0.01,-0.09,4.94,4.94
-53.728,-0.01,-0.09,4.94,4.94
-53.718,-0.01,-0.09,4.94,4.94
-53.708,-0.01,-0.09,4.94,4.94
-53.698,-0.01,-0.09,4.94,4.94
-53.688,-0.01,-0.09,4.94,4.94
-53.678,-0.01,-0.09,4.94,4.94
-53.668,-0.01,-0.09,4.94,4.94
-53.658,-0.01,-0.09,4.94,4.94
-53.648,-0.01,-0.09,4.94,4.94
-53.638,-0.01,-0.09,4.94,4.94
-53.628,-0.01,-0.09,4.94,4.94
-53.618,-0.01,-0.09,4.94,4.94
-53.608,-0.01,-0.09,4.94,4.94
-53.598,-0.01,-0.09,4.94,4.94
-53.588,-0.01,-0.09,4.94,4.94
-53.578,-0.01,-0.09,4.94,4.94
-53.568,-0.01,-0.09,4.94,4.94
-53.558,-0.01,-0.09,4.94,4.94
-53.548,-0.01,-0.09,4.94,4.94
-53.538,-0.01,-0.09,4.94,4.94
-53.528,-0.01,-0.09,4.94,4.94
-53.518,-0.01,-0.09,4.94,4.94
-53.508,-0.01,-0.09,4.94,4.94
-53.498,-0.01,-0.09,4.94,4.94
-53.488,-0.01,-0.09,4.94,4.94
-53.478,-0.01,-0.09,4.94,4.94
-53.468,-0.01,-0.09,4.94,4.94
-53.458,-0.01,-0.09,4.94,4.94
-53.448,-0.01,-0.09,4.94,4.94
-53.438,-0.01,-0.09,4.94,4.94
-53.428,-0.01,-0.09,4.94,4.94
-53.418,-0.01,-0.09,4.94,4.94
-53.408,-0.01,-0.09,4.94,4.94
-53.398,-0.01,-0.09,4.94,4.94
-53.388,-0.01,-0.09,4.94,4.94
-53.378,-0.01,-0.09,4.94,4.94
-53.368,-0.01,-0.09,4.94,4.94
-53.358,-0.01,-0.09,4.94,4.94
-53.348,-0.01,-0.09,4.94,4.94
-53.338,-0.01,-0.09,4.94,4.94
-53.328,-0.01,-0.09,4.94,4.94
-53.318,-0.01,-0.09,4.94,4.94
-53.308,-0.01,-0.09,4.94,4.95
-53.298,-0.01,-0.09,4.94,4.95
-53.288,-0.01,-0.09,4.94,4.94
-53.278,-0.01,-0.09,4.94,4.94
-53.268,-0.01,-0.09,4.94,4.94
-53.258,-0.01,-0.09,4.94,4.94
-53.248,-0.01,-0.09,4.94,4.94
-53.238,-0.01,-0.09,4.94,4.94
-53.228,-0.01,-0.09,4.95,4.95
-53.218,-0.01,-0.09,4.95,4.95
-53.208,-0.01,-0.09,4.94,4.95
-53.198,-0.01,-0.09,4.94,4.94
-53.188,-0.01,-0.09,4.94,4.94
-53.178,-0.01,-0.09,4.94,4.94
-53.168,-0.01,-0.09,4.94,4.94
-53.158,-0.01,-0.09,4.94,4.94
-53.148,-0.01,-0.09,4.94,4.94
-53.138,-0.01,-0.09,4.94,4.95
-53.128,-0.01,-0.09,4.95,4.95
-53.118,-0.01,-0.09,4.94,4.94
-53.108,-0.01,-0.09,4.94,4.94
-53.098,-0.01,-0.09,4.93,4.94
-53.088,-0.01,-0.09,4.93,4.93
-53.078,-0.01,-0.09,4.93,4.94
-53.068,-0.01,-0.09,4.94,4.94
-53.058,-0.01,-0.09,4.94,4.94
-53.048,-0.01,-0.09,4.95,4.95
-53.038,-0.01,-0.09,4.95,4.95
-53.028,-0.01,-0.09,4.94,4.94
-53.018,-0.01,-0.09,4.94,4.94
-53.008,-0.01,-0.09,4.94,4.94
-52.998,-0.01,-0.09,4.94,4.94
-52.988,-0.01,-0.09,4.94,4.94
-52.978,-0.01,-0.09,4.94,4.94
-52.968,-0.01,-0.09,4.94,4.94
-52.958,-0.01,-0.09,4.94,4.95
-52.948,-0.01,-0.09,4.94,4.94
-52.938,-0.01,-0.09,4.94,4.94
-52.928,-0.01,-0.09,4.94,4.94
-52.918,-0.01,-0.09,4.94,4.94
-52.908,-0.01,-0.09,4.94,4.94
-52.898,-0.01,-0.09,4.94,4.94
-52.888,-0.01,-0.09,4.95,4.95
-52.878,-0.01,-0.09,4.95,4.95
-52.868,-0.01,-0.09,4.95,4.95
-52.858,-0.01,-0.09,4.94,4.94
-52.848,-0.01,-0.09,4.94,4.94
-52.838,-0.01,-0.09,4.94,4.94
-52.828,-0.01,-0.09,4.94,4.94
-52.818,-0.01,-0.09,4.94,4.94
-52.808,-0.01,-0.09,4.94,4.95
-52.798,-0.01,-0.09,4.94,4.95
-52.788,-0.01,-0.09,4.94,4.94
-52.778,-0.01,-0.09,4.94,4.94
-52.768,-0.01,-0.09,4.94,4.94
-52.758,-0.01,-0.09,4.94,4.94
-52.748,-0.01,-0.09,4.94,4.94
-52.738,-0.01,-0.09,4.94,4.94
-52.728,-0.01,-0.09,4.94,4.94
-52.718,-0.01,-0.09,4.94,4.94
-52.708,-0.01,-0.09,4.94,4.94
-52.698,-0.01,-0.09,4.94,4.94
-52.688,-0.01,-0.09,4.93,4.94
-52.678,-0.01,-0.09,4.93,4.93
-52.668,-0.01,-0.09,4.93,4.93
-52.658,-0.01,-0.09,4.93,4.93
-52.648,-0.01,-0.09,4.93,4.94
-52.638,-0.01,-0.09,4.94,4.94
-52.628,-0.01,-0.09,4.94,4.94
-52.618,-0.01,-0.09,4.94,4.94
-52.608,-0.01,-0.09,4.94,4.94
-52.598,-0.01,-0.09,4.94,4.94
-52.588,-0.01,-0.09,4.93,4.93
-52.578,-0.01,-0.09,4.93,4.93
-52.568,-0.01,-0.09,4.94,4.94
-52.558,-0.01,-0.09,4.94,4.94
-52.548,-0.01,-0.09,4.94,4.94
-52.538,-0.01,-0.09,4.94,4.94
-52.528,-0.01,-0.09,4.94,4.94
-52.518,-0.01,-0.09,4.94,4.94
-52.508,-0.01,-0.09,4.93,4.93
-52.498,-0.01,-0.09,4.93,4.93
-52.489,-0.01,-0.09,4.93,4.93
-52.478,-0.01,-0.09,4.93,4.93
-52.468,-0.01,-0.09,4.94,4.94
-52.458,-0.01,-0.09,4.94,4.94
-52.448,-0.01,-0.09,4.94,4.94
-52.438,-0.01,-0.09,4.94,4.94
-52.428,-0.01,-0.09,4.94,4.94
-52.418,-0.01,-0.09,4.93,4.94
-52.408,-0.01,-0.09,4.93,4.94
-52.398,-0.01,-0.09,4.94,4.94
-52.389,-0.01,-0.09,4.94,4.94
-52.378,-0.01,-0.09,4.94,4.94
-52.368,-0.01,-0.09,4.94,4.95
-52.358,-0.01,-0.09,4.94,4.94
-52.348,-0.01,-0.09,4.94,4.94
-52.338,-0.01,-0.09,4.94,4.94
-52.328,-0.01,-0.09,4.93,4.93
-52.318,-0.01,-0.09,4.93,4.93
-52.308,-0.01,-0.09,4.93,4.93
-52.298,-0.01,-0.09,4.94,4.94
-52.289,-0.01,-0.09,4.94,4.94
-52.278,-0.01,-0.09,4.94,4.94
-52.268,-0.01,-0.09,4.94,4.94
-52.258,-0.01,-0.09,4.94,4.94
-52.248,-0.01,-0.09,4.94,4.94
-52.238,-0.01,-0.09,4.94,4.94
-52.228,-0.01,-0.09,4.94,4.94
-52.218,-0.01,-0.09,4.94,4.94
-52.208,-0.01,-0.09,4.94,4.94
-52.198,-0.01,-0.09,4.94,4.94
-52.188,-0.01,-0.09,4.94,4.94
-52.178,-0.01,-0.09,4.94,4.94
-52.168,-0.01,-0.09,4.94,4.94
-52.158,-0.01,-0.09,4.94,4.94
-52.148,-0.01,-0.09,4.94,4.94
-52.138,-0.01,-0.09,4.94,4.94
-52.128,-0.01,-0.09,4.94,4.94
-52.118,-0.01,-0.09,4.94,4.94
-52.108,-0.01,-0.09,4.94,4.94
-52.098,-0.01,-0.09,4.94,4.94
-52.088,-0.01,-0.09,4.94,4.94
-52.078,-0.01,-0.09,4.94,4.94
-52.068,-0.01,-0.09,4.94,4.94
-52.058,-0.01,-0.09,4.94,4.94
-52.048,-0.01,-0.09,4.94,4.94
-52.038,-0.01,-0.09,4.94,4.94
-52.028,-0.01,-0.09,4.94,4.94
-52.018,-0.01,-0.09,4.94,4.94
-52.008,-0.01,-0.09,4.94,4.94
-51.998,-0.01,-0.09,4.94,4.94
-51.988,-0.01,-0.09,4.94,4.94
-51.978,-0.01,-0.09,4.94,4.94
-51.968,-0.01,-0.09,4.94,4.94
-51.958,-0.01,-0.09,4.94,4.94
-51.948,-0.01,-0.09,4.94,4.94
-51.938,-0.01,-0.09,4.94,4.94
-51.928,-0.01,-0.09,4.95,4.95
-51.918,-0.01,-0.09,4.95,4.95
-51.908,-0.01,-0.09,4.95,4.95
-51.898,-0.01,-0.09,4.95,4.95
-51.888,-0.01,-0.09,4.94,4.94
-51.878,-0.01,-0.09,4.94,4.94
-51.868,-0.01,-0.09,4.94,4.94
-51.858,-0.01,-0.09,4.94,4.94
-51.848,-0.01,-0.09,4.94,4.94
-51.838,-0.01,-0.09,4.94,4.94
-51.828,-0.01,-0.09,4.94,4.95
-51.818,-0.01,-0.09,4.94,4.94
-51.808,-0.01,-0.09,4.94,4.94
-51.798,-0.01,-0.09,4.93,4.93
-51.788,-0.01,-0.09,4.93,4.93
-51.778,-0.01,-0.09,4.93,4.94
-51.768,-0.01,-0.09,4.94,4.94
-51.758,-0.01,-0.09,4.95,4.95
-51.748,-0.01,-0.09,4.95,4.95
-51.738,-0.01,-0.09,4.95,4.95
-51.728,-0.01,-0.09,4.95,4.95
-51.718,-0.01,-0.09,4.94,4.94
-51.708,-0.01,-0.09,4.94,4.94
-51.698,-0.01,-0.09,4.94,4.94
-51.688,-0.01,-0.09,4.94,4.95
-51.678,-0.01,-0.09,4.95,4.95
-51.668,-0.01,-0.09,4.94,4.95
-51.658,-0.01,-0.09,4.94,4.94
-51.648,-0.01,-0.09,4.93,4.94
-51.638,-0.01,-0.09,4.93,4.93
-51.628,-0.01,-0.09,4.93,4.93
-51.618,-0.01,-0.09,4.93,4.93
-51.608,-0.01,-0.09,4.94,4.94
-51.598,-0.01,-0.09,4.95,4.95
-51.588,-0.01,-0.09,4.95,4.95
-51.578,-0.01,-0.09,4.95,4.95
-51.568,-0.01,-0.09,4.94,4.94
-51.558,-0.01,-0.09,4.94,4.94
-51.548,-0.01,-0.09,4.94,4.94
-51.538,-0.01,-0.09,4.94,4.94
-51.528,-0.01,-0.09,4.94,4.94
-51.518,-0.01,-0.09,4.95,4.95
-51.508,-0.01,-0.09,4.95,4.95
-51.498,-0.01,-0.09,4.94,4.95
-51.488,-0.01,-0.09,4.94,4.94
-51.478,-0.01,-0.09,4.93,4.93
-51.468,-0.01,-0.09,4.93,4.93
-51.458,-0.01,-0.09,4.93,4.93
-51.448,-0.01,-0.09,4.93,4.93
-51.438,-0.01,-0.09,4.94,4.94
-51.428,-0.01,-0.09,4.95,4.95
-51.418,-0.01,-0.09,4.95,4.95
-51.408,-0.01,-0.09,4.95,4.95
-51.398,-0.01,-0.09,4.94,4.94
-51.388,-0.01,-0.09,4.94,4.94
-51.378,-0.01,-0.09,4.94,4.94
-51.368,-0.01,-0.09,4.94,4.94
-51.358,-0.01,-0.09,4.94,4.94
-51.348,-0.01,-0.09,4.94,4.94
-51.338,-0.01,-0.09,4.94,4.94
-51.328,-0.01,-0.09,4.94,4.94
-51.318,-0.01,-0.09,4.94,4.94
-51.308,-0.01,-0.09,4.94,4.94
-51.298,-0.01,-0.09,4.94,4.94
-51.288,-0.01,-0.09,4.94,4.94
-51.278,-0.01,-0.09,4.94,4.94
-51.268,-0.01,-0.09,4.94,4.94
-51.258,-0.01,-0.09,4.94,4.94
-51.248,-0.01,-0.09,4.94,4.94
-51.238,-0.01,-0.09,4.94,4.94
-51.228,-0.01,-0.09,4.94,4.94
-51.218,-0.01,-0.09,4.94,4.94
-51.208,-0.01,-0.09,4.94,4.94
-51.198,-0.01,-0.09,4.94,4.94
-51.188,-0.01,-0.09,4.94,4.94
-51.178,-0.01,-0.09,4.94,4.94
-51.168,-0.01,-0.09,4.94,4.94
-51.158,-0.01,-0.09,4.94,4.94
-51.148,-0.01,-0.09,4.94,4.94
-51.138,-0.01,-0.09,4.94,4.94
-51.128,-0.01,-0.09,4.94,4.94
-51.118,-0.01,-0.09,4.94,4.94
-51.108,-0.01,-0.09,4.94,4.94
-51.098,-0.01,-0.09,4.94,4.94
-51.088,-0.01,-0.09,4.94,4.94
-51.078,-0.01,-0.09,4.94,4.94
-51.068,-0.01,-0.09,4.94,4.94
-51.058,-0.01,-0.09,4.94,4.95
-51.048,-0.01,-0.09,4.94,4.94
-51.038,-0.01,-0.09,4.94,4.94
-51.028,-0.01,-0.09,4.94,4.94
-51.018,-0.01,-0.09,4.94,4.94
-51.008,-0.01,-0.09,4.94,4.94
-50.998,-0.01,-0.09,4.94,4.94
-50.988,-0.01,-0.09,4.94,4.94
-50.978,-0.01,-0.09,4.94,4.94
-50.968,-0.01,-0.09,4.94,4.94
-50.958,-0.01,-0.09,4.94,4.94
-50.948,-0.01,-0.09,4.94,4.94
-50.938,-0.01,-0.09,4.94,4.94
-50.928,-0.01,-0.09,4.94,4.94
-50.918,-0.01,-0.09,4.94,4.94
-50.908,-0.01,-0.09,4.94,4.94
-50.898,-0.01,-0.09,4.94,4.94
-50.888,-0.01,-0.09,4.94,4.94
-50.878,-0.01,-0.09,4.94,4.94
-50.868,-0.01,-0.09,4.94,4.94
-50.858,-0.01,-0.09,4.94,4.94
-50.848,-0.01,-0.09,4.94,4.94
-50.838,-0.01,-0.09,4.94,4.94
-50.828,-0.01,-0.09,4.94,4.94
-50.818,-0.01,-0.09,4.94,4.94
-50.808,-0.01,-0.09,4.94,4.94
-50.798,-0.01,-0.09,4.93,4.93
-50.788,-0.01,-0.09,4.93,4.93
-50.778,-0.01,-0.09,4.93,4.93
-50.768,-0.01,-0.09,4.94,4.94
-50.758,-0.01,-0.09,4.94,4.94
-50.748,-0.01,-0.09,4.94,4.95
-50.738,-0.01,-0.09,4.94,4.94
-50.728,-0.01,-0.09,4.94,4.94
-50.718,-0.01,-0.09,4.94,4.94
-50.708,-0.01,-0.09,4.94,4.94
-50.698,-0.01,-0.09,4.94,4.94
-50.688,-0.01,-0.09,4.94,4.95
-50.678,-0.01,-0.09,4.95,4.95
-50.668,-0.01,-0.09,4.95,4.95
-50.658,-0.01,-0.09,4.94,4.94
-50.648,-0.01,-0.09,4.94,4.94
-50.638,-0.01,-0.09,4.93,4.94
-50.628,-0.01,-0.09,4.93,4.93
-50.618,-0.01,-0.09,4.93,4.93
-50.608,-0.01,-0.09,4.93,4.93
-50.598,-0.01,-0.09,4.94,4.94
-50.588,-0.01,-0.09,4.94,4.94
-50.578,-0.01,-0.09,4.94,4.94
-50.568,-0.01,-0.09,4.94,4.94
-50.558,-0.01,-0.09,4.93,4.93
-50.548,-0.01,-0.09,4.93,4.93
-50.538,-0.01,-0.09,4.93,4.94
-50.528,-0.01,-0.09,4.94,4.94
-50.518,-0.01,-0.09,4.94,4.94
-50.508,-0.01,-0.09,4.94,4.94
-50.498,-0.01,-0.09,4.94,4.94
-50.488,-0.01,-0.09,4.94,4.94
-50.478,-0.01,-0.09,4.93,4.93
-50.468,-0.01,-0.09,4.93,4.93
-50.458,-0.01,-0.09,4.93,4.93
-50.448,-0.01,-0.09,4.93,4.93
-50.438,-0.01,-0.09,4.94,4.94
-50.428,-0.01,-0.09,4.94,4.94
-50.418,-0.01,-0.09,4.94,4.94
-50.408,-0.01,-0.09,4.94,4.94
-50.398,-0.01,-0.09,4.93,4.94
-50.388,-0.01,-0.09,4.94,4.94
-50.378,-0.01,-0.09,4.94,4.94
-50.368,-0.01,-0.09,4.94,4.94
-50.358,-0.01,-0.09,4.94,4.94
-50.348,-0.01,-0.09,4.94,4.94
-50.338,-0.01,-0.09,4.94,4.94
-50.328,-0.01,-0.09,4.93,4.93
-50.318,-0.01,-0.09,4.93,4.93
-50.308,-0.01,-0.09,4.93,4.93
-50.298,-0.01,-0.09,4.93,4.93
-50.288,-0.01,-0.09,4.94,4.94
-50.278,-0.01,-0.09,4.94,4.94
-50.268,-0.01,-0.09,4.94,4.94
-50.258,-0.01,-0.09,4.93,4.94
-50.248,-0.01,-0.09,4.93,4.94
-50.238,-0.01,-0.09,4.93,4.93
-50.228,-0.01,-0.09,4.94,4.94
-50.218,-0.01,-0.09,4.94,4.94
-50.208,-0.01,-0.09,4.94,4.94
-50.198,-0.01,-0.09,4.94,4.95
-50.188,-0.01,-0.09,4.94,4.95
-50.178,-0.01,-0.09,4.94,4.94
-50.168,-0.01,-0.09,4.94,4.94
-50.158,-0.01,-0.09,4.94,4.94
-50.148,-0.01,-0.09,4.94,4.94
-50.138,-0.01,-0.09,4.94,4.94
-50.128,-0.01,-0.09,4.94,4.94
-50.118,-0.01,-0.09,4.94,4.94
-50.108,-0.01,-0.09,4.94,4.94
-50.098,-0.01,-0.09,4.94,4.94
-50.088,-0.01,-0.09,4.95,4.95
-50.078,-0.01,-0.09,4.95,4.95
-50.068,-0.01,-0.09,4.94,4.95
-50.058,-0.01,-0.09,4.94,4.94
-50.048,-0.01,-0.09,4.94,4.94
-50.038,-0.01,-0.09,4.94,4.94
-50.028,-0.01,-0.09,4.94,4.94
-50.018,-0.01,-0.09,4.94,4.94
-50.008,-0.01,-0.09,4.94,4.95
-49.998,-0.01,-0.09,4.94,4.94
-49.988,-0.01,-0.09,4.94,4.94
-49.978,-0.01,-0.09,4.94,4.94
-49.968,-0.01,-0.09,4.94,4.94
-49.958,-0.01,-0.09,4.94,4.94
-49.948,-0.01,-0.09,4.94,4.94
-49.938,-0.01,-0.09,4.94,4.94
-49.928,-0.01,-0.09,4.94,4.94
-49.918,-0.01,-0.09,4.94,4.94
-49.908,-0.01,-0.09,4.94,4.94
-49.898,-0.01,-0.09,4.95,4.95
-49.888,-0.01,-0.09,4.95,4.95
-49.878,-0.01,-0.09,4.95,4.95
-49.868,-0.01,-0.09,4.94,4.94
-49.858,-0.01,-0.09,4.94,4.94
-49.848,-0.01,-0.09,4.94,4.94
-49.838,-0.01,-0.09,4.94,4.94
-49.828,-0.01,-0.09,4.94,4.94
-49.818,-0.01,-0.09,4.94,4.94
-49.808,-0.01,-0.09,4.94,4.94
-49.798,-0.01,-0.09,4.93,4.93
-49.788,-0.01,-0.09,4.93,4.93
-49.778,-0.01,-0.09,4.93,4.93
-49.768,-0.01,-0.09,4.93,4.94
-49.758,-0.01,-0.09,4.94,4.94
-49.748,-0.01,-0.09,4.94,4.94
-49.738,-0.01,-0.09,4.94,4.94
-49.728,-0.01,-0.09,4.94,4.94
-49.718,-0.01,-0.09,4.94,4.94
-49.708,-0.01,-0.09,4.94,4.94
-49.698,-0.01,-0.09,4.94,4.94
-49.688,-0.01,-0.09,4.94,4.94
-49.678,-0.01,-0.09,4.94,4.94
-49.668,-0.01,-0.09,4.94,4.94
-49.658,-0.01,-0.09,4.94,4.94
-49.648,-0.01,-0.09,4.94,4.94
-49.638,-0.01,-0.09,4.94,4.94
-49.628,-0.01,-0.09,4.94,4.94
-49.618,-0.01,-0.09,4.93,4.94
-49.608,-0.01,-0.09,4.94,4.94
-49.598,-0.01,-0.09,4.94,4.94
-49.588,-0.01,-0.09,4.94,4.94
-49.578,-0.01,-0.09,4.94,4.94
-49.568,-0.01,-0.09,4.94,4.94
-49.558,-0.01,-0.09,4.94,4.94
-49.548,-0.01,-0.09,4.94,4.94
-49.538,-0.01,-0.09,4.93,4.93
-49.528,-0.01,-0.09,4.93,4.94
-49.518,-0.01,-0.09,4.94,4.94
-49.508,-0.01,-0.09,4.94,4.94
-49.498,-0.01,-0.09,4.94,4.95
-49.488,-0.01,-0.09,4.94,4.94
-49.478,-0.01,-0.09,4.94,4.94
-49.468,-0.01,-0.09,4.93,4.93
-49.458,-0.01,-0.09,4.93,4.93
-49.448,-0.01,-0.09,4.93,4.93
-49.438,-0.01,-0.09,4.94,4.94
-49.428,-0.01,-0.09,4.94,4.94
-49.418,-0.01,-0.09,4.94,4.94
-49.408,-0.01,-0.09,4.95,4.95
-49.398,-0.01,-0.09,4.95,4.95
-49.388,-0.01,-0.09,4.94,4.94
-49.378,-0.01,-0.09,4.94,4.94
-49.368,-0.01,-0.09,4.94,4.94
-49.358,-0.01,-0.09,4.94,4.94
-49.348,-0.01,-0.09,4.94,4.94
-49.338,-0.01,-0.09,4.94,4.94
-49.328,-0.01,-0.09,4.94,4.94
-49.318,-0.01,-0.09,4.94,4.94
-49.308,-0.01,-0.09,4.94,4.94
-49.298,-0.01,-0.09,4.94,4.94
-49.288,-0.01,-0.09,4.94,4.94
-49.278,-0.01,-0.09,4.94,4.94
-49.268,-0.01,-0.09,4.94,4.94
-49.258,-0.01,-0.09,4.94,4.94
-49.248,-0.01,-0.09,4.94,4.94
-49.238,-0.01,-0.09,4.94,4.94
-49.228,-0.01,-0.09,4.94,4.94
-49.218,-0.01,-0.09,4.94,4.94
-49.208,-0.01,-0.09,4.94,4.94
-49.198,-0.01,-0.09,4.94,4.94
-49.188,-0.01,-0.09,4.94,4.94
-49.178,-0.01,-0.09,4.94,4.94
-49.168,-0.01,-0.09,4.94,4.94
-49.158,-0.01,-0.09,4.94,4.94
-49.148,-0.01,-0.09,4.94,4.94
-49.138,-0.01,-0.09,4.94,4.94
-49.128,-0.01,-0.09,4.94,4.94
-49.118,-0.01,-0.09,4.94,4.94
-49.108,-0.01,-0.09,4.94,4.94
-49.098,-0.01,-0.09,4.94,4.94
-49.088,-0.01,-0.09,4.94,4.94
-49.078,-0.01,-0.09,4.94,4.94
-49.068,-0.01,-0.09,4.94,4.94
-49.058,-0.01,-0.09,4.94,4.94
-49.048,-0.01,-0.09,4.93,4.94
-49.038,-0.01,-0.09,4.94,4.94
-49.028,-0.01,-0.09,4.94,4.94
-49.018,-0.01,-0.09,4.94,4.94
-49.008,-0.01,-0.09,4.94,4.95
-48.998,-0.01,-0.09,4.94,4.94
-48.988,-0.01,-0.09,4.94,4.94
-48.978,-0.01,-0.09,4.94,4.94
-48.968,-0.01,-0.09,4.94,4.94
-48.958,-0.01,-0.09,4.94,4.94
-48.948,-0.01,-0.09,4.94,4.94
-48.938,-0.01,-0.09,4.94,4.94
-48.928,-0.01,-0.09,4.94,4.94
-48.918,-0.01,-0.09,4.94,4.94
-48.908,-0.01,-0.09,4.94,4.94
-48.898,-0.01,-0.09,4.94,4.94
-48.888,-0.01,-0.09,4.93,4.94
-48.878,-0.01,-0.09,4.94,4.94
-48.868,-0.01,-0.09,4.94,4.94
-48.858,-0.01,-0.09,4.94,4.94
-48.848,-0.01,-0.09,4.94,4.94
-48.838,-0.01,-0.09,4.94,4.94
-48.828,-0.01,-0.09,4.94,4.94
-48.818,-0.01,-0.09,4.94,4.94
-48.808,-0.01,-0.09,4.94,4.94
-48.798,-0.01,-0.09,4.94,4.94
-48.788,-0.01,-0.09,4.94,4.94
-48.778,-0.01,-0.09,4.94,4.94
-48.768,-0.01,-0.09,4.94,4.94
-48.758,-0.01,-0.09,4.94,4.94
-48.748,-0.01,-0.09,4.94,4.94
-48.738,-0.01,-0.09,4.94,4.94
-48.728,-0.01,-0.09,4.94,4.94
-48.718,-0.01,-0.09,4.94,4.94
-48.708,-0.01,-0.09,4.94,4.94
-48.698,-0.01,-0.09,4.94,4.94
-48.688,-0.01,-0.09,4.94,4.94
-48.678,-0.01,-0.09,4.93,4.94
-48.668,-0.01,-0.09,4.93,4.94
-48.658,-0.01,-0.09,4.94,4.94
-48.648,-0.01,-0.09,4.94,4.94
-48.638,-0.01,-0.09,4.94,4.94
-48.628,-0.01,-0.09,4.95,4.95
-48.618,-0.01,-0.09,4.95,4.95
-48.608,-0.01,-0.09,4.94,4.94
-48.598,-0.01,-0.09,4.94,4.94
-48.588,-0.01,-0.09,4.93,4.93
-48.578,-0.01,-0.09,4.93,4.93
-48.568,-0.01,-0.09,4.94,4.94
-48.558,-0.01,-0.09,4.94,4.94
-48.548,-0.01,-0.09,4.95,4.95
-48.538,-0.01,-0.09,4.95,4.95
-48.528,-0.01,-0.09,4.95,4.95
-48.518,-0.01,-0.09,4.94,4.94
-48.508,-0.01,-0.09,4.93,4.93
-48.498,-0.01,-0.09,4.93,4.93
-48.488,-0.01,-0.09,4.93,4.93
-48.478,-0.01,-0.09,4.93,4.93
-48.468,-0.01,-0.09,4.94,4.94
-48.458,-0.01,-0.09,4.94,4.94
-48.448,-0.01,-0.09,4.94,4.95
-48.438,-0.01,-0.09,4.94,4.94
-48.428,-0.01,-0.09,4.94,4.94
-48.418,-0.01,-0.09,4.93,4.93
-48.408,-0.01,-0.09,4.93,4.93
-48.398,-0.01,-0.09,4.93,4.93
-48.388,-0.01,-0.09,4.93,4.94
-48.378,-0.01,-0.09,4.94,4.94
-48.368,-0.01,-0.09,4.94,4.94
-48.358,-0.01,-0.09,4.94,4.94
-48.348,-0.01,-0.09,4.94,4.94
-48.338,-0.01,-0.09,4.93,4.93
-48.328,-0.01,-0.09,4.93,4.93
-48.318,-0.01,-0.09,4.93,4.93
-48.308,-0.01,-0.09,4.93,4.93
-48.298,-0.01,-0.09,4.93,4.94
-48.288,-0.01,-0.09,4.94,4.94
-48.278,-0.01,-0.09,4.94,4.94
-48.268,-0.01,-0.09,4.94,4.94
-48.258,-0.01,-0.09,4.94,4.94
-48.248,-0.01,-0.09,4.94,4.94
-48.238,-0.01,-0.09,4.93,4.94
-48.228,-0.01,-0.09,4.94,4.94
-48.218,-0.01,-0.09,4.94,4.94
-48.208,-0.01,-0.09,4.94,4.94
-48.198,-0.01,-0.09,4.94,4.94
-48.188,-0.01,-0.09,4.94,4.94
-48.178,-0.01,-0.09,4.94,4.94
-48.168,-0.01,-0.09,4.94,4.94
-48.158,-0.01,-0.09,4.94,4.94
-48.148,-0.01,-0.09,4.94,4.94
-48.138,-0.01,-0.09,4.94,4.94
-48.128,-0.01,-0.09,4.94,4.94
-48.118,-0.01,-0.09,4.94,4.94
-48.108,-0.01,-0.09,4.94,4.94
-48.098,-0.01,-0.09,4.94,4.94
-48.088,-0.01,-0.09,4.94,4.94
-48.078,-0.01,-0.09,4.94,4.94
-48.068,-0.01,-0.09,4.94,4.94
-48.058,-0.01,-0.09,4.94,4.94
-48.048,-0.01,-0.09,4.94,4.94
-48.038,-0.01,-0.09,4.94,4.94
-48.028,-0.01,-0.09,4.94,4.94
-48.018,-0.01,-0.09,4.94,4.94
-48.008,-0.01,-0.09,4.95,4.95
-47.998,-0.01,-0.09,4.95,4.95
-47.988,-0.01,-0.09,4.94,4.94
-47.978,-0.01,-0.09,4.94,4.94
-47.968,-0.01,-0.09,4.94,4.94
-47.958,-0.01,-0.09,4.94,4.94
-47.948,-0.01,-0.09,4.94,4.94
-47.938,-0.01,-0.09,4.94,4.94
-47.928,-0.01,-0.09,4.94,4.94
-47.918,-0.01,-0.09,4.94,4.94
-47.908,-0.01,-0.09,4.94,4.95
-47.898,-0.01,-0.09,4.94,4.94
-47.888,-0.01,-0.09,4.94,4.94
-47.878,-0.01,-0.09,4.94,4.94
-47.868,-0.01,-0.09,4.94,4.94
-47.858,-0.01,-0.09,4.94,4.94
-47.848,-0.01,-0.09,4.94,4.94
-47.838,-0.01,-0.09,4.94,4.94
-47.828,-0.01,-0.09,4.95,4.95
-47.818,-0.01,-0.09,4.94,4.94
-47.808,-0.01,-0.09,4.94,4.94
-47.798,-0.01,-0.09,4.94,4.94
-47.788,-0.01,-0.09,4.94,4.94
-47.778,-0.01,-0.09,4.94,4.94
-47.768,-0.01,-0.09,4.94,4.94
-47.758,-0.01,-0.09,4.94,4.94
-47.748,-0.01,-0.09,4.94,4.94
-47.738,-0.01,-0.09,4.94,4.94
-47.728,-0.01,-0.09,4.93,4.93
-47.718,-0.01,-0.09,4.93,4.93
-47.708,-0.01,-0.09,4.94,4.94
-47.698,-0.01,-0.09,4.94,4.94
-47.688,-0.01,-0.09,4.94,4.94
-47.678,-0.01,-0.09,4.94,4.94
-47.668,-0.01,-0.09,4.94,4.94
-47.658,-0.01,-0.09,4.94,4.94
-47.648,-0.01,-0.09,4.93,4.94
-47.638,-0.01,-0.09,4.94,4.94
-47.628,-0.01,-0.09,4.94,4.94
-47.618,-0.01,-0.09,4.94,4.94
-47.608,-0.01,-0.09,4.95,4.95
-47.598,-0.01,-0.09,4.95,4.95
-47.588,-0.01,-0.09,4.94,4.94
-47.578,-0.01,-0.09,4.94,4.94
-47.568,-0.01,-0.09,4.93,4.93
-47.558,-0.01,-0.09,4.93,4.93
-47.548,-0.01,-0.09,4.93,4.93
-47.538,-0.01,-0.09,4.94,4.94
-47.528,-0.01,-0.09,4.94,4.94
-47.518,-0.01,-0.09,4.94,4.94
-47.508,-0.01,-0.09,4.94,4.94
-47.498,-0.01,-0.09,4.94,4.94
-47.488,-0.01,-0.09,4.93,4.93
-47.478,-0.01,-0.09,4.93,4.93
-47.468,-0.01,-0.09,4.93,4.93
-47.458,-0.01,-0.09,4.94,4.94
-47.448,-0.01,-0.09,4.95,4.95
-47.438,-0.01,-0.09,4.95,4.95
-47.428,-0.01,-0.09,4.95,4.95
-47.418,-0.01,-0.09,4.95,4.95
-47.408,-0.01,-0.09,4.94,4.94
-47.398,-0.01,-0.09,4.93,4.93
-47.388,-0.01,-0.09,4.93,4.93
-47.378,-0.01,-0.09,4.93,4.93
-47.368,-0.01,-0.09,4.94,4.94
-47.358,-0.01,-0.09,4.94,4.94
-47.348,-0.01,-0.09,4.94,4.94
-47.338,-0.01,-0.09,4.94,4.94
-47.328,-0.01,-0.09,4.93,4.94
-47.318,-0.01,-0.09,4.93,4.93
-47.308,-0.01,-0.09,4.93,4.93
-47.298,-0.01,-0.09,4.94,4.94
-47.288,-0.01,-0.09,4.94,4.94
-47.278,-0.01,-0.09,4.94,4.94
-47.268,-0.01,-0.09,4.95,4.95
-47.258,-0.01,-0.09,4.94,4.95
-47.248,-0.01,-0.09,4.94,4.94
-47.238,-0.01,-0.09,4.94,4.94
-47.228,-0.01,-0.09,4.94,4.94
-47.218,-0.01,-0.09,4.94,4.94
-47.208,-0.01,-0.09,4.94,4.94
-47.198,-0.01,-0.09,4.94,4.94
-47.188,-0.01,-0.09,4.94,4.94
-47.178,-0.01,-0.09,4.94,4.94
-47.168,-0.01,-0.09,4.94,4.94
-47.158,-0.01,-0.09,4.94,4.94
-47.148,-0.01,-0.09,4.94,4.94
-47.138,-0.01,-0.09,4.94,4.94
-47.128,-0.01,-0.09,4.94,4.94
-47.118,-0.01,-0.09,4.94,4.94
-47.108,-0.01,-0.09,4.94,4.94
-47.098,-0.01,-0.09,4.94,4.94
-47.088,-0.01,-0.09,4.94,4.94
-47.078,-0.01,-0.09,4.94,4.94
-47.068,-0.01,-0.09,4.95,4.95
-47.058,-0.01,-0.09,4.94,4.94
-47.048,-0.01,-0.09,4.94,4.94
-47.038,-0.01,-0.09,4.93,4.94
-47.028,-0.01,-0.09,4.93,4.93
-47.018,-0.01,-0.09,4.93,4.93
-47.008,-0.01,-0.09,4.94,4.94
-46.998,-0.01,-0.09,4.94,4.94
-46.988,-0.01,-0.09,4.94,4.94
-46.978,-0.01,-0.09,4.94,4.94
-46.968,-0.01,-0.09,4.94,4.94
-46.958,-0.01,-0.09,4.94,4.94
-46.948,-0.01,-0.09,4.93,4.94
-46.938,-0.01,-0.09,4.94,4.94
-46.928,-0.01,-0.09,4.94,4.94
-46.918,-0.01,-0.09,4.94,4.94
-46.908,-0.01,-0.09,4.95,4.95
-46.898,-0.01,-0.09,4.95,4.95
-46.888,-0.01,-0.09,4.95,4.95
-46.878,-0.01,-0.09,4.94,4.94
-46.868,-0.01,-0.09,4.94,4.94
-46.858,-0.01,-0.09,4.93,4.94
-46.848,-0.01,-0.09,4.93,4.94
-46.838,-0.01,-0.09,4.94,4.94
-46.828,-0.01,-0.09,4.94,4.94
-46.818,-0.01,-0.09,4.94,4.94
-46.808,-0.01,-0.09,4.94,4.94
-46.798,-0.01,-0.09,4.94,4.94
-46.788,-0.01,-0.09,4.93,4.93
-46.778,-0.01,-0.09,4.93,4.93
-46.768,-0.01,-0.09,4.93,4.93
-46.758,-0.01,-0.09,4.94,4.94
-46.748,-0.01,-0.09,4.94,4.94
-46.738,-0.01,-0.09,4.95,4.95
-46.728,-0.01,-0.09,4.95,4.95
-46.718,-0.01,-0.09,4.95,4.95
-46.708,-0.01,-0.09,4.94,4.94
-46.698,-0.01,-0.09,4.93,4.93
-46.688,-0.01,-0.09,4.93,4.93
-46.678,-0.01,-0.09,4.93,4.93
-46.668,-0.01,-0.09,4.93,4.93
-46.658,-0.01,-0.09,4.94,4.94
-46.648,-0.01,-0.09,4.95,4.95
-46.638,-0.01,-0.09,4.95,4.95
-46.628,-0.01,-0.09,4.94,4.94
-46.618,-0.01,-0.09,4.94,4.94
-46.608,-0.01,-0.09,4.93,4.93
-46.598,-0.01,-0.09,4.93,4.93
-46.588,-0.01,-0.09,4.93,4.93
-46.578,-0.01,-0.09,4.94,4.94
-46.568,-0.01,-0.09,4.94,4.94
-46.558,-0.01,-0.09,4.95,4.95
-46.548,-0.01,-0.09,4.95,4.95
-46.538,-0.01,-0.09,4.94,4.95
-46.528,-0.01,-0.09,4.94,4.94
-46.518,-0.01,-0.09,4.93,4.93
-46.508,-0.01,-0.09,4.93,4.93
-46.498,-0.01,-0.09,4.93,4.93
-46.488,-0.01,-0.09,4.93,4.94
-46.478,-0.01,-0.09,4.94,4.94
-46.468,-0.01,-0.09,4.95,4.95
-46.458,-0.01,-0.09,4.95,4.95
-46.448,-0.01,-0.09,4.94,4.94
-46.438,-0.01,-0.09,4.94,4.94
-46.428,-0.01,-0.09,4.93,4.93
-46.418,-0.01,-0.09,4.93,4.93
-46.408,-0.01,-0.09,4.93,4.93
-46.398,-0.01,-0.09,4.94,4.94
-46.388,-0.01,-0.09,4.94,4.94
-46.378,-0.01,-0.09,4.95,4.95
-46.368,-0.01,-0.09,4.95,4.95
-46.358,-0.01,-0.09,4.95,4.95
-46.348,-0.01,-0.09,4.94,4.94
-46.338,-0.01,-0.09,4.93,4.93
-46.328,-0.01,-0.09,4.93,4.93
-46.318,-0.01,-0.09,4.93,4.93
-46.308,-0.01,-0.09,4.94,4.94
-46.298,-0.01,-0.09,4.94,4.94
-46.288,-0.01,-0.09,4.95,4.95
-46.278,-0.01,-0.09,4.95,4.95
-46.268,-0.01,-0.09,4.95,4.95
-46.258,-0.01,-0.09,4.94,4.94
-46.248,-0.01,-0.09,4.94,4.94
-46.237,-0.01,-0.09,4.93,4.94
-46.228,-0.01,-0.09,4.94,4.94
-46.218,-0.01,-0.09,4.94,4.94
-46.208,-0.01,-0.09,4.95,4.95
-46.198,-0.01,-0.09,4.95,4.95
-46.188,-0.01,-0.09,4.95,4.95
-46.178,-0.01,-0.09,4.94,4.94
-46.168,-0.01,-0.09,4.94,4.94
-46.158,-0.01,-0.09,4.94,4.94
-46.148,-0.01,-0.09,4.93,4.93
-46.138,-0.01,-0.09,4.94,4.94
-46.128,-0.01,-0.09,4.94,4.94
-46.118,-0.01,-0.09,4.94,4.94
-46.108,-0.01,-0.09,4.94,4.94
-46.098,-0.01,-0.09,4.94,4.94
-46.088,-0.01,-0.09,4.94,4.94
-46.078,-0.01,-0.09,4.94,4.94
-46.068,-0.01,-0.09,4.94,4.94
-46.058,-0.01,-0.09,4.94,4.94
-46.048,-0.01,-0.09,4.94,4.94
-46.038,-0.01,-0.09,4.94,4.94
-46.028,-0.01,-0.09,4.94,4.94
-46.018,-0.01,-0.09,4.94,4.94
-46.008,-0.01,-0.09,4.94,4.94
-45.998,-0.01,-0.09,4.94,4.94
-45.988,-0.01,-0.09,4.94,4.94
-45.978,-0.01,-0.09,4.94,4.94
-45.968,-0.01,-0.09,4.94,4.94
-45.958,-0.01,-0.09,4.94,4.94
-45.948,-0.01,-0.09,4.94,4.94
-45.938,-0.01,-0.09,4.94,4.94
-45.928,-0.01,-0.09,4.94,4.94
-45.918,-0.01,-0.09,4.94,4.94
-45.908,-0.01,-0.09,4.94,4.94
-45.898,-0.01,-0.09,4.94,4.94
-45.888,-0.01,-0.09,4.94,4.94
-45.878,-0.01,-0.09,4.94,4.94
-45.868,-0.01,-0.09,4.94,4.94
-45.858,-0.01,-0.09,4.94,4.94
-45.848,-0.01,-0.09,4.94,4.94
-45.838,-0.01,-0.09,4.94,4.94
-45.828,-0.01,-0.09,4.93,4.93
-45.818,-0.01,-0.09,4.93,4.94
-45.808,-0.01,-0.09,4.94,4.94
-45.798,-0.01,-0.09,4.94,4.94
-45.788,-0.01,-0.09,4.94,4.94
-45.778,-0.01,-0.09,4.94,4.94
-45.768,-0.01,-0.09,4.94,4.94
-45.758,-0.01,-0.09,4.94,4.94
-45.748,-0.01,-0.09,4.94,4.94
-45.738,-0.01,-0.09,4.94,4.94
-45.728,-0.01,-0.09,4.94,4.94
-45.718,-0.01,-0.09,4.94,4.94
-45.708,-0.01,-0.09,4.94,4.94
-45.698,-0.01,-0.09,4.94,4.94
-45.688,-0.01,-0.09,4.94,4.94
-45.678,-0.01,-0.09,4.94,4.94
-45.668,-0.01,-0.09,4.94,4.94
-45.658,-0.01,-0.09,4.93,4.93
-45.648,-0.01,-0.09,4.93,4.93
-45.638,-0.01,-0.09,4.93,4.93
-45.628,-0.01,-0.09,4.94,4.94
-45.618,-0.01,-0.09,4.94,4.94
-45.608,-0.01,-0.09,4.94,4.94
-45.598,-0.01,-0.09,4.94,4.94
-45.588,-0.01,-0.09,4.94,4.94
-45.578,-0.01,-0.09,4.94,4.94
-45.568,-0.01,-0.09,4.94,4.94
-45.558,-0.01,-0.09,4.94,4.94
-45.548,-0.01,-0.09,4.94,4.94
-45.538,-0.01,-0.09,4.94,4.94
-45.528,-0.01,-0.09,4.94,4.94
-45.518,-0.01,-0.09,4.94,4.94
-45.508,-0.01,-0.09,4.94,4.94
-45.498,-0.01,-0.09,4.94,4.95
-45.488,-0.01,-0.09,4.94,4.94
-45.478,-0.01,-0.09,4.94,4.94
-45.468,-0.01,-0.09,4.94,4.94
-45.458,-0.01,-0.09,4.93,4.94
-45.448,-0.01,-0.09,4.93,4.93
-45.438,-0.01,-0.09,4.94,4.94
-45.428,-0.01,-0.09,4.94,4.94
-45.418,-0.01,-0.09,4.94,4.94
-45.408,-0.01,-0.09,4.94,4.94
-45.398,-0.01,-0.09,4.94,4.94
-45.388,-0.01,-0.09,4.94,4.94
-45.378,-0.01,-0.09,4.93,4.94
-45.368,-0.01,-0.09,4.93,4.93
-45.358,-0.01,-0.09,4.93,4.93
-45.348,-0.01,-0.09,4.93,4.93
-45.338,-0.01,-0.09,4.94,4.94
-45.328,-0.01,-0.09,4.94,4.94
-45.318,-0.01,-0.09,4.94,4.94
-45.308,-0.01,-0.09,4.94,4.94
-45.298,-0.01,-0.09,4.94,4.94
-45.288,-0.01,-0.09,4.93,4.93
-45.278,-0.01,-0.09,4.93,4.93
-45.268,-0.01,-0.09,4.93,4.93
-45.258,-0.01,-0.09,4.93,4.94
-45.248,-0.01,-0.09,4.94,4.94
-45.238,-0.01,-0.09,4.94,4.94
-45.228,-0.01,-0.09,4.94,4.94
-45.218,-0.01,-0.09,4.94,4.94
-45.208,-0.01,-0.09,4.94,4.94
-45.198,-0.01,-0.09,4.94,4.94
-45.188,-0.01,-0.09,4.94,4.94
-45.178,-0.01,-0.09,4.94,4.94
-45.168,-0.01,-0.09,4.94,4.94
-45.158,-0.01,-0.09,4.94,4.94
-45.148,-0.01,-0.09,4.94,4.94
-45.138,-0.01,-0.09,4.94,4.94
-45.128,-0.01,-0.09,4.94,4.94
-45.118,-0.01,-0.09,4.94,4.94
-45.108,-0.01,-0.09,4.94,4.94
-45.098,-0.01,-0.09,4.94,4.94
-45.088,-0.01,-0.09,4.94,4.94
-45.078,-0.01,-0.09,4.94,4.94
-45.068,-0.01,-0.09,4.94,4.94
-45.058,-0.01,-0.09,4.94,4.94
-45.048,-0.01,-0.09,4.94,4.94
-45.038,-0.01,-0.09,4.94,4.94
-45.028,-0.01,-0.09,4.94,4.94
-45.018,-0.01,-0.09,4.94,4.94
-45.008,-0.01,-0.09,4.94,4.94
-44.998,-0.01,-0.09,4.94,4.94
-44.988,-0.01,-0.09,4.94,4.94
-44.978,-0.01,-0.09,4.94,4.94
-44.968,-0.01,-0.09,4.94,4.94
-44.958,-0.01,-0.09,4.94,4.94
-44.948,-0.01,-0.09,4.94,4.94
-44.938,-0.01,-0.09,4.94,4.94
-44.928,-0.01,-0.09,4.94,4.94
-44.918,-0.01,-0.09,4.94,4.94
-44.908,-0.01,-0.09,4.94,4.94
-44.898,-0.01,-0.09,4.94,4.94
-44.888,-0.01,-0.09,4.94,4.94
-44.878,-0.01,-0.09,4.95,4.95
-44.868,-0.01,-0.09,4.95,4.95
-44.858,-0.01,-0.09,4.95,4.95
-44.848,-0.01,-0.09,4.94,4.94
-44.838,-0.01,-0.09,4.94,4.94
-44.828,-0.01,-0.09,4.94,4.94
-44.818,-0.01,-0.09,4.93,4.93
-44.808,-0.01,-0.09,4.94,4.94
-44.798,-0.01,-0.09,4.94,4.94
-44.788,-0.01,-0.09,4.94,4.94
-44.778,-0.01,-0.09,4.94,4.94
-44.768,-0.01,-0.09,4.94,4.94
-44.758,-0.01,-0.09,4.94,4.94
-44.748,-0.01,-0.09,4.93,4.93
-44.738,-0.01,-0.09,4.93,4.93
-44.728,-0.01,-0.09,4.94,4.94
-44.718,-0.01,-0.09,4.94,4.94
-44.708,-0.01,-0.09,4.94,4.94
-44.698,-0.01,-0.09,4.94,4.94
-44.688,-0.01,-0.09,4.94,4.94
-44.678,-0.01,-0.09,4.94,4.94
-44.668,-0.01,-0.09,4.94,4.94
-44.658,-0.01,-0.09,4.94,4.94
-44.648,-0.01,-0.09,4.93,4.94
-44.638,-0.01,-0.09,4.94,4.94
-44.628,-0.01,-0.09,4.94,4.94
-44.618,-0.01,-0.09,4.94,4.94
-44.608,-0.01,-0.09,4.95,4.95
-44.598,-0.01,-0.09,4.95,4.95
-44.588,-0.01,-0.09,4.95,4.95
-44.578,-0.01,-0.09,4.94,4.94
-44.568,-0.01,-0.09,4.94,4.94
-44.558,-0.01,-0.09,4.94,4.94
-44.548,-0.01,-0.09,4.94,4.94
-44.538,-0.01,-0.09,4.94,4.94
-44.528,-0.01,-0.09,4.94,4.94
-44.518,-0.01,-0.09,4.94,4.94
-44.508,-0.01,-0.09,4.94,4.94
-44.498,-0.01,-0.09,4.94,4.94
-44.488,-0.01,-0.09,4.94,4.94
-44.478,-0.01,-0.09,4.94,4.94
-44.468,-0.01,-0.09,4.94,4.94
-44.458,-0.01,-0.09,4.94,4.94
-44.448,-0.01,-0.09,4.94,4.94
-44.438,-0.01,-0.09,4.94,4.94
-44.428,-0.01,-0.09,4.94,4.94
-44.418,-0.01,-0.09,4.94,4.94
-44.408,-0.01,-0.09,4.94,4.94
-44.398,-0.01,-0.09,4.93,4.94
-44.388,-0.01,-0.09,4.94,4.94
-44.378,-0.01,-0.09,4.94,4.94
-44.368,-0.01,-0.09,4.94,4.94
-44.358,-0.01,-0.09,4.94,4.94
-44.348,-0.01,-0.09,4.94,4.94
-44.338,-0.01,-0.09,4.94,4.94
-44.328,-0.01,-0.09,4.94,4.94
-44.318,-0.01,-0.09,4.94,4.94
-44.308,-0.01,-0.09,4.94,4.94
-44.298,-0.01,-0.09,4.94,4.94
-44.288,-0.01,-0.09,4.94,4.94
-44.278,-0.01,-0.09,4.94,4.94
-44.268,-0.01,-0.09,4.94,4.94
-44.258,-0.01,-0.09,4.94,4.94
-44.248,-0.01,-0.09,4.94,4.94
-44.238,-0.01,-0.09,4.93,4.93
-44.228,-0.01,-0.09,4.93,4.93
-44.218,-0.01,-0.09,4.93,4.93
-44.208,-0.01,-0.09,4.94,4.94
-44.198,-0.01,-0.09,4.94,4.94
-44.188,-0.01,-0.09,4.94,4.95
-44.178,-0.01,-0.09,4.95,4.95
-44.168,-0.01,-0.09,4.94,4.94
-44.158,-0.01,-0.09,4.94,4.94
-44.148,-0.01,-0.09,4.94,4.94
-44.138,-0.01,-0.09,4.94,4.94
-44.128,-0.01,-0.09,4.94,4.94
-44.118,-0.01,-0.09,4.94,4.94
-44.108,-0.01,-0.09,4.94,4.94
-44.098,-0.01,-0.09,4.94,4.94
-44.088,-0.01,-0.09,4.94,4.94
-44.078,-0.01,-0.09,4.94,4.94
-44.068,-0.01,-0.09,4.94,4.94
-44.058,-0.01,-0.09,4.94,4.94
-44.048,-0.01,-0.09,4.94,4.94
-44.038,-0.01,-0.09,4.94,4.94
-44.028,-0.01,-0.09,4.94,4.94
-44.018,-0.01,-0.09,4.94,4.94
-44.008,-0.01,-0.09,4.94,4.94
-43.998,-0.01,-0.09,4.94,4.94
-43.988,-0.01,-0.09,4.94,4.94
-43.978,-0.01,-0.09,4.94,4.95
-43.968,-0.01,-0.09,4.94,4.94
-43.958,-0.01,-0.09,4.95,4.95
-43.948,-0.01,-0.09,4.94,4.95
-43.938,-0.01,-0.09,4.94,4.94
-43.928,-0.01,-0.09,4.94,4.94
-43.918,-0.01,-0.09,4.94,4.94
-43.908,-0.01,-0.09,4.94,4.94
-43.898,-0.01,-0.09,4.94,4.94
-43.888,-0.01,-0.09,4.94,4.94
-43.879,-0.01,-0.09,4.95,4.95
-43.868,-0.01,-0.09,4.94,4.94
-43.858,-0.01,-0.09,4.94,4.94
-43.848,-0.01,-0.09,4.94,4.94
-43.838,-0.01,-0.09,4.94,4.94
-43.828,-0.01,-0.09,4.94,4.94
-43.818,-0.01,-0.09,4.95,4.95
-43.808,-0.01,-0.09,4.95,4.95
-43.798,-0.01,-0.09,4.95,4.95
-43.788,-0.01,-0.09,4.95,4.95
-43.778,-0.01,-0.09,4.94,4.94
-43.768,-0.01,-0.09,4.94,4.94
-43.758,-0.01,-0.09,4.94,4.94
-43.748,-0.01,-0.09,4.94,4.94
-43.738,-0.01,-0.09,4.94,4.94
-43.728,-0.01,-0.09,4.94,4.95
-43.718,-0.01,-0.09,4.95,4.95
-43.708,-0.01,-0.09,4.94,4.95
-43.698,-0.01,-0.09,4.94,4.94
-43.688,-0.01,-0.09,4.94,4.94
-43.678,-0.01,-0.09,4.93,4.93
-43.668,-0.01,-0.09,4.93,4.93
-43.658,-0.01,-0.09,4.93,4.94
-43.648,-0.01,-0.09,4.94,4.94
-43.638,-0.01,-0.09,4.94,4.94
-43.628,-0.01,-0.09,4.94,4.94
-43.618,-0.01,-0.09,4.94,4.94
-43.608,-0.01,-0.09,4.93,4.93
-43.598,-0.01,-0.09,4.93,4.93
-43.588,-0.01,-0.09,4.93,4.93
-43.578,-0.01,-0.09,4.93,4.93
-43.568,-0.01,-0.09,4.94,4.94
-43.558,-0.01,-0.09,4.94,4.94
-43.548,-0.01,-0.09,4.94,4.94
-43.538,-0.01,-0.09,4.94,4.94
-43.528,-0.01,-0.09,4.94,4.94
-43.518,-0.01,-0.09,4.93,4.94
-43.508,-0.01,-0.09,4.93,4.93
-43.498,-0.01,-0.09,4.93,4.93
-43.488,-0.01,-0.09,4.94,4.94
-43.478,-0.01,-0.09,4.94,4.94
-43.468,-0.01,-0.09,4.94,4.94
-43.458,-0.01,-0.09,4.94,4.94
-43.448,-0.01,-0.09,4.94,4.94
-43.438,-0.01,-0.09,4.93,4.93
-43.428,-0.01,-0.09,4.93,4.93
-43.418,-0.01,-0.09,4.94,4.94
-43.408,-0.01,-0.09,4.94,4.94
-43.398,-0.01,-0.09,4.95,4.95
-43.388,-0.01,-0.09,4.95,4.95
-43.378,-0.01,-0.09,4.95,4.95
-43.368,-0.01,-0.09,4.94,4.94
-43.358,-0.01,-0.09,4.94,4.94
-43.348,-0.01,-0.09,4.94,4.94
-43.338,-0.01,-0.09,4.94,4.94
-43.328,-0.01,-0.09,4.94,4.94
-43.318,-0.01,-0.09,4.94,4.94
-43.308,-0.01,-0.09,4.94,4.94
-43.298,-0.01,-0.09,4.94,4.94
-43.289,-0.01,-0.09,4.94,4.94
-43.278,-0.01,-0.09,4.94,4.94
-43.268,-0.01,-0.09,4.94,4.94
-43.258,-0.01,-0.09,4.94,4.94
-43.248,-0.01,-0.09,4.94,4.94
-43.238,-0.01,-0.09,4.94,4.94
-43.228,-0.01,-0.09,4.94,4.94
-43.218,-0.01,-0.09,4.94,4.94
-43.208,-0.01,-0.09,4.94,4.94
-43.198,-0.01,-0.09,4.94,4.94
-43.188,-0.01,-0.09,4.94,4.94
-43.178,-0.01,-0.09,4.94,4.94
-43.168,-0.01,-0.09,4.94,4.94
-43.158,-0.01,-0.09,4.94,4.94
-43.148,-0.01,-0.09,4.94,4.94
-43.138,-0.01,-0.09,4.94,4.94
-43.128,-0.01,-0.09,4.94,4.94
-43.118,-0.01,-0.09,4.94,4.94
-43.108,-0.01,-0.09,4.93,4.94
-43.098,-0.01,-0.09,4.93,4.94
-43.088,-0.01,-0.09,4.94,4.94
-43.078,-0.01,-0.09,4.94,4.94
-43.068,-0.01,-0.09,4.94,4.94
-43.058,-0.01,-0.09,4.94,4.94
-43.048,-0.01,-0.09,4.94,4.94
-43.038,-0.01,-0.09,4.94,4.94
-43.028,-0.01,-0.09,4.94,4.94
-43.018,-0.01,-0.09,4.94,4.94
-43.008,-0.01,-0.09,4.95,4.95
-42.998,-0.01,-0.09,4.95,4.95
-42.988,-0.01,-0.09,4.95,4.95
-42.978,-0.01,-0.09,4.94,4.94
-42.968,-0.01,-0.09,4.94,4.94
-42.958,-0.01,-0.09,4.94,4.94
-42.948,-0.01,-0.09,4.94,4.94
-42.938,-0.01,-0.09,4.94,4.94
-42.928,-0.01,-0.09,4.94,4.94
-42.918,-0.01,-0.09,4.94,4.94
-42.908,-0.01,-0.09,4.94,4.94
-42.898,-0.01,-0.09,4.94,4.94
-42.888,-0.01,-0.09,4.94,4.94
-42.878,-0.01,-0.09,4.94,4.94
-42.868,-0.01,-0.09,4.94,4.94
-42.858,-0.01,-0.09,4.94,4.94
-42.848,-0.01,-0.09,4.94,4.94
-42.838,-0.01,-0.09,4.94,4.94
-42.828,-0.01,-0.09,4.94,4.94
-42.818,-0.01,-0.09,4.94,4.94
-42.808,-0.01,-0.09,4.94,4.94
-42.798,-0.01,-0.09,4.94,4.94
-42.788,-0.01,-0.09,4.94,4.94
-42.778,-0.01,-0.09,4.94,4.94
-42.768,-0.01,-0.09,4.94,4.94
-42.758,-0.01,-0.09,4.94,4.94
-42.748,-0.01,-0.09,4.94,4.94
-42.738,-0.01,-0.09,4.94,4.94
-42.728,-0.01,-0.09,4.94,4.94
-42.718,-0.01,-0.09,4.94,4.94
-42.708,-0.01,-0.09,4.94,4.94
-42.698,-0.01,-0.09,4.94,4.94
-42.688,-0.01,-0.09,4.94,4.94
-42.678,-0.01,-0.09,4.94,4.94
-42.668,-0.01,-0.09,4.94,4.94
-42.658,-0.01,-0.09,4.93,4.94
-42.648,-0.01,-0.09,4.93,4.93
-42.638,-0.01,-0.09,4.93,4.93
-42.628,-0.01,-0.09,4.93,4.93
-42.618,-0.01,-0.09,4.93,4.93
-42.608,-0.01,-0.09,4.94,4.94
-42.598,-0.01,-0.09,4.94,4.94
-42.588,-0.01,-0.09,4.94,4.94
-42.578,-0.01,-0.09,4.94,4.94
-42.568,-0.01,-0.09,4.94,4.94
-42.558,-0.01,-0.09,4.93,4.93
-42.548,-0.01,-0.09,4.93,4.93
-42.538,-0.01,-0.09,4.93,4.93
-42.528,-0.01,-0.09,4.93,4.93
-42.518,-0.01,-0.09,4.93,4.94
-42.508,-0.01,-0.09,4.94,4.94
-42.498,-0.01,-0.09,4.94,4.94
-42.488,-0.01,-0.09,4.94,4.94
-42.478,-0.01,-0.09,4.94,4.94
-42.468,-0.01,-0.09,4.93,4.94
-42.458,-0.01,-0.09,4.93,4.93
-42.448,-0.01,-0.09,4.93,4.93
-42.438,-0.01,-0.09,4.93,4.94
-42.428,-0.01,-0.09,4.93,4.94
-42.418,-0.01,-0.09,4.94,4.94
-42.408,-0.01,-0.09,4.94,4.94
-42.398,-0.01,-0.09,4.93,4.93
-42.388,-0.01,-0.09,4.93,4.93
-42.378,-0.01,-0.09,4.93,4.93
-42.368,-0.01,-0.09,4.93,4.93
-42.358,-0.01,-0.09,4.94,4.94
-42.348,-0.01,-0.09,4.94,4.94
-42.338,-0.01,-0.09,4.94,4.94
-42.328,-0.01,-0.09,4.94,4.94
-42.318,-0.01,-0.09,4.94,4.94
-42.308,-0.01,-0.09,4.94,4.94
-42.298,-0.01,-0.09,4.93,4.93
-42.288,-0.01,-0.09,4.93,4.93
-42.278,-0.01,-0.09,4.93,4.94
-42.268,-0.01,-0.09,4.94,4.94
-42.258,-0.01,-0.09,4.94,4.94
-42.248,-0.01,-0.09,4.94,4.94
-42.238,-0.01,-0.09,4.94,4.94
-42.228,-0.01,-0.09,4.93,4.93
-42.218,-0.01,-0.09,4.93,4.93
-42.208,-0.01,-0.09,4.93,4.93
-42.198,-0.01,-0.09,4.94,4.94
-42.189,-0.01,-0.09,4.94,4.94
-42.178,-0.01,-0.09,4.94,4.94
-42.168,-0.01,-0.09,4.94,4.94
-42.158,-0.01,-0.09,4.94,4.94
-42.148,-0.01,-0.09,4.94,4.94
-42.138,-0.01,-0.09,4.93,4.94
-42.128,-0.01,-0.09,4.93,4.93
-42.118,-0.01,-0.09,4.93,4.93
-42.108,-0.01,-0.09,4.93,4.93
-42.098,-0.01,-0.09,4.93,4.93
-42.088,-0.01,-0.09,4.94,4.94
-42.078,-0.01,-0.09,4.94,4.94
-42.068,-0.01,-0.09,4.94,4.94
-42.058,-0.01,-0.09,4.94,4.94
-42.048,-0.01,-0.09,4.93,4.93
-42.038,-0.01,-0.09,4.93,4.93
-42.028,-0.01,-0.09,4.93,4.94
-42.018,-0.01,-0.09,4.94,4.94
-42.008,-0.01,-0.09,4.94,4.95
-41.998,-0.01,-0.09,4.95,4.95
-41.988,-0.01,-0.09,4.95,4.95
-41.978,-0.01,-0.09,4.94,4.94
-41.968,-0.01,-0.09,4.94,4.94
-41.958,-0.01,-0.09,4.94,4.94
-41.948,-0.01,-0.09,4.94,4.94
-41.938,-0.01,-0.09,4.94,4.94
-41.928,-0.01,-0.09,4.94,4.94
-41.918,-0.01,-0.09,4.94,4.94
-41.908,-0.01,-0.09,4.94,4.94
-41.898,-0.01,-0.09,4.93,4.94
-41.888,-0.01,-0.09,4.93,4.93
-41.878,-0.01,-0.09,4.93,4.93
-41.868,-0.01,-0.09,4.93,4.93
-41.858,-0.01,-0.09,4.93,4.94
-41.848,-0.01,-0.09,4.94,4.94
-41.838,-0.01,-0.09,4.94,4.94
-41.828,-0.01,-0.09,4.94,4.94
-41.818,-0.01,-0.09,4.94,4.94
-41.808,-0.01,-0.09,4.94,4.94
-41.798,-0.01,-0.09,4.93,4.93
-41.788,-0.01,-0.09,4.93,4.93
-41.778,-0.01,-0.09,4.93,4.93
-41.768,-0.01,-0.09,4.93,4.93
-41.758,-0.01,-0.09,4.93,4.93
-41.748,-0.01,-0.09,4.93,4.93
-41.738,-0.01,-0.09,4.93,4.93
-41.728,-0.01,-0.09,4.93,4.93
-41.718,-0.01,-0.09,4.93,4.93
-41.708,-0.01,-0.09,4.93,4.93
-41.698,-0.01,-0.09,4.93,4.93
-41.688,-0.01,-0.09,4.94,4.94
-41.678,-0.01,-0.09,4.94,4.94
-41.668,-0.01,-0.09,4.94,4.94
-41.658,-0.01,-0.09,4.94,4.94
-41.648,-0.01,-0.09,4.94,4.94
-41.638,-0.01,-0.09,4.93,4.94
-41.628,-0.01,-0.09,4.93,4.93
-41.618,-0.01,-0.09,4.93,4.94
-41.608,-0.01,-0.09,4.94,4.94
-41.598,-0.01,-0.09,4.94,4.94
-41.588,-0.01,-0.09,4.94,4.94
-41.578,-0.01,-0.09,4.93,4.94
-41.568,-0.01,-0.09,4.93,4.93
-41.558,-0.01,-0.09,4.93,4.93
-41.548,-0.01,-0.09,4.93,4.93
-41.538,-0.01,-0.09,4.94,4.94
-41.528,-0.01,-0.09,4.94,4.94
-41.518,-0.01,-0.09,4.95,4.95
-41.508,-0.01,-0.09,4.95,4.95
-41.498,-0.01,-0.09,4.95,4.95
-41.488,-0.01,-0.09,4.95,4.95
-41.478,-0.01,-0.09,4.94,4.94
-41.468,-0.01,-0.09,4.94,4.94
-41.458,-0.01,-0.09,4.93,4.93
-41.448,-0.01,-0.09,4.93,4.93
-41.438,-0.01,-0.09,4.94,4.94
-41.428,-0.01,-0.09,4.94,4.94
-41.418,-0.01,-0.09,4.94,4.94
-41.408,-0.01,-0.09,4.93,4.94
-41.398,-0.01,-0.09,4.93,4.93
-41.388,-0.01,-0.09,4.93,4.93
-41.378,-0.01,-0.09,4.94,4.94
-41.368,-0.01,-0.09,4.94,4.94
-41.358,-0.01,-0.09,4.94,4.94
-41.348,-0.01,-0.09,4.95,4.95
-41.338,-0.01,-0.09,4.95,4.95
-41.328,-0.01,-0.09,4.95,4.95
-41.318,-0.01,-0.09,4.94,4.94
-41.308,-0.01,-0.09,4.94,4.94
-41.298,-0.01,-0.09,4.94,4.94
-41.288,-0.01,-0.09,4.94,4.94
-41.278,-0.01,-0.09,4.94,4.94
-41.268,-0.01,-0.09,4.94,4.94
-41.258,-0.01,-0.09,4.94,4.94
-41.248,-0.01,-0.09,4.94,4.94
-41.238,-0.01,-0.09,4.93,4.93
-41.228,-0.01,-0.09,4.93,4.94
-41.218,-0.01,-0.09,4.94,4.94
-41.208,-0.01,-0.09,4.94,4.94
-41.198,-0.01,-0.09,4.95,4.95
-41.189,-0.01,-0.09,4.95,4.95
-41.178,-0.01,-0.09,4.95,4.95
-41.168,-0.01,-0.09,4.95,4.95
-41.158,-0.01,-0.09,4.95,4.95
-41.148,-0.01,-0.09,4.94,4.94
-41.138,-0.01,-0.09,4.94,4.94
-41.128,-0.01,-0.09,4.94,4.94
-41.118,-0.01,-0.09,4.94,4.94
-41.108,-0.01,-0.09,4.94,4.94
-41.098,-0.01,-0.09,4.94,4.94
-41.088,-0.01,-0.09,4.94,4.94
-41.078,-0.01,-0.09,4.94,4.94
-41.068,-0.01,-0.09,4.94,4.94
-41.058,-0.01,-0.09,4.94,4.94
-41.048,-0.01,-0.09,4.94,4.94
-41.038,-0.01,-0.09,4.94,4.94
-41.028,-0.01,-0.09,4.94,4.94
-41.018,-0.01,-0.09,4.95,4.95
-41.008,-0.01,-0.09,4.95,4.95
-40.998,-0.01,-0.09,4.95,4.95
-40.988,-0.01,-0.09,4.95,4.95
-40.978,-0.01,-0.09,4.94,4.94
-40.968,-0.01,-0.09,4.94,4.94
-40.958,-0.01,-0.09,4.93,4.94
-40.948,-0.01,-0.09,4.93,4.93
-40.938,-0.01,-0.09,4.94,4.94
-40.928,-0.01,-0.09,4.94,4.94
-40.918,-0.01,-0.09,4.94,4.94
-40.908,-0.01,-0.09,4.94,4.94
-40.898,-0.01,-0.09,4.94,4.94
-40.888,-0.01,-0.09,4.93,4.94
-40.878,-0.01,-0.09,4.93,4.93
-40.868,-0.01,-0.09,4.93,4.93
-40.858,-0.01,-0.09,4.93,4.93
-40.848,-0.01,-0.09,4.94,4.94
-40.838,-0.01,-0.09,4.94,4.94
-40.828,-0.01,-0.09,4.95,4.95
-40.818,-0.01,-0.09,4.95,4.95
-40.808,-0.01,-0.09,4.95,4.95
-40.798,-0.01,-0.09,4.94,4.94
-40.788,-0.01,-0.09,4.93,4.93
-40.778,-0.01,-0.09,4.93,4.93
-40.768,-0.01,-0.09,4.93,4.93
-40.758,-0.01,-0.09,4.93,4.93
-40.748,-0.01,-0.09,4.93,4.93
-40.738,-0.01,-0.09,4.94,4.94
-40.728,-0.01,-0.09,4.94,4.94
-40.718,-0.01,-0.09,4.94,4.94
-40.708,-0.01,-0.09,4.93,4.93
-40.698,-0.01,-0.09,4.93,4.93
-40.688,-0.01,-0.09,4.93,4.93
-40.678,-0.01,-0.09,4.94,4.94
-40.668,-0.01,-0.09,4.94,4.94
-40.658,-0.01,-0.09,4.94,4.94
-40.648,-0.01,-0.09,4.94,4.94
-40.638,-0.01,-0.09,4.94,4.94
-40.628,-0.01,-0.09,4.93,4.93
-40.618,-0.01,-0.09,4.93,4.93
-40.608,-0.01,-0.09,4.93,4.93
-40.598,-0.01,-0.09,4.93,4.94
-40.588,-0.01,-0.09,4.94,4.94
-40.578,-0.01,-0.09,4.94,4.94
-40.568,-0.01,-0.09,4.93,4.93
-40.558,-0.01,-0.09,4.93,4.93
-40.548,-0.01,-0.09,4.93,4.93
-40.538,-0.01,-0.09,4.93,4.93
-40.528,-0.01,-0.09,4.93,4.93
-40.518,-0.01,-0.09,4.93,4.94
-40.508,-0.01,-0.09,4.93,4.94
-40.498,-0.01,-0.09,4.94,4.94
-40.488,-0.01,-0.09,4.94,4.94
-40.478,-0.01,-0.09,4.94,4.94
-40.468,-0.01,-0.09,4.94,4.94
-40.458,-0.01,-0.09,4.94,4.94
-40.448,-0.01,-0.09,4.94,4.94
-40.438,-0.01,-0.09,4.94,4.94
-40.428,-0.01,-0.09,4.94,4.94
-40.418,-0.01,-0.09,4.94,4.94
-40.408,-0.01,-0.09,4.94,4.94
-40.398,-0.01,-0.09,4.94,4.94
-40.388,-0.01,-0.09,4.93,4.93
-40.378,-0.01,-0.09,4.93,4.93
-40.368,-0.01,-0.09,4.94,4.94
-40.358,-0.01,-0.09,4.94,4.94
-40.348,-0.01,-0.09,4.94,4.94
-40.338,-0.01,-0.09,4.94,4.94
-40.328,-0.01,-0.09,4.94,4.94
-40.318,-0.01,-0.09,4.94,4.94
-40.308,-0.01,-0.09,4.94,4.94
-40.298,-0.01,-0.09,4.94,4.94
-40.288,-0.01,-0.09,4.94,4.94
-40.278,-0.01,-0.09,4.94,4.94
-40.268,-0.01,-0.09,4.94,4.94
-40.258,-0.01,-0.09,4.94,4.94
-40.248,-0.01,-0.09,4.94,4.94
-40.238,-0.01,-0.09,4.94,4.94
-40.228,-0.01,-0.09,4.94,4.94
-40.218,-0.01,-0.09,4.94,4.94
-40.208,-0.01,-0.09,4.94,4.94
-40.198,-0.01,-0.09,4.94,4.94
-40.188,-0.01,-0.09,4.94,4.94
-40.178,-0.01,-0.09,4.94,4.94
-40.168,-0.01,-0.09,4.94,4.94
-40.158,-0.01,-0.09,4.94,4.95
-40.148,-0.01,-0.09,4.95,4.95
-40.138,-0.01,-0.09,4.95,4.95
-40.128,-0.01,-0.09,4.95,4.95
-40.118,-0.01,-0.09,4.95,4.95
-40.108,-0.01,-0.09,4.94,4.95
-40.098,-0.01,-0.09,4.94,4.94
-40.088,-0.01,-0.09,4.94,4.94
-40.078,-0.01,-0.09,4.94,4.94
-40.068,-0.01,-0.09,4.94,4.94
-40.058,-0.01,-0.09,4.94,4.94
-40.048,-0.01,-0.09,4.94,4.94
-40.038,-0.01,-0.09,4.94,4.94
-40.028,-0.01,-0.09,4.94,4.94
-40.018,-0.01,-0.09,4.94,4.94
-40.008,-0.01,-0.09,4.94,4.94
-39.998,-0.01,-0.09,4.94,4.95
-39.988,-0.01,-0.09,4.94,4.95
-39.978,-0.01,-0.09,4.95,4.95
-39.968,-0.01,-0.09,4.95,4.95
-39.958,-0.01,-0.09,4.94,4.94
-39.948,-0.01,-0.09,4.94,4.94
-39.938,-0.01,-0.09,4.94,4.94
-39.928,-0.01,-0.09,4.93,4.93
-39.918,-0.01,-0.09,4.93,4.94
-39.908,-0.01,-0.09,4.94,4.94
-39.898,-0.01,-0.09,4.94,4.94
-39.888,-0.01,-0.09,4.95,4.95
-39.878,-0.01,-0.09,4.95,4.95
-39.868,-0.01,-0.09,4.94,4.94
-39.858,-0.01,-0.09,4.93,4.93
-39.848,-0.01,-0.09,4.93,4.93
-39.838,-0.01,-0.09,4.93,4.93
-39.828,-0.01,-0.09,4.93,4.93
-39.818,-0.01,-0.09,4.94,4.94
-39.808,-0.01,-0.09,4.95,4.95
-39.798,-0.01,-0.09,4.95,4.95
-39.788,-0.01,-0.09,4.94,4.95
-39.778,-0.01,-0.09,4.94,4.94
-39.768,-0.01,-0.09,4.93,4.94
-39.758,-0.01,-0.09,4.93,4.93
-39.748,-0.01,-0.09,4.93,4.93
-39.738,-0.01,-0.09,4.94,4.94
-39.728,-0.01,-0.09,4.94,4.94
-39.718,-0.01,-0.09,4.94,4.94
-39.708,-0.01,-0.09,4.94,4.94
-39.698,-0.01,-0.09,4.93,4.94
-39.688,-0.01,-0.09,4.93,4.93
-39.678,-0.01,-0.09,4.93,4.93
-39.668,-0.01,-0.09,4.94,4.94
-39.658,-0.01,-0.09,4.94,4.94
-39.648,-0.01,-0.09,4.94,4.94
-39.638,-0.01,-0.09,4.94,4.94
-39.628,-0.01,-0.09,4.94,4.94
-39.618,-0.01,-0.09,4.93,4.94
-39.608,-0.01,-0.09,4.93,4.93
-39.598,-0.01,-0.09,4.93,4.93
-39.588,-0.01,-0.09,4.93,4.93
-39.578,-0.01,-0.09,4.94,4.94
-39.568,-0.01,-0.09,4.94,4.94
-39.558,-0.01,-0.09,4.95,4.95
-39.548,-0.01,-0.09,4.94,4.95
-39.538,-0.01,-0.09,4.94,4.94
-39.528,-0.01,-0.09,4.94,4.94
-39.518,-0.01,-0.09,4.93,4.93
-39.508,-0.01,-0.09,4.94,4.94
-39.498,-0.01,-0.09,4.94,4.94
-39.488,-0.01,-0.09,4.95,4.95
-39.478,-0.01,-0.09,4.95,4.95
-39.468,-0.01,-0.09,4.94,4.95
-39.458,-0.01,-0.09,4.94,4.94
-39.448,-0.01,-0.09,4.93,4.93
-39.438,-0.01,-0.09,4.93,4.93
-39.428,-0.01,-0.09,4.94,4.94
-39.418,-0.01,-0.09,4.94,4.94
-39.408,-0.01,-0.09,4.94,4.94
-39.398,-0.01,-0.09,4.95,4.95
-39.388,-0.01,-0.09,4.94,4.94
-39.378,-0.01,-0.09,4.94,4.94
-39.368,-0.01,-0.09,4.94,4.94
-39.358,-0.01,-0.09,4.94,4.94
-39.348,-0.01,-0.09,4.94,4.94
-39.338,-0.01,-0.09,4.94,4.94
-39.328,-0.01,-0.09,4.94,4.95
-39.318,-0.01,-0.09,4.95,4.95
-39.308,-0.01,-0.09,4.94,4.94
-39.298,-0.01,-0.09,4.94,4.94
-39.288,-0.01,-0.09,4.93,4.93
-39.278,-0.01,-0.09,4.93,4.93
-39.268,-0.01,-0.09,4.93,4.93
-39.258,-0.01,-0.09,4.93,4.93
-39.248,-0.01,-0.09,4.94,4.94
-39.238,-0.01,-0.09,4.94,4.94
-39.228,-0.01,-0.09,4.94,4.94
-39.218,-0.01,-0.09,4.94,4.94
-39.208,-0.01,-0.09,4.93,4.93
-39.198,-0.01,-0.09,4.93,4.93
-39.188,-0.01,-0.09,4.94,4.94
-39.178,-0.01,-0.09,4.94,4.94
-39.168,-0.01,-0.09,4.94,4.94
-39.158,-0.01,-0.09,4.94,4.94
-39.148,-0.01,-0.09,4.94,4.94
-39.138,-0.01,-0.09,4.93,4.93
-39.128,-0.01,-0.09,4.93,4.93
-39.118,-0.01,-0.09,4.93,4.93
-39.108,-0.01,-0.09,4.93,4.93
-39.098,-0.01,-0.09,4.94,4.94
-39.089,-0.01,-0.09,4.94,4.94
-39.078,-0.01,-0.09,4.94,4.94
-39.068,-0.01,-0.09,4.94,4.94
-39.058,-0.01,-0.09,4.94,4.94
-39.048,-0.01,-0.09,4.94,4.94
-39.038,-0.01,-0.09,4.94,4.94
-39.028,-0.01,-0.09,4.94,4.94
-39.018,-0.01,-0.09,4.94,4.94
-39.008,-0.01,-0.09,4.95,4.95
-38.998,-0.01,-0.09,4.95,4.95
-38.988,-0.01,-0.09,4.95,4.95
-38.978,-0.01,-0.09,4.94,4.94
-38.968,-0.01,-0.09,4.94,4.94
-38.958,-0.01,-0.09,4.94,4.94
-38.948,-0.01,-0.09,4.94,4.94
-38.938,-0.01,-0.09,4.94,4.94
-38.928,-0.01,-0.09,4.94,4.94
-38.918,-0.01,-0.09,4.94,4.94
-38.908,-0.01,-0.09,4.94,4.94
-38.898,-0.01,-0.09,4.94,4.94
-38.888,-0.01,-0.09,4.94,4.94
-38.878,-0.01,-0.09,4.94,4.94
-38.868,-0.01,-0.09,4.94,4.95
-38.858,-0.01,-0.09,4.95,4.95
-38.848,-0.01,-0.09,4.95,4.95
-38.838,-0.01,-0.09,4.94,4.94
-38.828,-0.01,-0.09,4.94,4.94
-38.818,-0.01,-0.09,4.94,4.94
-38.808,-0.01,-0.09,4.94,4.94
-38.798,-0.01,-0.09,4.94,4.94
-38.788,-0.01,-0.09,4.94,4.94
-38.778,-0.01,-0.09,4.94,4.94
-38.768,-0.01,-0.09,4.94,4.94
-38.758,-0.01,-0.09,4.94,4.94
-38.748,-0.01,-0.09,4.94,4.94
-38.738,-0.01,-0.09,4.94,4.94
-38.728,-0.01,-0.09,4.94,4.94
-38.718,-0.01,-0.09,4.94,4.94
-38.708,-0.01,-0.09,4.94,4.94
-38.698,-0.01,-0.09,4.94,4.94
-38.688,-0.01,-0.09,4.94,4.94
-38.678,-0.01,-0.09,4.94,4.94
-38.668,-0.01,-0.09,4.94,4.94
-38.658,-0.01,-0.09,4.94,4.94
-38.648,-0.01,-0.09,4.94,4.94
-38.638,-0.01,-0.09,4.94,4.94
-38.628,-0.01,-0.09,4.94,4.94
-38.618,-0.01,-0.09,4.94,4.94
-38.608,-0.01,-0.09,4.94,4.94
-38.598,-0.01,-0.09,4.94,4.94
-38.588,-0.01,-0.09,4.94,4.94
-38.578,-0.01,-0.09,4.94,4.94
-38.568,-0.01,-0.09,4.94,4.94
-38.558,-0.01,-0.09,4.94,4.94
-38.548,-0.01,-0.09,4.94,4.94
-38.538,-0.01,-0.09,4.94,4.94
-38.528,-0.01,-0.09,4.94,4.94
-38.518,-0.01,-0.09,4.94,4.94
-38.508,-0.01,-0.09,4.94,4.94
-38.498,-0.01,-0.09,4.94,4.94
-38.488,-0.01,-0.09,4.94,4.94
-38.478,-0.01,-0.09,4.94,4.94
-38.468,-0.01,-0.09,4.94,4.94
-38.458,-0.01,-0.09,4.94,4.94
-38.448,-0.01,-0.09,4.94,4.94
-38.438,-0.01,-0.09,4.94,4.94
-38.428,-0.01,-0.09,4.94,4.94
-38.418,-0.01,-0.09,4.95,4.95
-38.408,-0.01,-0.09,4.95,4.95
-38.398,-0.01,-0.09,4.95,4.95
-38.388,-0.01,-0.09,4.94,4.94
-38.378,-0.01,-0.09,4.94,4.94
-38.368,-0.01,-0.09,4.94,4.94
-38.358,-0.01,-0.09,4.94,4.94
-38.348,-0.01,-0.09,4.94,4.94
-38.338,-0.01,-0.09,4.94,4.94
-38.328,-0.01,-0.09,4.95,4.95
-38.318,-0.01,-0.09,4.94,4.94
-38.308,-0.01,-0.09,4.94,4.94
-38.298,-0.01,-0.09,4.94,4.94
-38.288,-0.01,-0.09,4.94,4.94
-38.278,-0.01,-0.09,4.94,4.94
-38.268,-0.01,-0.09,4.94,4.94
-38.258,-0.01,-0.09,4.95,4.95
-38.248,-0.01,-0.09,4.95,4.95
-38.238,-0.01,-0.09,4.95,4.95
-38.228,-0.01,-0.09,4.95,4.95
-38.218,-0.01,-0.09,4.94,4.94
-38.208,-0.01,-0.09,4.94,4.94
-38.198,-0.01,-0.09,4.94,4.94
-38.188,-0.01,-0.09,4.94,4.94
-38.178,-0.01,-0.09,4.94,4.94
-38.168,-0.01,-0.09,4.94,4.95
-38.158,-0.01,-0.09,4.95,4.95
-38.148,-0.01,-0.09,4.94,4.95
-38.138,-0.01,-0.09,4.94,4.94
-38.128,-0.01,-0.09,4.94,4.94
-38.118,-0.01,-0.09,4.93,4.94
-38.108,-0.01,-0.09,4.93,4.94
-38.098,-0.01,-0.09,4.94,4.94
-38.089,-0.01,-0.09,4.94,4.94
-38.078,-0.01,-0.09,4.94,4.94
-38.068,-0.01,-0.09,4.94,4.94
-38.058,-0.01,-0.09,4.94,4.94
-38.048,-0.01,-0.09,4.94,4.94
-38.038,-0.01,-0.09,4.94,4.94
-38.028,-0.01,-0.09,4.94,4.94
-38.018,-0.01,-0.09,4.94,4.94
-38.008,-0.01,-0.09,4.94,4.94
-37.998,-0.01,-0.09,4.94,4.94
-37.988,-0.01,-0.09,4.94,4.94
-37.978,-0.01,-0.09,4.94,4.94
-37.968,-0.01,-0.09,4.94,4.94
-37.958,-0.01,-0.09,4.94,4.94
-37.948,-0.01,-0.09,4.94,4.94
-37.938,-0.01,-0.09,4.94,4.94
-37.928,-0.01,-0.09,4.94,4.94
-37.918,-0.01,-0.09,4.94,4.94
-37.908,-0.01,-0.09,4.94,4.94
-37.898,-0.01,-0.09,4.94,4.94
-37.889,-0.01,-0.09,4.94,4.94
-37.878,-0.01,-0.09,4.94,4.94
-37.868,-0.01,-0.09,4.94,4.94
-37.858,-0.01,-0.09,4.94,4.94
-37.848,-0.01,-0.09,4.94,4.94
-37.838,-0.01,-0.09,4.94,4.94
-37.828,-0.01,-0.09,4.94,4.94
-37.818,-0.01,-0.09,4.94,4.94
-37.808,-0.01,-0.09,4.94,4.94
-37.798,-0.01,-0.09,4.94,4.94
-37.788,-0.01,-0.09,4.94,4.94
-37.778,-0.01,-0.09,4.94,4.94
-37.768,-0.01,-0.09,4.94,4.94
-37.758,-0.01,-0.09,4.94,4.94
-37.748,-0.01,-0.09,4.94,4.94
-37.738,-0.01,-0.09,4.94,4.94
-37.728,-0.01,-0.09,4.94,4.94
-37.718,-0.01,-0.09,4.94,4.94
-37.708,-0.01,-0.09,4.94,4.94
-37.698,-0.01,-0.09,4.94,4.94
-37.689,-0.01,-0.09,4.94,4.94
-37.678,-0.01,-0.09,4.94,4.94
-37.668,-0.01,-0.09,4.94,4.94
-37.658,-0.01,-0.09,4.94,4.94
-37.648,-0.01,-0.09,4.94,4.94
-37.638,-0.01,-0.09,4.94,4.94
-37.628,-0.01,-0.09,4.94,4.94
-37.618,-0.01,-0.09,4.94,4.94
-37.608,-0.01,-0.09,4.94,4.94
-37.598,-0.01,-0.09,4.94,4.94
-37.588,-0.01,-0.09,4.94,4.94
-37.578,-0.01,-0.09,4.94,4.94
-37.568,-0.01,-0.09,4.94,4.94
-37.558,-0.01,-0.09,4.94,4.94
-37.548,-0.01,-0.09,4.94,4.94
-37.538,-0.01,-0.09,4.94,4.94
-37.528,-0.01,-0.09,4.94,4.94
-37.518,-0.01,-0.09,4.94,4.94
-37.508,-0.01,-0.09,4.94,4.94
-37.498,-0.01,-0.09,4.94,4.94
-37.489,-0.01,-0.09,4.94,4.94
-37.478,-0.01,-0.09,4.94,4.94
-37.468,-0.01,-0.09,4.94,4.94
-37.458,-0.01,-0.09,4.94,4.94
-37.448,-0.01,-0.09,4.94,4.94
-37.438,-0.01,-0.09,4.94,4.94
-37.428,-0.01,-0.09,4.93,4.93
-37.418,-0.01,-0.09,4.94,4.94
-37.408,-0.01,-0.09,4.94,4.94
-37.398,-0.01,-0.09,4.94,4.94
-37.388,-0.01,-0.09,4.94,4.94
-37.378,-0.01,-0.09,4.95,4.95
-37.368,-0.01,-0.09,4.95,4.95
-37.358,-0.01,-0.09,4.94,4.95
-37.348,-0.01,-0.09,4.94,4.94
-37.338,-0.01,-0.09,4.94,4.94
-37.328,-0.01,-0.09,4.94,4.94
-37.318,-0.01,-0.09,4.94,4.94
-37.308,-0.01,-0.09,4.94,4.94
-37.298,-0.01,-0.09,4.94,4.94
-37.288,-0.01,-0.09,4.94,4.94
-37.279,-0.01,-0.09,4.94,4.94
-37.268,-0.01,-0.09,4.94,4.94
-37.258,-0.01,-0.09,4.94,4.94
-37.248,-0.01,-0.09,4.94,4.94
-37.238,-0.01,-0.09,4.94,4.94
-37.228,-0.01,-0.09,4.94,4.95
-37.218,-0.01,-0.09,4.95,4.95
-37.208,-0.01,-0.09,4.94,4.95
-37.198,-0.01,-0.09,4.94,4.95
-37.189,-0.01,-0.09,4.94,4.95
-37.179,-0.01,-0.09,4.94,4.94
-37.168,-0.01,-0.09,4.94,4.94
-37.158,-0.01,-0.09,4.94,4.94
-37.148,-0.01,-0.09,4.94,4.94
-37.138,-0.01,-0.09,4.94,4.94
-37.128,-0.01,-0.09,4.94,4.94
-37.118,-0.01,-0.09,4.94,4.94
-37.108,-0.01,-0.09,4.94,4.94
-37.098,-0.01,-0.09,4.94,4.94
-37.088,-0.01,-0.09,4.94,4.94
-37.078,-0.01,-0.09,4.94,4.94
-37.068,-0.01,-0.09,4.94,4.95
-37.058,-0.01,-0.09,4.94,4.95
-37.048,-0.01,-0.09,4.94,4.94
-37.038,-0.01,-0.09,4.94,4.94
-37.028,-0.01,-0.09,4.94,4.94
-37.018,-0.01,-0.09,4.94,4.94
-37.008,-0.01,-0.09,4.94,4.95
-36.998,-0.01,-0.09,4.94,4.94
-36.988,-0.01,-0.09,4.94,4.94
-36.978,-0.01,-0.09,4.94,4.94
-36.968,-0.01,-0.09,4.94,4.94
-36.958,-0.01,-0.09,4.94,4.94
-36.948,-0.01,-0.09,4.94,4.94
-36.938,-0.01,-0.09,4.94,4.94
-36.928,-0.01,-0.09,4.94,4.94
-36.918,-0.01,-0.09,4.94,4.94
-36.908,-0.01,-0.09,4.94,4.94
-36.898,-0.01,-0.09,4.94,4.95
-36.888,-0.01,-0.09,4.94,4.94
-36.878,-0.01,-0.09,4.94,4.94
-36.868,-0.01,-0.09,4.94,4.94
-36.858,-0.01,-0.09,4.94,4.94
-36.848,-0.01,-0.09,4.94,4.94
-36.838,-0.01,-0.09,4.94,4.94
-36.828,-0.01,-0.09,4.94,4.94
-36.818,-0.01,-0.09,4.95,4.95
-36.808,-0.01,-0.09,4.94,4.95
-36.798,-0.01,-0.09,4.94,4.94
-36.788,-0.01,-0.09,4.94,4.94
-36.778,-0.01,-0.09,4.94,4.94
-36.768,-0.01,-0.09,4.94,4.94
-36.758,-0.01,-0.09,4.94,4.94
-36.748,-0.01,-0.09,4.94,4.94
-36.738,-0.01,-0.09,4.94,4.94
-36.728,-0.01,-0.09,4.94,4.94
-36.718,-0.01,-0.09,4.94,4.94
-36.708,-0.01,-0.09,4.94,4.94
-36.698,-0.01,-0.09,4.94,4.94
-36.688,-0.01,-0.09,4.94,4.94
-36.678,-0.01,-0.09,4.94,4.94
-36.668,-0.01,-0.09,4.94,4.94
-36.658,-0.01,-0.09,4.94,4.94
-36.648,-0.01,-0.09,4.94,4.94
-36.638,-0.01,-0.09,4.94,4.94
-36.628,-0.01,-0.09,4.94,4.94
-36.618,-0.01,-0.09,4.94,4.94
-36.608,-0.01,-0.09,4.94,4.94
-36.598,-0.01,-0.09,4.94,4.94
-36.589,-0.01,-0.09,4.94,4.94
-36.578,-0.01,-0.09,4.94,4.94
-36.568,-0.01,-0.09,4.94,4.94
-36.558,-0.01,-0.09,4.94,4.94
-36.548,-0.01,-0.09,4.94,4.94
-36.538,-0.01,-0.09,4.93,4.94
-36.528,-0.01,-0.09,4.94,4.94
-36.518,-0.01,-0.09,4.94,4.94
-36.508,-0.01,-0.09,4.94,4.94
-36.498,-0.01,-0.09,4.94,4.94
-36.488,-0.01,-0.09,4.94,4.94
-36.478,-0.01,-0.09,4.94,4.94
-36.468,-0.01,-0.09,4.93,4.93
-36.458,-0.01,-0.09,4.93,4.93
-36.448,-0.01,-0.09,4.93,4.93
-36.438,-0.01,-0.09,4.93,4.94
-36.428,-0.01,-0.09,4.94,4.94
-36.418,-0.01,-0.09,4.94,4.94
-36.408,-0.01,-0.09,4.94,4.94
-36.398,-0.01,-0.09,4.94,4.94
-36.388,-0.01,-0.09,4.94,4.94
-36.378,-0.01,-0.09,4.94,4.94
-36.368,-0.01,-0.09,4.94,4.94
-36.358,-0.01,-0.09,4.94,4.94
-36.348,-0.01,-0.09,4.94,4.94
-36.338,-0.01,-0.09,4.94,4.94
-36.328,-0.01,-0.09,4.94,4.94
-36.318,-0.01,-0.09,4.94,4.94
-36.308,-0.01,-0.09,4.94,4.94
-36.298,-0.01,-0.09,4.94,4.94
-36.288,-0.01,-0.09,4.94,4.94
-36.278,-0.01,-0.09,4.94,4.94
-36.268,-0.01,-0.09,4.94,4.94
-36.258,-0.01,-0.09,4.94,4.94
-36.248,-0.01,-0.09,4.94,4.94
-36.238,-0.01,-0.09,4.94,4.94
-36.228,-0.01,-0.09,4.94,4.94
-36.218,-0.01,-0.09,4.94,4.95
-36.208,-0.01,-0.09,4.94,4.94
-36.198,-0.01,-0.09,4.94,4.94
-36.188,-0.01,-0.09,4.94,4.94
-36.178,-0.01,-0.09,4.94,4.94
-36.168,-0.01,-0.09,4.94,4.94
-36.158,-0.01,-0.09,4.94,4.94
-36.148,-0.01,-0.09,4.94,4.95
-36.138,-0.01,-0.09,4.95,4.95
-36.128,-0.01,-0.09,4.95,4.95
-36.118,-0.01,-0.09,4.95,4.95
-36.108,-0.01,-0.09,4.94,4.94
-36.098,-0.01,-0.09,4.94,4.94
-36.088,-0.01,-0.09,4.93,4.93
-36.078,-0.01,-0.09,4.93,4.94
-36.068,-0.01,-0.09,4.94,4.94
-36.058,-0.01,-0.09,4.94,4.94
-36.048,-0.01,-0.09,4.95,4.95
-36.038,-0.01,-0.09,4.95,4.95
-36.028,-0.01,-0.09,4.94,4.95
-36.018,-0.01,-0.09,4.94,4.94
-36.008,-0.01,-0.09,4.94,4.94
-35.998,-0.01,-0.09,4.94,4.94
-35.988,-0.01,-0.09,4.94,4.94
-35.978,-0.01,-0.09,4.94,4.94
-35.968,-0.01,-0.09,4.94,4.94
-35.958,-0.01,-0.09,4.94,4.94
-35.948,-0.01,-0.09,4.94,4.94
-35.938,-0.01,-0.09,4.94,4.94
-35.928,-0.01,-0.09,4.94,4.94
-35.918,-0.01,-0.09,4.94,4.94
-35.908,-0.01,-0.09,4.94,4.94
-35.898,-0.01,-0.09,4.94,4.94
-35.888,-0.01,-0.09,4.94,4.94
-35.878,-0.01,-0.09,4.94,4.94
-35.868,-0.01,-0.09,4.94,4.94
-35.858,-0.01,-0.09,4.94,4.94
-35.848,-0.01,-0.09,4.94,4.94
-35.838,-0.01,-0.09,4.94,4.95
-35.828,-0.01,-0.09,4.95,4.95
-35.818,-0.01,-0.09,4.95,4.95
-35.808,-0.01,-0.09,4.95,4.95
-35.798,-0.01,-0.09,4.95,4.95
-35.788,-0.01,-0.09,4.94,4.94
-35.778,-0.01,-0.09,4.94,4.94
-35.768,-0.01,-0.09,4.94,4.94
-35.758,-0.01,-0.09,4.94,4.94
-35.748,-0.01,-0.09,4.94,4.94
-35.738,-0.01,-0.09,4.94,4.94
-35.728,-0.01,-0.09,4.94,4.94
-35.718,-0.01,-0.09,4.94,4.94
-35.708,-0.01,-0.09,4.94,4.94
-35.698,-0.01,-0.09,4.94,4.94
-35.688,-0.01,-0.09,4.94,4.94
-35.678,-0.01,-0.09,4.94,4.94
-35.668,-0.01,-0.09,4.94,4.94
-35.658,-0.01,-0.09,4.94,4.94
-35.648,-0.01,-0.09,4.94,4.94
-35.638,-0.01,-0.09,4.94,4.94
-35.628,-0.01,-0.09,4.94,4.94
-35.618,-0.01,-0.09,4.94,4.94
-35.608,-0.01,-0.09,4.93,4.94
-35.598,-0.01,-0.09,4.93,4.93
-35.588,-0.01,-0.09,4.93,4.93
-35.578,-0.01,-0.09,4.94,4.94
-35.568,-0.01,-0.09,4.94,4.94
-35.558,-0.01,-0.09,4.94,4.94
-35.548,-0.01,-0.09,4.94,4.94
-35.538,-0.01,-0.09,4.94,4.94
-35.528,-0.01,-0.09,4.94,4.94
-35.518,-0.01,-0.09,4.94,4.94
-35.508,-0.01,-0.09,4.93,4.94
-35.498,-0.01,-0.09,4.94,4.94
-35.488,-0.01,-0.09,4.94,4.94
-35.478,-0.01,-0.09,4.94,4.94
-35.468,-0.01,-0.09,4.95,4.95
-35.458,-0.01,-0.09,4.95,4.95
-35.448,-0.01,-0.09,4.94,4.94
-35.438,-0.01,-0.09,4.94,4.94
-35.428,-0.01,-0.09,4.93,4.94
-35.418,-0.01,-0.09,4.93,4.93
-35.408,-0.01,-0.09,4.93,4.93
-35.398,-0.01,-0.09,4.94,4.94
-35.388,-0.01,-0.09,4.94,4.94
-35.378,-0.01,-0.09,4.95,4.95
-35.368,-0.01,-0.09,4.95,4.95
-35.358,-0.01,-0.09,4.95,4.95
-35.348,-0.01,-0.09,4.94,4.95
-35.338,-0.01,-0.09,4.94,4.94
-35.328,-0.01,-0.09,4.94,4.94
-35.318,-0.01,-0.09,4.94,4.94
-35.308,-0.01,-0.09,4.94,4.94
-35.298,-0.01,-0.09,4.94,4.94
-35.288,-0.01,-0.09,4.94,4.94
-35.278,-0.01,-0.09,4.94,4.94
-35.268,-0.01,-0.09,4.94,4.94
-35.258,-0.01,-0.09,4.94,4.94
-35.248,-0.01,-0.09,4.94,4.94
-35.238,-0.01,-0.09,4.94,4.94
-35.228,-0.01,-0.09,4.94,4.94
-35.218,-0.01,-0.09,4.94,4.94
-35.208,-0.01,-0.09,4.95,4.95
-35.198,-0.01,-0.09,4.94,4.95
-35.188,-0.01,-0.09,4.95,4.95
-35.178,-0.01,-0.09,4.94,4.94
-35.168,-0.01,-0.09,4.94,4.94
-35.158,-0.01,-0.09,4.94,4.94
-35.148,-0.01,-0.09,4.94,4.94
-35.138,-0.01,-0.09,4.94,4.94
-35.128,-0.01,-0.09,4.94,4.94
-35.118,-0.01,-0.09,4.94,4.94
-35.108,-0.01,-0.09,4.94,4.94
-35.098,-0.01,-0.09,4.94,4.94
-35.088,-0.01,-0.09,4.94,4.94
-35.078,-0.01,-0.09,4.94,4.94
-35.068,-0.01,-0.09,4.94,4.94
-35.058,-0.01,-0.09,4.94,4.94
-35.048,-0.01,-0.09,4.94,4.95
-35.038,-0.01,-0.09,4.95,4.95
-35.028,-0.01,-0.09,4.94,4.95
-35.018,-0.01,-0.09,4.94,4.95
-35.008,-0.01,-0.09,4.94,4.94
-34.998,-0.01,-0.09,4.94,4.94
-34.988,-0.01,-0.09,4.94,4.95
-34.978,-0.01,-0.09,4.94,4.94
-34.968,-0.01,-0.09,4.94,4.94
-34.958,-0.01,-0.09,4.94,4.94
-34.948,-0.01,-0.09,4.94,4.94
-34.938,-0.01,-0.09,4.94,4.94
-34.928,-0.01,-0.09,4.94,4.94
-34.918,-0.01,-0.09,4.94,4.94
-34.908,-0.01,-0.09,4.94,4.94
-34.898,-0.01,-0.09,4.94,4.94
-34.889,-0.01,-0.09,4.94,4.94
-34.878,-0.01,-0.09,4.94,4.94
-34.868,-0.01,-0.09,4.94,4.94
-34.858,-0.01,-0.09,4.94,4.94
-34.848,-0.01,-0.09,4.94,4.94
-34.838,-0.01,-0.09,4.94,4.94
-34.828,-0.01,-0.09,4.94,4.94
-34.818,-0.01,-0.09,4.94,4.94
-34.808,-0.01,-0.09,4.94,4.94
-34.798,-0.01,-0.09,4.94,4.94
-34.788,-0.01,-0.09,4.94,4.94
-34.778,-0.01,-0.09,4.94,4.94
-34.768,-0.01,-0.09,4.94,4.94
-34.758,-0.01,-0.09,4.94,4.94
-34.748,-0.01,-0.09,4.94,4.94
-34.738,-0.01,-0.09,4.94,4.94
-34.728,-0.01,-0.09,4.94,4.94
-34.718,-0.01,-0.09,4.94,4.94
-34.708,-0.01,-0.09,4.94,4.94
-34.698,-0.01,-0.09,4.94,4.94
-34.688,-0.01,-0.09,4.94,4.94
-34.678,-0.01,-0.09,4.94,4.94
-34.668,-0.01,-0.09,4.94,4.94
-34.658,-0.01,-0.09,4.94,4.94
-34.648,-0.01,-0.09,4.94,4.94
-34.638,-0.01,-0.09,4.93,4.93
-34.628,-0.01,-0.09,4.93,4.94
-34.618,-0.01,-0.09,4.94,4.94
-34.608,-0.01,-0.09,4.94,4.94
-34.598,-0.01,-0.09,4.94,4.94
-34.588,-0.01,-0.09,4.94,4.94
-34.578,-0.01,-0.09,4.94,4.94
-34.568,-0.01,-0.09,4.94,4.94
-34.558,-0.01,-0.09,4.93,4.93
-34.548,-0.01,-0.09,4.94,4.94
-34.538,-0.01,-0.09,4.94,4.94
-34.528,-0.01,-0.09,4.94,4.94
-34.518,-0.01,-0.09,4.95,4.95
-34.508,-0.01,-0.09,4.95,4.95
-34.498,-0.01,-0.09,4.94,4.94
-34.488,-0.01,-0.09,4.94,4.94
-34.478,-0.01,-0.09,4.93,4.94
-34.468,-0.01,-0.09,4.93,4.93
-34.458,-0.01,-0.09,4.93,4.93
-34.448,-0.01,-0.09,4.93,4.93
-34.438,-0.01,-0.09,4.94,4.94
-34.428,-0.01,-0.09,4.94,4.94
-34.418,-0.01,-0.09,4.94,4.94
-34.408,-0.01,-0.09,4.94,4.94
-34.398,-0.01,-0.09,4.94,4.94
-34.388,-0.01,-0.09,4.93,4.93
-34.378,-0.01,-0.09,4.93,4.93
-34.368,-0.01,-0.09,4.93,4.93
-34.358,-0.01,-0.09,4.94,4.94
-34.348,-0.01,-0.09,4.94,4.94
-34.338,-0.01,-0.09,4.95,4.95
-34.328,-0.01,-0.09,4.95,4.95
-34.318,-0.01,-0.09,4.94,4.94
-34.308,-0.01,-0.09,4.94,4.94
-34.298,-0.01,-0.09,4.94,4.94
-34.288,-0.01,-0.09,4.94,4.94
-34.278,-0.01,-0.09,4.94,4.94
-34.268,-0.01,-0.09,4.94,4.94
-34.258,-0.01,-0.09,4.94,4.94
-34.248,-0.01,-0.09,4.94,4.94
-34.238,-0.01,-0.09,4.94,4.94
-34.228,-0.01,-0.09,4.94,4.94
-34.218,-0.01,-0.09,4.93,4.94
-34.208,-0.01,-0.09,4.94,4.94
-34.198,-0.01,-0.09,4.94,4.94
-34.188,-0.01,-0.09,4.94,4.94
-34.178,-0.01,-0.09,4.95,4.95
-34.168,-0.01,-0.09,4.95,4.95
-34.158,-0.01,-0.09,4.95,4.95
-34.148,-0.01,-0.09,4.94,4.95
-34.138,-0.01,-0.09,4.94,4.94
-34.128,-0.01,-0.09,4.94,4.94
-34.118,-0.01,-0.09,4.94,4.94
-34.108,-0.01,-0.09,4.94,4.94
-34.098,-0.01,-0.09,4.94,4.94
-34.088,-0.01,-0.09,4.94,4.94
-34.078,-0.01,-0.09,4.94,4.94
-34.068,-0.01,-0.09,4.94,4.94
-34.058,-0.01,-0.09,4.94,4.94
-34.048,-0.01,-0.09,4.94,4.94
-34.038,-0.01,-0.09,4.94,4.94
-34.028,-0.01,-0.09,4.94,4.94
-34.018,-0.01,-0.09,4.94,4.94
-34.008,-0.01,-0.09,4.94,4.94
-33.998,-0.01,-0.09,4.94,4.94
-33.988,-0.01,-0.09,4.94,4.94
-33.978,-0.01,-0.09,4.94,4.94
-33.968,-0.01,-0.09,4.94,4.94
-33.958,-0.01,-0.09,4.94,4.94
-33.948,-0.01,-0.09,4.93,4.94
-33.938,-0.01,-0.09,4.94,4.94
-33.928,-0.01,-0.09,4.94,4.94
-33.918,-0.01,-0.09,4.94,4.94
-33.908,-0.01,-0.09,4.94,4.94
-33.898,-0.01,-0.09,4.94,4.94
-33.888,-0.01,-0.09,4.94,4.94
-33.878,-0.01,-0.09,4.94,4.94
-33.868,-0.01,-0.09,4.94,4.94
-33.858,-0.01,-0.09,4.94,4.94
-33.848,-0.01,-0.09,4.94,4.94
-33.838,-0.01,-0.09,4.94,4.94
-33.828,-0.01,-0.09,4.95,4.95
-33.818,-0.01,-0.09,4.95,4.95
-33.808,-0.01,-0.09,4.94,4.95
-33.798,-0.01,-0.09,4.94,4.94
-33.788,-0.01,-0.09,4.94,4.94
-33.778,-0.01,-0.09,4.94,4.94
-33.768,-0.01,-0.09,4.93,4.94
-33.758,-0.01,-0.09,4.94,4.94
-33.748,-0.01,-0.09,4.94,4.94
-33.738,-0.01,-0.09,4.94,4.94
-33.728,-0.01,-0.09,4.94,4.94
-33.718,-0.01,-0.09,4.94,4.94
-33.708,-0.01,-0.09,4.94,4.94
-33.698,-0.01,-0.09,4.94,4.94
-33.688,-0.01,-0.09,4.94,4.94
-33.678,-0.01,-0.09,4.94,4.94
-33.668,-0.01,-0.09,4.94,4.94
-33.658,-0.01,-0.09,4.94,4.94
-33.648,-0.01,-0.09,4.94,4.94
-33.638,-0.01,-0.09,4.94,4.94
-33.628,-0.01,-0.09,4.93,4.94
-33.618,-0.01,-0.09,4.93,4.93
-33.608,-0.01,-0.09,4.93,4.93
-33.598,-0.01,-0.09,4.93,4.93
-33.588,-0.01,-0.09,4.93,4.93
-33.578,-0.01,-0.09,4.94,4.94
-33.568,-0.01,-0.09,4.94,4.94
-33.558,-0.01,-0.09,4.94,4.94
-33.548,-0.01,-0.09,4.94,4.94
-33.538,-0.01,-0.09,4.94,4.94
-33.528,-0.01,-0.09,4.94,4.94
-33.518,-0.01,-0.09,4.94,4.94
-33.508,-0.01,-0.09,4.94,4.94
-33.498,-0.01,-0.09,4.94,4.94
-33.488,-0.01,-0.09,4.94,4.94
-33.478,-0.01,-0.09,4.94,4.94
-33.468,-0.01,-0.09,4.94,4.94
-33.458,-0.01,-0.09,4.94,4.94
-33.448,-0.01,-0.09,4.94,4.94
-33.438,-0.01,-0.09,4.94,4.94
-33.428,-0.01,-0.09,4.93,4.94
-33.418,-0.01,-0.09,4.94,4.94
-33.408,-0.01,-0.09,4.94,4.94
-33.398,-0.01,-0.09,4.94,4.94
-33.388,-0.01,-0.09,4.94,4.94
-33.378,-0.01,-0.09,4.94,4.94
-33.368,-0.01,-0.09,4.94,4.94
-33.358,-0.01,-0.09,4.94,4.94
-33.348,-0.01,-0.09,4.94,4.94
-33.338,-0.01,-0.09,4.94,4.94
-33.328,-0.01,-0.09,4.94,4.94
-33.318,-0.01,-0.09,4.94,4.94
-33.308,-0.01,-0.09,4.94,4.94
-33.298,-0.01,-0.09,4.94,4.94
-33.288,-0.01,-0.09,4.94,4.94
-33.278,-0.01,-0.09,4.93,4.94
-33.268,-0.01,-0.09,4.93,4.94
-33.258,-0.01,-0.09,4.94,4.94
-33.248,-0.01,-0.09,4.94,4.94
-33.238,-0.01,-0.09,4.94,4.94
-33.228,-0.01,-0.09,4.94,4.94
-33.218,-0.01,-0.09,4.94,4.94
-33.208,-0.01,-0.09,4.94,4.94
-33.198,-0.01,-0.09,4.94,4.94
-33.188,-0.01,-0.09,4.94,4.94
-33.178,-0.01,-0.09,4.94,4.94
-33.168,-0.01,-0.09,4.94,4.94
-33.158,-0.01,-0.09,4.94,4.94
-33.148,-0.01,-0.09,4.94,4.94
-33.138,-0.01,-0.09,4.94,4.94
-33.128,-0.01,-0.09,4.94,4.94
-33.118,-0.01,-0.09,4.94,4.94
-33.108,-0.01,-0.09,4.94,4.94
-33.098,-0.01,-0.09,4.94,4.94
-33.088,-0.01,-0.09,4.94,4.94
-33.078,-0.01,-0.09,4.94,4.94
-33.068,-0.01,-0.09,4.94,4.94
-33.058,-0.01,-0.09,4.94,4.94
-33.048,-0.01,-0.09,4.94,4.94
-33.038,-0.01,-0.09,4.94,4.94
-33.028,-0.01,-0.09,4.94,4.94
-33.018,-0.01,-0.09,4.94,4.94
-33.008,-0.01,-0.09,4.94,4.94
-32.998,-0.01,-0.09,4.94,4.94
-32.988,-0.01,-0.09,4.94,4.94
-32.978,-0.01,-0.09,4.94,4.94
-32.968,-0.01,-0.09,4.94,4.94
-32.958,-0.01,-0.09,4.94,4.94
-32.948,-0.01,-0.09,4.94,4.94
-32.938,-0.01,-0.09,4.94,4.94
-32.928,-0.01,-0.09,4.94,4.94
-32.918,-0.01,-0.09,4.94,4.94
-32.908,-0.01,-0.09,4.94,4.94
-32.898,-0.01,-0.09,4.94,4.94
-32.888,-0.01,-0.09,4.94,4.94
-32.878,-0.01,-0.09,4.94,4.94
-32.868,-0.01,-0.09,4.94,4.94
-32.858,-0.01,-0.09,4.94,4.94
-32.848,-0.01,-0.09,4.94,4.95
-32.838,-0.01,-0.09,4.95,4.95
-32.828,-0.01,-0.09,4.95,4.95
-32.818,-0.01,-0.09,4.95,4.95
-32.808,-0.01,-0.09,4.94,4.94
-32.798,-0.01,-0.09,4.94,4.94
-32.788,-0.01,-0.09,4.94,4.94
-32.778,-0.01,-0.09,4.94,4.94
-32.768,-0.01,-0.09,4.94,4.94
-32.758,-0.01,-0.09,4.94,4.94
-32.748,-0.01,-0.09,4.94,4.94
-32.738,-0.01,-0.09,4.94,4.94
-32.728,-0.01,-0.09,4.94,4.94
-32.718,-0.01,-0.09,4.94,4.94
-32.708,-0.01,-0.09,4.94,4.94
-32.698,-0.01,-0.09,4.94,4.94
-32.688,-0.01,-0.09,4.94,4.94
-32.678,-0.01,-0.09,4.94,4.95
-32.668,-0.01,-0.09,4.94,4.95
-32.658,-0.01,-0.09,4.94,4.95
-32.648,-0.01,-0.09,4.94,4.94
-32.638,-0.01,-0.09,4.94,4.94
-32.628,-0.01,-0.09,4.94,4.94
-32.618,-0.01,-0.09,4.93,4.93
-32.608,-0.01,-0.09,4.94,4.94
-32.598,-0.01,-0.09,4.94,4.94
-32.588,-0.01,-0.09,4.94,4.94
-32.578,-0.01,-0.09,4.94,4.95
-32.568,-0.01,-0.09,4.94,4.94
-32.558,-0.01,-0.09,4.94,4.94
-32.548,-0.01,-0.09,4.94,4.94
-32.538,-0.01,-0.09,4.94,4.94
-32.528,-0.01,-0.09,4.94,4.94
-32.518,-0.01,-0.09,4.94,4.94
-32.508,-0.01,-0.09,4.94,4.94
-32.498,-0.01,-0.09,4.94,4.94
-32.488,-0.01,-0.09,4.94,4.94
-32.478,-0.01,-0.09,4.94,4.94
-32.468,-0.01,-0.09,4.94,4.94
-32.458,-0.01,-0.09,4.94,4.94
-32.448,-0.01,-0.09,4.94,4.94
-32.438,-0.01,-0.09,4.94,4.94
-32.428,-0.01,-0.09,4.94,4.94
-32.418,-0.01,-0.09,4.94,4.94
-32.408,-0.01,-0.09,4.94,4.94
-32.398,-0.01,-0.09,4.94,4.94
-32.388,-0.01,-0.09,4.94,4.94
-32.378,-0.01,-0.09,4.94,4.94
-32.368,-0.01,-0.09,4.94,4.94
-32.358,-0.01,-0.09,4.94,4.94
-32.348,-0.01,-0.09,4.94,4.94
-32.338,-0.01,-0.09,4.94,4.94
-32.328,-0.01,-0.09,4.95,4.95
-32.318,-0.01,-0.09,4.95,4.95
-32.308,-0.01,-0.09,4.94,4.95
-32.298,-0.01,-0.09,4.94,4.94
-32.288,-0.01,-0.09,4.94,4.94
-32.278,-0.01,-0.09,4.94,4.94
-32.268,-0.01,-0.09,4.93,4.94
-32.258,-0.01,-0.09,4.94,4.94
-32.248,-0.01,-0.09,4.94,4.94
-32.238,-0.01,-0.09,4.94,4.94
-32.228,-0.01,-0.09,4.94,4.94
-32.218,-0.01,-0.09,4.94,4.94
-32.208,-0.01,-0.09,4.94,4.94
-32.198,-0.01,-0.09,4.94,4.94
-32.188,-0.01,-0.09,4.94,4.94
-32.178,-0.01,-0.09,4.94,4.95
-32.168,-0.01,-0.09,4.95,4.95
-32.158,-0.01,-0.09,4.94,4.95
-32.148,-0.01,-0.09,4.94,4.94
-32.138,-0.01,-0.09,4.94,4.94
-32.128,-0.01,-0.09,4.94,4.94
-32.118,-0.01,-0.09,4.94,4.94
-32.108,-0.01,-0.09,4.94,4.94
-32.098,-0.01,-0.09,4.94,4.94
-32.088,-0.01,-0.09,4.94,4.94
-32.078,-0.01,-0.09,4.94,4.94
-32.068,-0.01,-0.09,4.94,4.94
-32.058,-0.01,-0.09,4.94,4.94
-32.048,-0.01,-0.09,4.94,4.94
-32.038,-0.01,-0.09,4.94,4.94
-32.028,-0.01,-0.09,4.94,4.94
-32.018,-0.01,-0.09,4.94,4.94
-32.008,-0.01,-0.09,4.94,4.94
-31.998,-0.01,-0.09,4.94,4.94
-31.988,-0.01,-0.09,4.94,4.94
-31.978,-0.01,-0.09,4.94,4.94
-31.968,-0.01,-0.09,4.94,4.94
-31.958,-0.01,-0.09,4.94,4.94
-31.948,-0.01,-0.09,4.94,4.94
-31.938,-0.01,-0.09,4.94,4.94
-31.928,-0.01,-0.09,4.94,4.94
-31.918,-0.01,-0.09,4.94,4.94
-31.908,-0.01,-0.09,4.94,4.94
-31.898,-0.01,-0.09,4.94,4.94
-31.888,-0.01,-0.09,4.94,4.94
-31.878,-0.01,-0.09,4.94,4.94
-31.868,-0.01,-0.09,4.95,4.95
-31.858,-0.01,-0.09,4.95,4.95
-31.848,-0.01,-0.09,4.94,4.94
-31.838,-0.01,-0.09,4.94,4.94
-31.828,-0.01,-0.09,4.94,4.95
-31.818,-0.01,-0.09,4.95,4.95
-31.808,-0.01,-0.09,4.95,4.95
-31.798,-0.01,-0.09,4.95,4.95
-31.789,-0.01,-0.09,4.95,4.95
-31.778,-0.01,-0.09,4.94,4.95
-31.768,-0.01,-0.09,4.94,4.94
-31.758,-0.01,-0.09,4.94,4.94
-31.748,-0.01,-0.09,4.94,4.94
-31.738,-0.01,-0.09,4.94,4.94
-31.728,-0.01,-0.09,4.94,4.94
-31.718,-0.01,-0.09,4.94,4.94
-31.708,-0.01,-0.09,4.94,4.94
-31.698,-0.01,-0.09,4.94,4.94
-31.688,-0.01,-0.09,4.94,4.94
-31.678,-0.01,-0.09,4.94,4.94
-31.668,-0.01,-0.09,4.94,4.94
-31.658,-0.01,-0.09,4.94,4.95
-31.648,-0.01,-0.09,4.94,4.95
-31.638,-0.01,-0.09,4.94,4.94
-31.628,-0.01,-0.09,4.94,4.94
-31.618,-0.01,-0.09,4.94,4.94
-31.608,-0.01,-0.09,4.94,4.94
-31.598,-0.01,-0.09,4.94,4.94
-31.588,-0.01,-0.09,4.94,4.94
-31.578,-0.01,-0.09,4.94,4.94
-31.568,-0.01,-0.09,4.94,4.94
-31.558,-0.01,-0.09,4.94,4.94
-31.548,-0.01,-0.09,4.94,4.94
-31.538,-0.01,-0.09,4.94,4.94
-31.528,-0.01,-0.09,4.94,4.94
-31.518,-0.01,-0.09,4.94,4.94
-31.508,-0.01,-0.09,4.94,4.94
-31.498,-0.01,-0.09,4.94,4.94
-31.489,-0.01,-0.09,4.94,4.94
-31.478,-0.01,-0.09,4.94,4.94
-31.468,-0.01,-0.09,4.94,4.94
-31.458,-0.01,-0.09,4.94,4.94
-31.448,-0.01,-0.09,4.93,4.94
-31.438,-0.01,-0.09,4.93,4.93
-31.428,-0.01,-0.09,4.93,4.94
-31.418,-0.01,-0.09,4.94,4.94
-31.408,-0.01,-0.09,4.94,4.94
-31.398,-0.01,-0.09,4.94,4.94
-31.388,-0.01,-0.09,4.94,4.94
-31.378,-0.01,-0.09,4.94,4.94
-31.368,-0.01,-0.09,4.93,4.94
-31.358,-0.01,-0.09,4.93,4.93
-31.348,-0.01,-0.09,4.93,4.93
-31.338,-0.01,-0.09,4.94,4.94
-31.328,-0.01,-0.09,4.94,4.94
-31.318,-0.01,-0.09,4.95,4.95
-31.308,-0.01,-0.09,4.95,4.95
-31.298,-0.01,-0.09,4.94,4.94
-31.288,-0.01,-0.09,4.94,4.94
-31.278,-0.01,-0.09,4.94,4.94
-31.268,-0.01,-0.09,4.94,4.94
-31.258,-0.01,-0.09,4.94,4.94
-31.248,-0.01,-0.09,4.94,4.94
-31.238,-0.01,-0.09,4.94,4.94
-31.228,-0.01,-0.09,4.94,4.94
-31.218,-0.01,-0.09,4.94,4.94
-31.208,-0.01,-0.09,4.93,4.93
-31.198,-0.01,-0.09,4.93,4.93
-31.188,-0.01,-0.09,4.93,4.93
-31.178,-0.01,-0.09,4.94,4.94
-31.168,-0.01,-0.09,4.94,4.94
-31.158,-0.01,-0.09,4.95,4.95
-31.148,-0.01,-0.09,4.95,4.95
-31.138,-0.01,-0.09,4.95,4.95
-31.128,-0.01,-0.09,4.94,4.94
-31.118,-0.01,-0.09,4.94,4.94
-31.108,-0.01,-0.09,4.94,4.94
-31.098,-0.01,-0.09,4.94,4.94
-31.089,-0.01,-0.09,4.94,4.94
-31.078,-0.01,-0.09,4.94,4.94
-31.068,-0.01,-0.09,4.94,4.94
-31.058,-0.01,-0.09,4.94,4.94
-31.048,-0.01,-0.09,4.94,4.94
-31.038,-0.01,-0.09,4.94,4.94
-31.028,-0.01,-0.09,4.93,4.93
-31.018,-0.01,-0.09,4.93,4.94
-31.008,-0.01,-0.09,4.94,4.94
-30.998,-0.01,-0.09,4.94,4.94
-30.988,-0.01,-0.09,4.95,4.95
-30.978,-0.01,-0.09,4.95,4.95
-30.968,-0.01,-0.09,4.95,4.95
-30.958,-0.01,-0.09,4.94,4.95
-30.948,-0.01,-0.09,4.94,4.94
-30.938,-0.01,-0.09,4.94,4.94
-30.928,-0.01,-0.09,4.94,4.94
-30.918,-0.01,-0.09,4.94,4.94
-30.908,-0.01,-0.09,4.94,4.94
-30.898,-0.01,-0.09,4.94,4.94
-30.888,-0.01,-0.09,4.94,4.94
-30.878,-0.01,-0.09,4.94,4.94
-30.868,-0.01,-0.09,4.94,4.94
-30.858,-0.01,-0.09,4.94,4.94
-30.848,-0.01,-0.09,4.94,4.94
-30.838,-0.01,-0.09,4.94,4.94
-30.828,-0.01,-0.09,4.94,4.94
-30.818,-0.01,-0.09,4.95,4.95
-30.808,-0.01,-0.09,4.95,4.95
-30.798,-0.01,-0.09,4.94,4.94
-30.788,-0.01,-0.09,4.94,4.94
-30.778,-0.01,-0.09,4.94,4.94
-30.768,-0.01,-0.09,4.93,4.93
-30.758,-0.01,-0.09,4.93,4.93
-30.748,-0.01,-0.09,4.93,4.93
-30.738,-0.01,-0.09,4.94,4.94
-30.728,-0.01,-0.09,4.94,4.94
-30.718,-0.01,-0.09,4.94,4.94
-30.708,-0.01,-0.09,4.94,4.94
-30.698,-0.01,-0.09,4.94,4.94
-30.688,-0.01,-0.09,4.94,4.94
-30.678,-0.01,-0.09,4.94,4.94
-30.668,-0.01,-0.09,4.94,4.94
-30.658,-0.01,-0.09,4.94,4.94
-30.648,-0.01,-0.09,4.94,4.94
-30.638,-0.01,-0.09,4.94,4.94
-30.628,-0.01,-0.09,4.94,4.94
-30.618,-0.01,-0.09,4.94,4.94
-30.608,-0.01,-0.09,4.94,4.94
-30.598,-0.01,-0.09,4.93,4.94
-30.588,-0.01,-0.09,4.94,4.94
-30.578,-0.01,-0.09,4.94,4.94
-30.568,-0.01,-0.09,4.94,4.94
-30.558,-0.01,-0.09,4.94,4.94
-30.548,-0.01,-0.09,4.94,4.94
-30.538,-0.01,-0.09,4.94,4.94
-30.528,-0.01,-0.09,4.94,4.94
-30.518,-0.01,-0.09,4.94,4.94
-30.508,-0.01,-0.09,4.94,4.94
-30.498,-0.01,-0.09,4.94,4.94
-30.488,-0.01,-0.09,4.94,4.94
-30.478,-0.01,-0.09,4.94,4.94
-30.468,-0.01,-0.09,4.94,4.94
-30.458,-0.01,-0.09,4.94,4.94
-30.448,-0.01,-0.09,4.94,4.94
-30.438,-0.01,-0.09,4.94,4.94
-30.428,-0.01,-0.09,4.94,4.94
-30.418,-0.01,-0.09,4.93,4.93
-30.408,-0.01,-0.09,4.93,4.94
-30.398,-0.01,-0.09,4.94,4.94
-30.388,-0.01,-0.09,4.94,4.94
-30.378,-0.01,-0.09,4.94,4.94
-30.368,-0.01,-0.09,4.94,4.94
-30.358,-0.01,-0.09,4.94,4.94
-30.348,-0.01,-0.09,4.94,4.94
-30.338,-0.01,-0.09,4.94,4.94
-30.328,-0.01,-0.09,4.94,4.94
-30.318,-0.01,-0.09,4.94,4.94
-30.308,-0.01,-0.09,4.94,4.94
-30.298,-0.01,-0.09,4.94,4.94
-30.289,-0.01,-0.09,4.94,4.94
-30.278,-0.01,-0.09,4.94,4.94
-30.268,-0.01,-0.09,4.94,4.94
-30.258,-0.01,-0.09,4.94,4.94
-30.248,-0.01,-0.09,4.94,4.94
-30.238,-0.01,-0.09,4.94,4.94
-30.228,-0.01,-0.09,4.94,4.94
-30.218,-0.01,-0.09,4.94,4.94
-30.208,-0.01,-0.09,4.94,4.94
-30.198,-0.01,-0.09,4.94,4.94
-30.188,-0.01,-0.09,4.94,4.94
-30.178,-0.01,-0.09,4.94,4.94
-30.168,-0.01,-0.09,4.94,4.94
-30.158,-0.01,-0.09,4.94,4.94
-30.148,-0.01,-0.09,4.94,4.94
-30.138,-0.01,-0.09,4.94,4.94
-30.128,-0.01,-0.09,4.94,4.94
-30.118,-0.01,-0.09,4.94,4.94
-30.108,-0.01,-0.09,4.94,4.94
-30.098,-0.01,-0.09,4.94,4.94
-30.088,-0.01,-0.09,4.94,4.94
-30.078,-0.01,-0.09,4.94,4.94
-30.068,-0.01,-0.09,4.94,4.94
-30.058,-0.01,-0.09,4.94,4.94
-30.048,-0.01,-0.09,4.94,4.94
-30.038,-0.01,-0.09,4.94,4.94
-30.028,-0.01,-0.09,4.94,4.94
-30.018,-0.01,-0.09,4.94,4.94
-30.008,-0.01,-0.09,4.94,4.94
-29.998,-0.01,-0.09,4.94,4.94
-29.988,-0.01,-0.09,4.94,4.94
-29.978,-0.01,-0.09,4.94,4.94
-29.968,-0.01,-0.09,4.94,4.94
-29.958,-0.01,-0.09,4.94,4.94
-29.948,-0.01,-0.09,4.94,4.94
-29.938,-0.01,-0.09,4.94,4.94
-29.928,-0.01,-0.09,4.94,4.94
-29.918,-0.01,-0.09,4.94,4.95
-29.908,-0.01,-0.09,4.94,4.95
-29.898,-0.01,-0.09,4.94,4.94
-29.888,-0.01,-0.09,4.94,4.94
-29.878,-0.01,-0.09,4.94,4.94
-29.868,-0.01,-0.09,4.94,4.94
-29.858,-0.01,-0.09,4.94,4.94
-29.848,-0.01,-0.09,4.94,4.94
-29.838,-0.01,-0.09,4.94,4.94
-29.828,-0.01,-0.09,4.94,4.94
-29.818,-0.01,-0.09,4.95,4.95
-29.808,-0.01,-0.09,4.95,4.95
-29.798,-0.01,-0.09,4.95,4.95
-29.788,-0.01,-0.09,4.94,4.94
-29.778,-0.01,-0.09,4.94,4.94
-29.768,-0.01,-0.09,4.94,4.94
-29.758,-0.01,-0.09,4.94,4.94
-29.748,-0.01,-0.09,4.94,4.94
-29.738,-0.01,-0.09,4.94,4.94
-29.728,-0.01,-0.09,4.94,4.94
-29.718,-0.01,-0.09,4.94,4.94
-29.708,-0.01,-0.09,4.94,4.94
-29.698,-0.01,-0.09,4.94,4.94
-29.688,-0.01,-0.09,4.94,4.94
-29.678,-0.01,-0.09,4.94,4.94
-29.668,-0.01,-0.09,4.94,4.94
-29.658,-0.01,-0.09,4.94,4.94
-29.648,-0.01,-0.09,4.94,4.94
-29.638,-0.01,-0.09,4.94,4.94
-29.628,-0.01,-0.09,4.94,4.94
-29.618,-0.01,-0.09,4.94,4.94
-29.608,-0.01,-0.09,4.94,4.94
-29.598,-0.01,-0.09,4.94,4.94
-29.588,-0.01,-0.09,4.94,4.94
-29.578,-0.01,-0.09,4.94,4.94
-29.568,-0.01,-0.09,4.94,4.94
-29.558,-0.01,-0.09,4.94,4.94
-29.548,-0.01,-0.09,4.94,4.94
-29.538,-0.01,-0.09,4.94,4.94
-29.528,-0.01,-0.09,4.94,4.94
-29.518,-0.01,-0.09,4.94,4.94
-29.508,-0.01,-0.09,4.94,4.94
-29.498,-0.01,-0.09,4.94,4.94
-29.488,-0.01,-0.09,4.93,4.93
-29.478,-0.01,-0.09,4.93,4.93
-29.468,-0.01,-0.09,4.93,4.93
-29.458,-0.01,-0.09,4.94,4.94
-29.448,-0.01,-0.09,4.94,4.94
-29.438,-0.01,-0.09,4.94,4.94
-29.428,-0.01,-0.09,4.94,4.94
-29.418,-0.01,-0.09,4.94,4.94
-29.408,-0.01,-0.09,4.94,4.94
-29.398,-0.01,-0.09,4.94,4.94
-29.388,-0.01,-0.09,4.94,4.94
-29.378,-0.01,-0.09,4.94,4.94
-29.368,-0.01,-0.09,4.94,4.94
-29.358,-0.01,-0.09,4.94,4.94
-29.348,-0.01,-0.09,4.94,4.94
-29.338,-0.01,-0.09,4.94,4.95
-29.328,-0.01,-0.09,4.94,4.94
-29.318,-0.01,-0.09,4.94,4.94
-29.308,-0.01,-0.09,4.93,4.94
-29.298,-0.01,-0.09,4.93,4.93
-29.288,-0.01,-0.09,4.93,4.93
-29.278,-0.01,-0.09,4.93,4.94
-29.268,-0.01,-0.09,4.94,4.94
-29.258,-0.01,-0.09,4.94,4.94
-29.248,-0.01,-0.09,4.94,4.94
-29.238,-0.01,-0.09,4.94,4.94
-29.228,-0.01,-0.09,4.94,4.94
-29.218,-0.01,-0.09,4.94,4.94
-29.208,-0.01,-0.09,4.93,4.94
-29.198,-0.01,-0.09,4.94,4.94
-29.188,-0.01,-0.09,4.94,4.94
-29.178,-0.01,-0.09,4.94,4.94
-29.168,-0.01,-0.09,4.95,4.95
-29.158,-0.01,-0.09,4.95,4.95
-29.148,-0.01,-0.09,4.94,4.94
-29.138,-0.01,-0.09,4.94,4.94
-29.128,-0.01,-0.09,4.94,4.94
-29.118,-0.01,-0.09,4.94,4.94
-29.108,-0.01,-0.09,4.94,4.94
-29.098,-0.01,-0.09,4.94,4.94
-29.088,-0.01,-0.09,4.94,4.94
-29.078,-0.01,-0.09,4.95,4.95
-29.068,-0.01,-0.09,4.95,4.95
-29.058,-0.01,-0.09,4.94,4.94
-29.048,-0.01,-0.09,4.94,4.94
-29.038,-0.01,-0.09,4.94,4.94
-29.028,-0.01,-0.09,4.93,4.94
-29.018,-0.01,-0.09,4.94,4.94
-29.008,-0.01,-0.09,4.94,4.94
-28.998,-0.01,-0.09,4.94,4.95
-28.988,-0.01,-0.09,4.95,4.95
-28.978,-0.01,-0.09,4.95,4.95
-28.968,-0.01,-0.09,4.94,4.94
-28.958,-0.01,-0.09,4.94,4.94
-28.948,-0.01,-0.09,4.94,4.94
-28.938,-0.01,-0.09,4.94,4.94
-28.928,-0.01,-0.09,4.94,4.94
-28.918,-0.01,-0.09,4.94,4.94
-28.908,-0.01,-0.09,4.94,4.95
-28.898,-0.01,-0.09,4.95,4.95
-28.888,-0.01,-0.09,4.94,4.95
-28.878,-0.01,-0.09,4.94,4.94
-28.868,-0.01,-0.09,4.94,4.94
-28.858,-0.01,-0.09,4.94,4.94
-28.848,-0.01,-0.09,4.94,4.94
-28.839,-0.01,-0.09,4.94,4.94
-28.828,-0.01,-0.09,4.95,4.95
-28.818,-0.01,-0.09,4.95,4.95
-28.808,-0.01,-0.09,4.95,4.95
-28.798,-0.01,-0.09,4.95,4.95
-28.788,-0.01,-0.09,4.95,4.95
-28.778,-0.01,-0.09,4.95,4.95
-28.768,-0.01,-0.09,4.95,4.95
-28.758,-0.01,-0.09,4.95,4.95
-28.748,-0.01,-0.09,4.95,4.95
-28.738,-0.01,-0.09,4.94,4.95
-28.728,-0.01,-0.09,4.94,4.94
-28.718,-0.01,-0.09,4.94,4.94
-28.708,-0.01,-0.09,4.94,4.94
-28.698,-0.01,-0.09,4.94,4.94
-28.688,-0.01,-0.09,4.94,4.94
-28.678,-0.01,-0.09,4.95,4.95
-28.668,-0.01,-0.09,4.95,4.95
-28.658,-0.01,-0.09,4.95,4.95
-28.648,-0.01,-0.09,4.95,4.95
-28.638,-0.01,-0.09,4.94,4.95
-28.628,-0.01,-0.09,4.94,4.94
-28.618,-0.01,-0.09,4.94,4.94
-28.608,-0.01,-0.09,4.94,4.94
-28.598,-0.01,-0.09,4.94,4.95
-28.588,-0.01,-0.09,4.94,4.94
-28.578,-0.01,-0.09,4.94,4.94
-28.568,-0.01,-0.09,4.94,4.94
-28.558,-0.01,-0.09,4.94,4.94
-28.548,-0.01,-0.09,4.94,4.94
-28.538,-0.01,-0.09,4.94,4.94
-28.528,-0.01,-0.09,4.94,4.94
-28.518,-0.01,-0.09,4.94,4.94
-28.508,-0.01,-0.09,4.94,4.94
-28.498,-0.01,-0.09,4.94,4.95
-28.489,-0.01,-0.09,4.94,4.94
-28.478,-0.01,-0.09,4.94,4.94
-28.468,-0.01,-0.09,4.94,4.94
-28.458,-0.01,-0.09,4.94,4.94
-28.448,-0.01,-0.09,4.94,4.94
-28.438,-0.01,-0.09,4.94,4.94
-28.428,-0.01,-0.09,4.94,4.94
-28.418,-0.01,-0.09,4.94,4.94
-28.408,-0.01,-0.09,4.94,4.94
-28.398,-0.01,-0.09,4.94,4.94
-28.388,-0.01,-0.09,4.93,4.93
-28.378,-0.01,-0.09,4.93,4.93
-28.368,-0.01,-0.09,4.94,4.94
-28.358,-0.01,-0.09,4.94,4.94
-28.348,-0.01,-0.09,4.94,4.94
-28.338,-0.01,-0.09,4.94,4.95
-28.328,-0.01,-0.09,4.94,4.94
-28.318,-0.01,-0.09,4.94,4.94
-28.308,-0.01,-0.09,4.94,4.94
-28.298,-0.01,-0.09,4.93,4.94
-28.288,-0.01,-0.09,4.93,4.94
-28.278,-0.01,-0.09,4.94,4.94
-28.268,-0.01,-0.09,4.94,4.94
-28.258,-0.01,-0.09,4.94,4.94
-28.248,-0.01,-0.09,4.94,4.94
-28.238,-0.01,-0.09,4.94,4.94
-28.228,-0.01,-0.09,4.94,4.94
-28.218,-0.01,-0.09,4.94,4.94
-28.208,-0.01,-0.09,4.94,4.94
-28.198,-0.01,-0.09,4.94,4.94
-28.188,-0.01,-0.09,4.94,4.94
-28.178,-0.01,-0.09,4.94,4.94
-28.168,-0.01,-0.09,4.94,4.94
-28.158,-0.01,-0.09,4.94,4.94
-28.148,-0.01,-0.09,4.94,4.94
-28.138,-0.01,-0.09,4.94,4.94
-28.128,-0.01,-0.09,4.94,4.94
-28.118,-0.01,-0.09,4.94,4.94
-28.108,-0.01,-0.09,4.93,4.94
-28.098,-0.01,-0.09,4.93,4.94
-28.088,-0.01,-0.09,4.94,4.94
-28.078,-0.01,-0.09,4.94,4.94
-28.068,-0.01,-0.09,4.94,4.94
-28.058,-0.01,-0.09,4.94,4.94
-28.048,-0.01,-0.09,4.94,4.94
-28.038,-0.01,-0.09,4.93,4.94
-28.028,-0.01,-0.09,4.93,4.93
-28.018,-0.01,-0.09,4.93,4.93
-28.008,-0.01,-0.09,4.93,4.93
-27.998,-0.01,-0.09,4.94,4.94
-27.988,-0.01,-0.09,4.94,4.94
-27.978,-0.01,-0.09,4.94,4.94
-27.968,-0.01,-0.09,4.94,4.94
-27.958,-0.01,-0.09,4.94,4.94
-27.948,-0.01,-0.09,4.93,4.93
-27.938,-0.01,-0.09,4.93,4.94
-27.928,-0.01,-0.09,4.94,4.94
-27.918,-0.01,-0.09,4.94,4.94
-27.908,-0.01,-0.09,4.94,4.94
-27.898,-0.01,-0.09,4.94,4.95
-27.888,-0.01,-0.09,4.94,4.94
-27.878,-0.01,-0.09,4.94,4.94
-27.868,-0.01,-0.09,4.94,4.94
-27.858,-0.01,-0.09,4.93,4.94
-27.848,-0.01,-0.09,4.94,4.94
-27.838,-0.01,-0.09,4.94,4.94
-27.828,-0.01,-0.09,4.95,4.95
-27.818,-0.01,-0.09,4.95,4.95
-27.808,-0.01,-0.09,4.95,4.95
-27.798,-0.01,-0.09,4.94,4.94
-27.788,-0.01,-0.09,4.93,4.94
-27.778,-0.01,-0.09,4.93,4.93
-27.768,-0.01,-0.09,4.94,4.94
-27.758,-0.01,-0.09,4.94,4.94
-27.748,-0.01,-0.09,4.95,4.95
-27.738,-0.01,-0.09,4.95,4.95
-27.728,-0.01,-0.09,4.94,4.95
-27.718,-0.01,-0.09,4.94,4.94
-27.708,-0.01,-0.09,4.93,4.94
-27.698,-0.01,-0.09,4.93,4.93
-27.688,-0.01,-0.09,4.93,4.93
-27.678,-0.01,-0.09,4.93,4.93
-27.668,-0.01,-0.09,4.94,4.94
-27.658,-0.01,-0.09,4.94,4.94
-27.648,-0.01,-0.09,4.94,4.94
-27.638,-0.01,-0.09,4.94,4.94
-27.628,-0.01,-0.09,4.93,4.93
-27.618,-0.01,-0.09,4.93,4.93
-27.608,-0.01,-0.09,4.93,4.94
-27.598,-0.01,-0.09,4.94,4.94
-27.588,-0.01,-0.09,4.94,4.94
-27.578,-0.01,-0.09,4.94,4.95
-27.568,-0.01,-0.09,4.94,4.94
-27.558,-0.01,-0.09,4.94,4.94
-27.548,-0.01,-0.09,4.94,4.94
-27.538,-0.01,-0.09,4.93,4.93
-27.528,-0.01,-0.09,4.93,4.93
-27.518,-0.01,-0.09,4.94,4.94
-27.508,-0.01,-0.09,4.94,4.94
-27.498,-0.01,-0.09,4.94,4.95
-27.489,-0.01,-0.09,4.95,4.95
-27.478,-0.01,-0.09,4.94,4.95
-27.468,-0.01,-0.09,4.94,4.94
-27.458,-0.01,-0.09,4.94,4.94
-27.448,-0.01,-0.09,4.93,4.94
-27.438,-0.01,-0.09,4.93,4.94
-27.428,-0.01,-0.09,4.94,4.94
-27.418,-0.01,-0.09,4.94,4.94
-27.408,-0.01,-0.09,4.95,4.95
-27.398,-0.01,-0.09,4.95,4.95
-27.388,-0.01,-0.09,4.94,4.94
-27.378,-0.01,-0.09,4.94,4.94
-27.368,-0.01,-0.09,4.94,4.94
-27.358,-0.01,-0.09,4.93,4.93
-27.348,-0.01,-0.09,4.93,4.94
-27.338,-0.01,-0.09,4.94,4.94
-27.328,-0.01,-0.09,4.94,4.94
-27.318,-0.01,-0.09,4.94,4.94
-27.308,-0.01,-0.09,4.94,4.94
-27.298,-0.01,-0.09,4.94,4.94
-27.288,-0.01,-0.09,4.94,4.94
-27.278,-0.01,-0.09,4.94,4.94
-27.268,-0.01,-0.09,4.94,4.94
-27.258,-0.01,-0.09,4.94,4.94
-27.248,-0.01,-0.09,4.94,4.94
-27.238,-0.01,-0.09,4.94,4.94
-27.228,-0.01,-0.09,4.94,4.94
-27.218,-0.01,-0.09,4.94,4.95
-27.208,-0.01,-0.09,4.94,4.94
-27.198,-0.01,-0.09,4.94,4.94
-27.188,-0.01,-0.09,4.94,4.94
-27.178,-0.01,-0.09,4.94,4.94
-27.168,-0.01,-0.09,4.94,4.94
-27.158,-0.01,-0.09,4.94,4.94
-27.148,-0.01,-0.09,4.94,4.94
-27.138,-0.01,-0.09,4.94,4.95
-27.128,-0.01,-0.09,4.94,4.94
-27.118,-0.01,-0.09,4.94,4.94
-27.108,-0.01,-0.09,4.94,4.94
-27.098,-0.01,-0.09,4.94,4.94
-27.088,-0.01,-0.09,4.94,4.94
-27.078,-0.01,-0.09,4.94,4.94
-27.068,-0.01,-0.09,4.94,4.95
-27.058,-0.01,-0.09,4.94,4.95
-27.048,-0.01,-0.09,4.94,4.94
-27.038,-0.01,-0.09,4.94,4.94
-27.028,-0.01,-0.09,4.94,4.94
-27.018,-0.01,-0.09,4.94,4.94
-27.008,-0.01,-0.09,4.94,4.94
-26.998,-0.01,-0.09,4.94,4.94
-26.988,-0.01,-0.09,4.94,4.94
-26.978,-0.01,-0.09,4.94,4.94
-26.968,-0.01,-0.09,4.94,4.94
-26.958,-0.01,-0.09,4.93,4.94
-26.948,-0.01,-0.09,4.94,4.94
-26.938,-0.01,-0.09,4.94,4.94
-26.928,-0.01,-0.09,4.94,4.94
-26.918,-0.01,-0.09,4.94,4.94
-26.908,-0.01,-0.09,4.94,4.94
-26.898,-0.01,-0.09,4.94,4.94
-26.888,-0.01,-0.09,4.94,4.94
-26.878,-0.01,-0.09,4.94,4.94
-26.868,-0.01,-0.09,4.93,4.94
-26.858,-0.01,-0.09,4.93,4.94
-26.848,-0.01,-0.09,4.94,4.94
-26.838,-0.01,-0.09,4.94,4.94
-26.828,-0.01,-0.09,4.94,4.94
-26.818,-0.01,-0.09,4.94,4.94
-26.808,-0.01,-0.09,4.94,4.94
-26.798,-0.01,-0.09,4.93,4.93
-26.788,-0.01,-0.09,4.93,4.93
-26.778,-0.01,-0.09,4.93,4.94
-26.768,-0.01,-0.09,4.94,4.94
-26.758,-0.01,-0.09,4.94,4.94
-26.748,-0.01,-0.09,4.94,4.94
-26.738,-0.01,-0.09,4.94,4.94
-26.728,-0.01,-0.09,4.93,4.93
-26.718,-0.01,-0.09,4.93,4.93
-26.708,-0.01,-0.09,4.93,4.93
-26.698,-0.01,-0.09,4.94,4.94
-26.688,-0.01,-0.09,4.94,4.94
-26.678,-0.01,-0.09,4.94,4.94
-26.668,-0.01,-0.09,4.94,4.94
-26.658,-0.01,-0.09,4.93,4.94
-26.648,-0.01,-0.09,4.93,4.93
-26.638,-0.01,-0.09,4.93,4.93
-26.628,-0.01,-0.09,4.93,4.93
-26.618,-0.01,-0.09,4.93,4.94
-26.608,-0.01,-0.09,4.94,4.94
-26.598,-0.01,-0.09,4.93,4.94
-26.588,-0.01,-0.09,4.93,4.93
-26.578,-0.01,-0.09,4.93,4.93
-26.568,-0.01,-0.09,4.93,4.93
-26.558,-0.01,-0.09,4.93,4.93
-26.548,-0.01,-0.09,4.93,4.94
-26.538,-0.01,-0.09,4.94,4.94
-26.528,-0.01,-0.09,4.94,4.94
-26.518,-0.01,-0.09,4.93,4.93
-26.508,-0.01,-0.09,4.93,4.93
-26.498,-0.01,-0.09,4.93,4.93
-26.488,-0.01,-0.09,4.93,4.93
-26.478,-0.01,-0.09,4.93,4.94
-26.468,-0.01,-0.09,4.94,4.94
-26.458,-0.01,-0.09,4.94,4.94
-26.448,-0.01,-0.09,4.94,4.94
-26.438,-0.01,-0.09,4.93,4.93
-26.428,-0.01,-0.09,4.93,4.93
-26.418,-0.01,-0.09,4.93,4.93
-26.408,-0.01,-0.09,4.93,4.93
-26.398,-0.01,-0.09,4.93,4.94
-26.388,-0.01,-0.09,4.94,4.94
-26.378,-0.01,-0.09,4.94,4.94
-26.368,-0.01,-0.09,4.94,4.94
-26.358,-0.01,-0.09,4.94,4.94
-26.348,-0.01,-0.09,4.93,4.93
-26.338,-0.01,-0.09,4.93,4.93
-26.328,-0.01,-0.09,4.93,4.93
-26.318,-0.01,-0.09,4.93,4.93
-26.308,-0.01,-0.09,4.94,4.94
-26.298,-0.01,-0.09,4.94,4.94
-26.288,-0.01,-0.09,4.94,4.94
-26.278,-0.01,-0.09,4.94,4.94
-26.268,-0.01,-0.09,4.93,4.93
-26.258,-0.01,-0.09,4.93,4.93
-26.248,-0.01,-0.09,4.93,4.93
-26.238,-0.01,-0.09,4.94,4.94
-26.228,-0.01,-0.09,4.94,4.94
-26.218,-0.01,-0.09,4.94,4.94
-26.208,-0.01,-0.09,4.94,4.95
-26.198,-0.01,-0.09,4.94,4.94
-26.188,-0.01,-0.09,4.94,4.94
-26.178,-0.01,-0.09,4.93,4.93
-26.168,-0.01,-0.09,4.93,4.93
-26.158,-0.01,-0.09,4.94,4.94
-26.148,-0.01,-0.09,4.94,4.94
-26.138,-0.01,-0.09,4.94,4.94
-26.128,-0.01,-0.09,4.94,4.94
-26.118,-0.01,-0.09,4.94,4.94
-26.108,-0.01,-0.09,4.93,4.93
-26.098,-0.01,-0.09,4.93,4.93
-26.088,-0.01,-0.09,4.93,4.93
-26.078,-0.01,-0.09,4.94,4.94
-26.068,-0.01,-0.09,4.94,4.94
-26.058,-0.01,-0.09,4.94,4.94
-26.048,-0.01,-0.09,4.94,4.94
-26.038,-0.01,-0.09,4.94,4.94
-26.028,-0.01,-0.09,4.93,4.93
-26.018,-0.01,-0.09,4.93,4.93
-26.008,-0.01,-0.09,4.93,4.93
-25.998,-0.01,-0.09,4.93,4.93
-25.988,-0.01,-0.09,4.93,4.93
-25.978,-0.01,-0.09,4.93,4.94
-25.968,-0.01,-0.09,4.93,4.93
-25.958,-0.01,-0.09,4.93,4.93
-25.948,-0.01,-0.09,4.93,4.93
-25.938,-0.01,-0.09,4.93,4.93
-25.928,-0.01,-0.09,4.93,4.93
-25.918,-0.01,-0.09,4.94,4.94
-25.908,-0.01,-0.09,4.94,4.94
-25.898,-0.01,-0.09,4.94,4.94
-25.888,-0.01,-0.09,4.94,4.94
-25.878,-0.01,-0.09,4.94,4.94
-25.868,-0.01,-0.09,4.94,4.94
-25.858,-0.01,-0.09,4.93,4.93
-25.848,-0.01,-0.09,4.94,4.94
-25.838,-0.01,-0.09,4.94,4.94
-25.828,-0.01,-0.09,4.94,4.94
-25.818,-0.01,-0.09,4.94,4.94
-25.808,-0.01,-0.09,4.94,4.94
-25.798,-0.01,-0.09,4.93,4.94
-25.788,-0.01,-0.09,4.93,4.94
-25.778,-0.01,-0.09,4.93,4.93
-25.768,-0.01,-0.09,4.94,4.94
-25.758,-0.01,-0.09,4.94,4.94
-25.748,-0.01,-0.09,4.94,4.94
-25.738,-0.01,-0.09,4.94,4.94
-25.728,-0.01,-0.09,4.93,4.93
-25.718,-0.01,-0.09,4.93,4.93
-25.708,-0.01,-0.09,4.93,4.93
-25.698,-0.01,-0.09,4.93,4.93
-25.688,-0.01,-0.09,4.94,4.94
-25.678,-0.01,-0.09,4.94,4.94
-25.668,-0.01,-0.09,4.94,4.94
-25.658,-0.01,-0.09,4.93,4.93
-25.648,-0.01,-0.09,4.93,4.93
-25.638,-0.01,-0.09,4.93,4.93
-25.628,-0.01,-0.09,4.93,4.93
-25.618,-0.01,-0.09,4.93,4.93
-25.608,-0.01,-0.09,4.94,4.94
-25.598,-0.01,-0.09,4.94,4.94
-25.588,-0.01,-0.09,4.94,4.94
-25.578,-0.01,-0.09,4.94,4.94
-25.568,-0.01,-0.09,4.94,4.94
-25.558,-0.01,-0.09,4.94,4.94
-25.548,-0.01,-0.09,4.94,4.94
-25.538,-0.01,-0.09,4.94,4.94
-25.528,-0.01,-0.09,4.94,4.94
-25.518,-0.01,-0.09,4.94,4.94
-25.508,-0.01,-0.09,4.94,4.94
-25.498,-0.01,-0.09,4.94,4.94
-25.488,-0.01,-0.09,4.94,4.94
-25.478,-0.01,-0.09,4.94,4.94
-25.468,-0.01,-0.09,4.94,4.94
-25.458,-0.01,-0.09,4.94,4.94
-25.448,-0.01,-0.09,4.94,4.94
-25.438,-0.01,-0.09,4.94,4.94
-25.428,-0.01,-0.09,4.95,4.95
-25.418,-0.01,-0.09,4.94,4.94
-25.408,-0.01,-0.09,4.94,4.94
-25.398,-0.01,-0.09,4.94,4.94
-25.388,-0.01,-0.09,4.94,4.94
-25.378,-0.01,-0.09,4.94,4.94
-25.368,-0.01,-0.09,4.94,4.94
-25.358,-0.01,-0.09,4.94,4.94
-25.348,-0.01,-0.09,4.94,4.94
-25.338,-0.01,-0.09,4.94,4.94
-25.328,-0.01,-0.09,4.94,4.94
-25.318,-0.01,-0.09,4.93,4.93
-25.308,-0.01,-0.09,4.93,4.93
-25.298,-0.01,-0.09,4.93,4.94
-25.288,-0.01,-0.09,4.94,4.94
-25.278,-0.01,-0.09,4.94,4.94
-25.268,-0.01,-0.09,4.94,4.94
-25.258,-0.01,-0.09,4.94,4.94
-25.248,-0.01,-0.09,4.94,4.94
-25.238,-0.01,-0.09,4.94,4.94
-25.228,-0.01,-0.09,4.94,4.94
-25.218,-0.01,-0.09,4.94,4.94
-25.208,-0.01,-0.09,4.94,4.94
-25.198,-0.01,-0.09,4.94,4.94
-25.188,-0.01,-0.09,4.94,4.94
-25.178,-0.01,-0.09,4.94,4.94
-25.168,-0.01,-0.09,4.94,4.94
-25.158,-0.01,-0.09,4.94,4.94
-25.148,-0.01,-0.09,4.93,4.94
-25.138,-0.01,-0.09,4.94,4.94
-25.128,-0.01,-0.09,4.94,4.94
-25.118,-0.01,-0.09,4.94,4.94
-25.108,-0.01,-0.09,4.94,4.94
-25.098,-0.01,-0.09,4.94,4.94
-25.088,-0.01,-0.09,4.94,4.94
-25.078,-0.01,-0.09,4.94,4.94
-25.068,-0.01,-0.09,4.94,4.94
-25.058,-0.01,-0.09,4.94,4.94
-25.048,-0.01,-0.09,4.94,4.94
-25.038,-0.01,-0.09,4.94,4.94
-25.028,-0.01,-0.09,4.94,4.94
-25.018,-0.01,-0.09,4.94,4.94
-25.008,-0.01,-0.09,4.94,4.94
-24.998,-0.01,-0.09,4.94,4.94
-24.988,-0.01,-0.09,4.94,4.94
-24.978,-0.01,-0.09,4.94,4.94
-24.968,-0.01,-0.09,4.94,4.94
-24.958,-0.01,-0.09,4.94,4.94
-24.948,-0.01,-0.09,4.94,4.94
-24.938,-0.01,-0.09,4.94,4.94
-24.928,-0.01,-0.09,4.94,4.94
-24.918,-0.01,-0.09,4.94,4.94
-24.908,-0.01,-0.09,4.94,4.94
-24.898,-0.01,-0.09,4.94,4.94
-24.888,-0.01,-0.09,4.94,4.94
-24.878,-0.01,-0.09,4.94,4.94
-24.868,-0.01,-0.09,4.94,4.94
-24.858,-0.01,-0.09,4.93,4.94
-24.848,-0.01,-0.09,4.93,4.94
-24.838,-0.01,-0.09,4.93,4.94
-24.828,-0.01,-0.09,4.94,4.94
-24.818,-0.01,-0.09,4.94,4.94
-24.808,-0.01,-0.09,4.94,4.94
-24.798,-0.01,-0.09,4.94,4.94
-24.788,-0.01,-0.09,4.94,4.94
-24.778,-0.01,-0.09,4.94,4.94
-24.768,-0.01,-0.09,4.94,4.94
-24.758,-0.01,-0.09,4.94,4.94
-24.748,-0.01,-0.09,4.94,4.94
-24.738,-0.01,-0.09,4.94,4.94
-24.728,-0.01,-0.09,4.94,4.94
-24.718,-0.01,-0.09,4.94,4.94
-24.708,-0.01,-0.09,4.94,4.94
-24.698,-0.01,-0.09,4.94,4.94
-24.688,-0.01,-0.09,4.94,4.94
-24.678,-0.01,-0.09,4.94,4.94
-24.668,-0.01,-0.09,4.94,4.94
-24.658,-0.01,-0.09,4.94,4.94
-24.648,-0.01,-0.09,4.94,4.94
-24.638,-0.01,-0.09,4.94,4.94
-24.628,-0.01,-0.09,4.94,4.94
-24.618,-0.01,-0.09,4.94,4.94
-24.608,-0.01,-0.09,4.93,4.93
-24.598,-0.01,-0.09,4.93,4.93
-24.588,-0.01,-0.09,4.93,4.93
-24.578,-0.01,-0.09,4.94,4.94
-24.568,-0.01,-0.09,4.94,4.94
-24.558,-0.01,-0.09,4.94,4.94
-24.548,-0.01,-0.09,4.94,4.94
-24.538,-0.01,-0.09,4.94,4.94
-24.528,-0.01,-0.09,4.94,4.94
-24.518,-0.01,-0.09,4.94,4.94
-24.508,-0.01,-0.09,4.94,4.94
-24.498,-0.01,-0.09,4.94,4.94
-24.488,-0.01,-0.09,4.94,4.94
-24.478,-0.01,-0.09,4.94,4.95
-24.468,-0.01,-0.09,4.94,4.94
-24.458,-0.01,-0.09,4.94,4.94
-24.448,-0.01,-0.09,4.94,4.94
-24.438,-0.01,-0.09,4.93,4.94
-24.428,-0.01,-0.09,4.93,4.93
-24.418,-0.01,-0.09,4.93,4.93
-24.408,-0.01,-0.09,4.94,4.94
-24.398,-0.01,-0.09,4.94,4.94
-24.388,-0.01,-0.09,4.94,4.94
-24.378,-0.01,-0.09,4.93,4.94
-24.368,-0.01,-0.09,4.93,4.93
-24.358,-0.01,-0.09,4.93,4.93
-24.348,-0.01,-0.09,4.93,4.93
-24.338,-0.01,-0.09,4.93,4.93
-24.328,-0.01,-0.09,4.93,4.93
-24.318,-0.01,-0.09,4.94,4.94
-24.308,-0.01,-0.09,4.94,4.94
-24.298,-0.01,-0.09,4.94,4.94
-24.288,-0.01,-0.09,4.93,4.93
-24.278,-0.01,-0.09,4.93,4.93
-24.268,-0.01,-0.09,4.93,4.93
-24.258,-0.01,-0.09,4.93,4.93
-24.248,-0.01,-0.09,4.94,4.94
-24.238,-0.01,-0.09,4.94,4.94
-24.228,-0.01,-0.09,4.94,4.94
-24.218,-0.01,-0.09,4.94,4.94
-24.208,-0.01,-0.09,4.94,4.94
-24.198,-0.01,-0.09,4.93,4.94
-24.188,-0.01,-0.09,4.93,4.93
-24.178,-0.01,-0.09,4.93,4.93
-24.168,-0.01,-0.09,4.94,4.94
-24.158,-0.01,-0.09,4.94,4.94
-24.148,-0.01,-0.09,4.94,4.94
-24.138,-0.01,-0.09,4.94,4.94
-24.128,-0.01,-0.09,4.94,4.94
-24.118,-0.01,-0.09,4.93,4.93
-24.108,-0.01,-0.09,4.93,4.93
-24.098,-0.01,-0.09,4.93,4.93
-24.088,-0.01,-0.09,4.93,4.93
-24.078,-0.01,-0.09,4.94,4.94
-24.068,-0.01,-0.09,4.94,4.94
-24.058,-0.01,-0.09,4.94,4.94
-24.048,-0.01,-0.09,4.94,4.94
-24.038,-0.01,-0.09,4.94,4.94
-24.028,-0.01,-0.09,4.93,4.94
-24.018,-0.01,-0.09,4.93,4.93
-24.008,-0.01,-0.09,4.93,4.93
-23.998,-0.01,-0.09,4.94,4.94
-23.988,-0.01,-0.09,4.94,4.94
-23.978,-0.01,-0.09,4.94,4.94
-23.968,-0.01,-0.09,4.94,4.94
-23.958,-0.01,-0.09,4.94,4.94
-23.948,-0.01,-0.09,4.94,4.94
-23.938,-0.01,-0.09,4.93,4.93
-23.928,-0.01,-0.09,4.93,4.93
-23.918,-0.01,-0.09,4.93,4.94
-23.908,-0.01,-0.09,4.94,4.94
-23.898,-0.01,-0.09,4.94,4.94
-23.888,-0.01,-0.09,4.94,4.94
-23.878,-0.01,-0.09,4.94,4.94
-23.868,-0.01,-0.09,4.94,4.94
-23.858,-0.01,-0.09,4.94,4.94
-23.848,-0.01,-0.09,4.93,4.94
-23.838,-0.01,-0.09,4.94,4.94
-23.828,-0.01,-0.09,4.94,4.94
-23.818,-0.01,-0.09,4.94,4.94
-23.808,-0.01,-0.09,4.95,4.95
-23.798,-0.01,-0.09,4.94,4.94
-23.788,-0.01,-0.09,4.94,4.94
-23.778,-0.01,-0.09,4.93,4.93
-23.768,-0.01,-0.09,4.93,4.93
-23.758,-0.01,-0.09,4.93,4.93
-23.748,-0.01,-0.09,4.94,4.94
-23.738,-0.01,-0.09,4.94,4.94
-23.728,-0.01,-0.09,4.94,4.94
-23.718,-0.01,-0.09,4.94,4.94
-23.708,-0.01,-0.09,4.94,4.94
-23.698,-0.01,-0.09,4.93,4.93
-23.688,-0.01,-0.09,4.93,4.93
-23.678,-0.01,-0.09,4.93,4.93
-23.668,-0.01,-0.09,4.93,4.93
-23.658,-0.01,-0.09,4.94,4.94
-23.648,-0.01,-0.09,4.94,4.94
-23.638,-0.01,-0.09,4.94,4.94
-23.628,-0.01,-0.09,4.94,4.94
-23.618,-0.01,-0.09,4.94,4.94
-23.608,-0.01,-0.09,4.93,4.93
-23.598,-0.01,-0.09,4.93,4.93
-23.588,-0.01,-0.09,4.93,4.94
-23.578,-0.01,-0.09,4.93,4.94
-23.568,-0.01,-0.09,4.93,4.93
-23.558,-0.01,-0.09,4.94,4.94
-23.548,-0.01,-0.09,4.94,4.94
-23.538,-0.01,-0.09,4.94,4.94
-23.528,-0.01,-0.09,4.94,4.94
-23.518,-0.01,-0.09,4.93,4.94
-23.508,-0.01,-0.09,4.93,4.93
-23.498,-0.01,-0.09,4.93,4.93
-23.488,-0.01,-0.09,4.93,4.93
-23.478,-0.01,-0.09,4.93,4.93
-23.468,-0.01,-0.09,4.93,4.93
-23.458,-0.01,-0.09,4.93,4.93
-23.448,-0.01,-0.09,4.94,4.94
-23.438,-0.01,-0.09,4.94,4.94
-23.428,-0.01,-0.09,4.94,4.94
-23.418,-0.01,-0.09,4.94,4.94
-23.408,-0.01,-0.09,4.94,4.94
-23.398,-0.01,-0.09,4.93,4.94
-23.388,-0.01,-0.09,4.93,4.93
-23.378,-0.01,-0.09,4.93,4.93
-23.368,-0.01,-0.09,4.94,4.94
-23.358,-0.01,-0.09,4.94,4.94
-23.348,-0.01,-0.09,4.94,4.94
-23.338,-0.01,-0.09,4.94,4.94
-23.328,-0.01,-0.09,4.94,4.94
-23.318,-0.01,-0.09,4.94,4.94
-23.308,-0.01,-0.09,4.93,4.93
-23.298,-0.01,-0.09,4.93,4.93
-23.288,-0.01,-0.09,4.93,4.93
-23.278,-0.01,-0.09,4.93,4.93
-23.268,-0.01,-0.09,4.93,4.93
-23.258,-0.01,-0.09,4.94,4.94
-23.248,-0.01,-0.09,4.94,4.94
-23.238,-0.01,-0.09,4.94,4.94
-23.228,-0.01,-0.09,4.94,4.94
-23.218,-0.01,-0.09,4.94,4.94
-23.208,-0.01,-0.09,4.94,4.94
-23.198,-0.01,-0.09,4.94,4.94
-23.188,-0.01,-0.09,4.93,4.94
-23.178,-0.01,-0.09,4.94,4.94
-23.168,-0.01,-0.09,4.94,4.94
-23.158,-0.01,-0.09,4.94,4.94
-23.148,-0.01,-0.09,4.94,4.94
-23.138,-0.01,-0.09,4.94,4.94
-23.128,-0.01,-0.09,4.93,4.93
-23.118,-0.01,-0.09,4.93,4.93
-23.108,-0.01,-0.09,4.94,4.94
-23.098,-0.01,-0.09,4.94,4.94
-23.088,-0.01,-0.09,4.94,4.94
-23.078,-0.01,-0.09,4.94,4.94
-23.068,-0.01,-0.09,4.93,4.94
-23.058,-0.01,-0.09,4.93,4.93
-23.048,-0.01,-0.09,4.93,4.93
-23.039,-0.01,-0.09,4.94,4.94
-23.028,-0.01,-0.09,4.94,4.94
-23.018,-0.01,-0.09,4.94,4.94
-23.008,-0.01,-0.09,4.94,4.94
-22.998,-0.01,-0.09,4.94,4.94
-22.988,-0.01,-0.09,4.94,4.94
-22.978,-0.01,-0.09,4.93,4.94
-22.968,-0.01,-0.09,4.94,4.94
-22.958,-0.01,-0.09,4.94,4.94
-22.948,-0.01,-0.09,4.94,4.94
-22.939,-0.01,-0.09,4.94,4.94
-22.928,-0.01,-0.09,4.94,4.94
-22.918,-0.01,-0.09,4.94,4.94
-22.908,-0.01,-0.09,4.93,4.93
-22.898,-0.01,-0.09,4.93,4.93
-22.888,-0.01,-0.09,4.93,4.93
-22.878,-0.01,-0.09,4.93,4.93
-22.868,-0.01,-0.09,4.94,4.94
-22.858,-0.01,-0.09,4.94,4.94
-22.848,-0.01,-0.09,4.94,4.94
-22.838,-0.01,-0.09,4.94,4.94
-22.828,-0.01,-0.09,4.94,4.94
-22.818,-0.01,-0.09,4.93,4.93
-22.808,-0.01,-0.09,4.93,4.93
-22.798,-0.01,-0.09,4.93,4.93
-22.788,-0.01,-0.09,4.94,4.94
-22.778,-0.01,-0.09,4.94,4.94
-22.768,-0.01,-0.09,4.94,4.94
-22.758,-0.01,-0.09,4.94,4.94
-22.748,-0.01,-0.09,4.93,4.93
-22.738,-0.01,-0.09,4.93,4.93
-22.728,-0.01,-0.09,4.93,4.93
-22.718,-0.01,-0.09,4.93,4.93
-22.708,-0.01,-0.09,4.93,4.93
-22.698,-0.01,-0.09,4.93,4.93
-22.688,-0.01,-0.09,4.93,4.94
-22.678,-0.01,-0.09,4.93,4.93
-22.668,-0.01,-0.09,4.94,4.94
-22.658,-0.01,-0.09,4.94,4.94
-22.648,-0.01,-0.09,4.94,4.94
-22.638,-0.01,-0.09,4.94,4.94
-22.628,-0.01,-0.09,4.94,4.94
-22.618,-0.01,-0.09,4.94,4.94
-22.608,-0.01,-0.09,4.94,4.94
-22.598,-0.01,-0.09,4.93,4.93
-22.588,-0.01,-0.09,4.93,4.93
-22.578,-0.01,-0.09,4.93,4.93
-22.568,-0.01,-0.09,4.94,4.94
-22.558,-0.01,-0.09,4.94,4.94
-22.548,-0.01,-0.09,4.94,4.94
-22.538,-0.01,-0.09,4.93,4.93
-22.528,-0.01,-0.09,4.93,4.93
-22.518,-0.01,-0.09,4.93,4.93
-22.508,-0.01,-0.09,4.93,4.93
-22.498,-0.01,-0.09,4.93,4.93
-22.488,-0.01,-0.09,4.93,4.94
-22.478,-0.01,-0.09,4.93,4.94
-22.468,-0.01,-0.09,4.93,4.93
-22.458,-0.01,-0.09,4.93,4.93
-22.448,-0.01,-0.09,4.93,4.93
-22.438,-0.01,-0.09,4.93,4.93
-22.428,-0.01,-0.09,4.93,4.93
-22.418,-0.01,-0.09,4.93,4.93
-22.408,-0.01,-0.09,4.93,4.93
-22.398,-0.01,-0.09,4.93,4.93
-22.388,-0.01,-0.09,4.93,4.93
-22.378,-0.01,-0.09,4.93,4.93
-22.368,-0.01,-0.09,4.93,4.93
-22.358,-0.01,-0.09,4.93,4.93
-22.348,-0.01,-0.09,4.93,4.93
-22.338,-0.01,-0.09,4.93,4.93
-22.328,-0.01,-0.09,4.93,4.94
-22.318,-0.01,-0.09,4.93,4.94
-22.308,-0.01,-0.09,4.93,4.94
-22.298,-0.01,-0.09,4.93,4.93
-22.288,-0.01,-0.09,4.93,4.93
-22.278,-0.01,-0.09,4.93,4.93
-22.268,-0.01,-0.09,4.93,4.93
-22.258,-0.01,-0.09,4.93,4.93
-22.248,-0.01,-0.09,4.93,4.93
-22.238,-0.01,-0.09,4.94,4.94
-22.228,-0.01,-0.09,4.94,4.94
-22.218,-0.01,-0.09,4.94,4.94
-22.208,-0.01,-0.09,4.93,4.94
-22.198,-0.01,-0.09,4.93,4.93
-22.188,-0.01,-0.09,4.93,4.93
-22.178,-0.01,-0.09,4.93,4.93
-22.168,-0.01,-0.09,4.94,4.94
-22.158,-0.01,-0.09,4.94,4.94
-22.148,-0.01,-0.09,4.94,4.95
-22.138,-0.01,-0.09,4.94,4.94
-22.128,-0.01,-0.09,4.94,4.94
-22.118,-0.01,-0.09,4.93,4.93
-22.108,-0.01,-0.09,4.93,4.93
-22.098,-0.01,-0.09,4.93,4.93
-22.088,-0.01,-0.09,4.93,4.93
-22.078,-0.01,-0.09,4.93,4.93
-22.068,-0.01,-0.09,4.93,4.94
-22.058,-0.01,-0.09,4.93,4.93
-22.048,-0.01,-0.09,4.93,4.93
-22.038,-0.01,-0.09,4.93,4.93
-22.028,-0.01,-0.09,4.93,4.93
-22.018,-0.01,-0.09,4.93,4.93
-22.008,-0.01,-0.09,4.93,4.94
-21.998,-0.01,-0.09,4.94,4.94
-21.988,-0.01,-0.09,4.94,4.94
-21.978,-0.01,-0.09,4.94,4.94
-21.968,-0.01,-0.09,4.93,4.94
-21.958,-0.01,-0.09,4.93,4.93
-21.948,-0.01,-0.09,4.93,4.93
-21.938,-0.01,-0.09,4.93,4.93
-21.928,-0.01,-0.09,4.93,4.93
-21.918,-0.01,-0.09,4.93,4.93
-21.908,-0.01,-0.09,4.93,4.94
-21.898,-0.01,-0.09,4.94,4.94
-21.888,-0.01,-0.09,4.93,4.94
-21.878,-0.01,-0.09,4.93,4.93
-21.868,-0.01,-0.09,4.93,4.93
-21.858,-0.01,-0.09,4.93,4.93
-21.848,-0.01,-0.09,4.93,4.93
-21.838,-0.01,-0.09,4.94,4.94
-21.828,-0.01,-0.09,4.94,4.94
-21.818,-0.01,-0.09,4.94,4.94
-21.808,-0.01,-0.09,4.94,4.94
-21.798,-0.01,-0.09,4.94,4.94
-21.788,-0.01,-0.09,4.93,4.93
-21.778,-0.01,-0.09,4.93,4.93
-21.768,-0.01,-0.09,4.93,4.93
-21.758,-0.01,-0.09,4.93,4.93
-21.748,-0.01,-0.09,4.93,4.94
-21.738,-0.01,-0.09,4.94,4.94
-21.728,-0.01,-0.09,4.94,4.94
-21.718,-0.01,-0.09,4.94,4.94
-21.708,-0.01,-0.09,4.94,4.94
-21.698,-0.01,-0.09,4.94,4.94
-21.688,-0.01,-0.09,4.94,4.94
-21.678,-0.01,-0.09,4.94,4.94
-21.668,-0.01,-0.09,4.94,4.94
-21.658,-0.01,-0.09,4.94,4.94
-21.648,-0.01,-0.09,4.94,4.94
-21.638,-0.01,-0.09,4.94,4.94
-21.628,-0.01,-0.09,4.93,4.93
-21.618,-0.01,-0.09,4.93,4.93
-21.608,-0.01,-0.09,4.93,4.93
-21.598,-0.01,-0.09,4.94,4.94
-21.588,-0.01,-0.09,4.94,4.94
-21.578,-0.01,-0.09,4.94,4.94
-21.568,-0.01,-0.09,4.93,4.93
-21.558,-0.01,-0.09,4.93,4.93
-21.548,-0.01,-0.09,4.93,4.93
-21.538,-0.01,-0.09,4.93,4.93
-21.528,-0.01,-0.09,4.94,4.94
-21.518,-0.01,-0.09,4.94,4.94
-21.508,-0.01,-0.09,4.94,4.94
-21.498,-0.01,-0.09,4.94,4.94
-21.488,-0.01,-0.09,4.94,4.94
-21.478,-0.01,-0.09,4.93,4.93
-21.468,-0.01,-0.09,4.93,4.93
-21.458,-0.01,-0.09,4.93,4.93
-21.448,-0.01,-0.09,4.93,4.93
-21.438,-0.01,-0.09,4.93,4.94
-21.428,-0.01,-0.09,4.94,4.94
-21.418,-0.01,-0.09,4.94,4.94
-21.408,-0.01,-0.09,4.94,4.94
-21.398,-0.01,-0.09,4.93,4.93
-21.388,-0.01,-0.09,4.93,4.93
-21.378,-0.01,-0.09,4.93,4.93
-21.368,-0.01,-0.09,4.93,4.93
-21.358,-0.01,-0.09,4.94,4.94
-21.348,-0.01,-0.09,4.94,4.94
-21.338,-0.01,-0.09,4.94,4.94
-21.328,-0.01,-0.09,4.94,4.94
-21.318,-0.01,-0.09,4.94,4.94
-21.308,-0.01,-0.09,4.93,4.93
-21.298,-0.01,-0.09,4.93,4.93
-21.288,-0.01,-0.09,4.93,4.93
-21.278,-0.01,-0.09,4.93,4.93
-21.268,-0.01,-0.09,4.93,4.94
-21.258,-0.01,-0.09,4.94,4.94
-21.248,-0.01,-0.09,4.94,4.94
-21.239,-0.01,-0.09,4.94,4.94
-21.228,-0.01,-0.09,4.93,4.93
-21.218,-0.01,-0.09,4.93,4.93
-21.208,-0.01,-0.09,4.93,4.93
-21.198,-0.01,-0.09,4.93,4.94
-21.188,-0.01,-0.09,4.94,4.94
-21.178,-0.01,-0.09,4.94,4.94
-21.168,-0.01,-0.09,4.94,4.94
-21.158,-0.01,-0.09,4.94,4.94
-21.148,-0.01,-0.09,4.94,4.94
-21.138,-0.01,-0.09,4.93,4.93
-21.128,-0.01,-0.09,4.93,4.93
-21.118,-0.01,-0.09,4.93,4.93
-21.108,-0.01,-0.09,4.94,4.94
-21.098,-0.01,-0.09,4.94,4.94
-21.088,-0.01,-0.09,4.94,4.94
-21.078,-0.01,-0.09,4.94,4.94
-21.068,-0.01,-0.09,4.93,4.94
-21.058,-0.01,-0.09,4.93,4.93
-21.048,-0.01,-0.09,4.93,4.93
-21.038,-0.01,-0.09,4.94,4.94
-21.028,-0.01,-0.09,4.94,4.94
-21.018,-0.01,-0.09,4.94,4.95
-21.008,-0.01,-0.09,4.94,4.94
-20.998,-0.01,-0.09,4.94,4.94
-20.988,-0.01,-0.09,4.94,4.94
-20.978,-0.01,-0.09,4.93,4.93
-20.968,-0.01,-0.09,4.93,4.93
-20.958,-0.01,-0.09,4.93,4.93
-20.948,-0.01,-0.09,4.93,4.93
-20.938,-0.01,-0.09,4.94,4.94
-20.928,-0.01,-0.09,4.94,4.94
-20.918,-0.01,-0.09,4.94,4.94
-20.908,-0.01,-0.09,4.93,4.93
-20.898,-0.01,-0.09,4.93,4.93
-20.888,-0.01,-0.09,4.93,4.93
-20.878,-0.01,-0.09,4.93,4.93
-20.868,-0.01,-0.09,4.93,4.93
-20.858,-0.01,-0.09,4.93,4.93
-20.848,-0.01,-0.09,4.93,4.94
-20.838,-0.01,-0.09,4.93,4.94
-20.828,-0.01,-0.09,4.93,4.93
-20.818,-0.01,-0.09,4.93,4.93
-20.808,-0.01,-0.09,4.93,4.93
-20.798,-0.01,-0.09,4.93,4.93
-20.788,-0.01,-0.09,4.93,4.93
-20.778,-0.01,-0.09,4.93,4.93
-20.768,-0.01,-0.09,4.93,4.93
-20.758,-0.01,-0.09,4.93,4.93
-20.748,-0.01,-0.09,4.93,4.93
-20.738,-0.01,-0.09,4.93,4.93
-20.728,-0.01,-0.09,4.93,4.93
-20.718,-0.01,-0.09,4.94,4.94
-20.708,-0.01,-0.09,4.94,4.94
-20.698,-0.01,-0.09,4.94,4.94
-20.688,-0.01,-0.09,4.93,4.93
-20.678,-0.01,-0.09,4.93,4.93
-20.668,-0.01,-0.09,4.93,4.93
-20.658,-0.01,-0.09,4.93,4.94
-20.648,-0.01,-0.09,4.94,4.94
-20.638,-0.01,-0.09,4.94,4.94
-20.628,-0.01,-0.09,4.94,4.94
-20.618,-0.01,-0.09,4.94,4.94
-20.608,-0.01,-0.09,4.93,4.93
-20.598,-0.01,-0.09,4.93,4.93
-20.588,-0.01,-0.09,4.93,4.93
-20.578,-0.01,-0.09,4.93,4.93
-20.568,-0.01,-0.09,4.93,4.93
-20.558,-0.01,-0.09,4.94,4.94
-20.548,-0.01,-0.09,4.94,4.94
-20.538,-0.01,-0.09,4.94,4.94
-20.528,-0.01,-0.09,4.94,4.94
-20.518,-0.01,-0.09,4.93,4.93
-20.508,-0.01,-0.09,4.93,4.93
-20.498,-0.01,-0.09,4.93,4.93
-20.488,-0.01,-0.09,4.94,4.94
-20.478,-0.01,-0.09,4.94,4.94
-20.468,-0.01,-0.09,4.94,4.94
-20.458,-0.01,-0.09,4.94,4.94
-20.448,-0.01,-0.09,4.94,4.94
-20.438,-0.01,-0.09,4.94,4.94
-20.428,-0.01,-0.09,4.94,4.94
-20.418,-0.01,-0.09,4.94,4.94
-20.408,-0.01,-0.09,4.94,4.94
-20.398,-0.01,-0.09,4.94,4.94
-20.388,-0.01,-0.09,4.94,4.94
-20.378,-0.01,-0.09,4.94,4.95
-20.368,-0.01,-0.09,4.94,4.94
-20.358,-0.01,-0.09,4.94,4.94
-20.348,-0.01,-0.09,4.94,4.94
-20.338,-0.01,-0.09,4.94,4.94
-20.328,-0.01,-0.09,4.94,4.94
-20.318,-0.01,-0.09,4.94,4.94
-20.308,-0.01,-0.09,4.94,4.94
-20.298,-0.01,-0.09,4.94,4.95
-20.286,-0.01,-0.09,4.94,4.94
-20.278,-0.01,-0.09,4.94,4.94
-20.268,-0.01,-0.09,4.94,4.94
-20.258,-0.01,-0.09,4.94,4.94
-20.248,-0.01,-0.09,4.94,4.94
-20.238,-0.01,-0.09,4.94,4.94
-20.228,-0.01,-0.09,4.94,4.94
-20.218,-0.01,-0.09,4.94,4.94
-20.208,-0.01,-0.09,4.94,4.94
-20.198,-0.01,-0.09,4.94,4.94
-20.188,-0.01,-0.09,4.94,4.94
-20.178,-0.01,-0.09,4.94,4.94
-20.168,-0.01,-0.09,4.94,4.94
-20.158,-0.01,-0.09,4.94,4.94
-20.148,-0.01,-0.09,4.94,4.94
-20.138,-0.01,-0.09,4.94,4.94
-20.128,-0.01,-0.09,4.94,4.94
-20.118,-0.01,-0.09,4.94,4.94
-20.108,-0.01,-0.09,4.94,4.94
-20.098,-0.01,-0.09,4.94,4.94
-20.088,-0.01,-0.09,4.94,4.94
-20.078,-0.01,-0.09,4.94,4.94
-20.068,-0.01,-0.09,4.94,4.94
-20.058,-0.01,-0.09,4.94,4.94
-20.048,-0.01,-0.09,4.94,4.94
-20.038,-0.01,-0.09,4.94,4.94
-20.028,-0.01,-0.09,4.94,4.94
-20.018,-0.01,-0.09,4.94,4.94
-20.008,-0.01,-0.09,4.94,4.94
-19.998,-0.01,-0.09,4.94,4.94
-19.988,-0.01,-0.09,4.94,4.94
-19.978,-0.01,-0.09,4.94,4.94
-19.968,-0.01,-0.09,4.94,4.94
-19.958,-0.01,-0.09,4.94,4.94
-19.948,-0.01,-0.09,4.94,4.94
-19.938,-0.01,-0.09,4.94,4.94
-19.928,-0.01,-0.09,4.94,4.94
-19.918,-0.01,-0.09,4.94,4.94
-19.908,-0.01,-0.09,4.94,4.94
-19.898,-0.01,-0.09,4.93,4.93
-19.888,-0.01,-0.09,4.93,4.93
-19.878,-0.01,-0.09,4.94,4.94
-19.868,-0.01,-0.09,4.94,4.94
-19.858,-0.01,-0.09,4.95,4.95
-19.848,-0.01,-0.09,4.95,4.95
-19.838,-0.01,-0.09,4.95,4.95
-19.828,-0.01,-0.09,4.94,4.94
-19.818,-0.01,-0.09,4.94,4.94
-19.808,-0.01,-0.09,4.94,4.94
-19.798,-0.01,-0.09,4.94,4.94
-19.788,-0.01,-0.09,4.94,4.94
-19.778,-0.01,-0.09,4.94,4.94
-19.768,-0.01,-0.09,4.94,4.94
-19.758,-0.01,-0.09,4.94,4.94
-19.748,-0.01,-0.09,4.94,4.94
-19.738,-0.01,-0.09,4.93,4.94
-19.728,-0.01,-0.09,4.93,4.94
-19.718,-0.01,-0.09,4.93,4.93
-19.708,-0.01,-0.09,4.94,4.94
-19.698,-0.01,-0.09,4.94,4.94
-19.688,-0.01,-0.09,4.94,4.94
-19.678,-0.01,-0.09,4.94,4.94
-19.668,-0.01,-0.09,4.94,4.94
-19.658,-0.01,-0.09,4.94,4.94
-19.648,-0.01,-0.09,4.94,4.94
-19.638,-0.01,-0.09,4.94,4.94
-19.628,-0.01,-0.09,4.94,4.94
-19.618,-0.01,-0.09,4.94,4.94
-19.608,-0.01,-0.09,4.94,4.94
-19.598,-0.01,-0.09,4.94,4.94
-19.588,-0.01,-0.09,4.94,4.94
-19.578,-0.01,-0.09,4.94,4.94
-19.568,-0.01,-0.09,4.94,4.94
-19.558,-0.01,-0.09,4.93,4.93
-19.548,-0.01,-0.09,4.93,4.94
-19.538,-0.01,-0.09,4.93,4.94
-19.528,-0.01,-0.09,4.94,4.94
-19.518,-0.01,-0.09,4.94,4.94
-19.508,-0.01,-0.09,4.94,4.94
-19.498,-0.01,-0.09,4.94,4.94
-19.488,-0.01,-0.09,4.93,4.94
-19.478,-0.01,-0.09,4.93,4.93
-19.468,-0.01,-0.09,4.93,4.93
-19.458,-0.01,-0.09,4.93,4.93
-19.448,-0.01,-0.09,4.93,4.94
-19.438,-0.01,-0.09,4.94,4.94
-19.428,-0.01,-0.09,4.94,4.94
-19.418,-0.01,-0.09,4.94,4.94
-19.408,-0.01,-0.09,4.94,4.94
-19.398,-0.01,-0.09,4.93,4.93
-19.388,-0.01,-0.09,4.93,4.93
-19.378,-0.01,-0.09,4.93,4.93
-19.368,-0.01,-0.09,4.93,4.93
-19.358,-0.01,-0.09,4.94,4.94
-19.348,-0.01,-0.09,4.94,4.94
-19.338,-0.01,-0.09,4.94,4.94
-19.328,-0.01,-0.09,4.94,4.94
-19.318,-0.01,-0.09,4.94,4.94
-19.308,-0.01,-0.09,4.93,4.93
-19.298,-0.01,-0.09,4.93,4.93
-19.288,-0.01,-0.09,4.93,4.93
-19.278,-0.01,-0.09,4.93,4.94
-19.268,-0.01,-0.09,4.94,4.94
-19.258,-0.01,-0.09,4.95,4.95
-19.248,-0.01,-0.09,4.95,4.95
-19.238,-0.01,-0.09,4.94,4.94
-19.228,-0.01,-0.09,4.94,4.94
-19.218,-0.01,-0.09,4.93,4.93
-19.208,-0.01,-0.09,4.93,4.93
-19.198,-0.01,-0.09,4.93,4.93
-19.188,-0.01,-0.09,4.94,4.94
-19.178,-0.01,-0.09,4.95,4.95
-19.168,-0.01,-0.09,4.95,4.95
-19.158,-0.01,-0.09,4.95,4.95
-19.148,-0.01,-0.09,4.94,4.94
-19.138,-0.01,-0.09,4.94,4.94
-19.128,-0.01,-0.09,4.93,4.94
-19.118,-0.01,-0.09,4.93,4.93
-19.108,-0.01,-0.09,4.94,4.94
-19.098,-0.01,-0.09,4.94,4.94
-19.088,-0.01,-0.09,4.95,4.95
-19.078,-0.01,-0.09,4.95,4.95
-19.068,-0.01,-0.09,4.94,4.95
-19.058,-0.01,-0.09,4.94,4.94
-19.048,-0.01,-0.09,4.93,4.93
-19.038,-0.01,-0.09,4.93,4.93
-19.028,-0.01,-0.09,4.93,4.93
-19.018,-0.01,-0.09,4.94,4.94
-19.008,-0.01,-0.09,4.94,4.94
-18.998,-0.01,-0.09,4.94,4.94
-18.988,-0.01,-0.09,4.94,4.94
-18.978,-0.01,-0.09,4.94,4.94
-18.968,-0.01,-0.09,4.94,4.94
-18.958,-0.01,-0.09,4.94,4.94
-18.948,-0.01,-0.09,4.94,4.94
-18.938,-0.01,-0.09,4.94,4.94
-18.928,-0.01,-0.09,4.94,4.95
-18.918,-0.01,-0.09,4.95,4.95
-18.908,-0.01,-0.09,4.95,4.95
-18.898,-0.01,-0.09,4.94,4.94
-18.888,-0.01,-0.09,4.94,4.94
-18.878,-0.01,-0.09,4.93,4.94
-18.868,-0.01,-0.09,4.93,4.93
-18.858,-0.01,-0.09,4.94,4.94
-18.848,-0.01,-0.09,4.94,4.94
-18.838,-0.01,-0.09,4.94,4.95
-18.828,-0.01,-0.09,4.94,4.94
-18.818,-0.01,-0.09,4.94,4.94
-18.808,-0.01,-0.09,4.94,4.94
-18.798,-0.01,-0.09,4.93,4.93
-18.788,-0.01,-0.09,4.93,4.93
-18.778,-0.01,-0.09,4.93,4.94
-18.768,-0.01,-0.09,4.94,4.94
-18.758,-0.01,-0.09,4.95,4.95
-18.748,-0.01,-0.09,4.95,4.95
-18.738,-0.01,-0.09,4.94,4.95
-18.728,-0.01,-0.09,4.94,4.94
-18.718,-0.01,-0.09,4.94,4.94
-18.708,-0.01,-0.09,4.94,4.94
-18.698,-0.01,-0.09,4.94,4.94
-18.688,-0.01,-0.09,4.94,4.94
-18.678,-0.01,-0.09,4.94,4.95
-18.668,-0.01,-0.09,4.94,4.95
-18.658,-0.01,-0.09,4.94,4.94
-18.648,-0.01,-0.09,4.94,4.94
-18.638,-0.01,-0.09,4.93,4.94
-18.628,-0.01,-0.09,4.93,4.93
-18.618,-0.01,-0.09,4.93,4.93
-18.608,-0.01,-0.09,4.94,4.94
-18.598,-0.01,-0.09,4.94,4.94
-18.588,-0.01,-0.09,4.94,4.94
-18.578,-0.01,-0.09,4.94,4.94
-18.568,-0.01,-0.09,4.94,4.94
-18.558,-0.01,-0.09,4.94,4.94
-18.548,-0.01,-0.09,4.93,4.93
-18.538,-0.01,-0.09,4.93,4.93
-18.528,-0.01,-0.09,4.94,4.94
-18.518,-0.01,-0.09,4.94,4.94
-18.508,-0.01,-0.09,4.94,4.94
-18.498,-0.01,-0.09,4.94,4.94
-18.488,-0.01,-0.09,4.94,4.94
-18.478,-0.01,-0.09,4.94,4.94
-18.468,-0.01,-0.09,4.94,4.94
-18.458,-0.01,-0.09,4.94,4.94
-18.448,-0.01,-0.09,4.94,4.94
-18.438,-0.01,-0.09,4.94,4.94
-18.428,-0.01,-0.09,4.94,4.94
-18.418,-0.01,-0.09,4.94,4.94
-18.408,-0.01,-0.09,4.94,4.94
-18.398,-0.01,-0.09,4.94,4.94
-18.388,-0.01,-0.09,4.94,4.94
-18.378,-0.01,-0.09,4.94,4.94
-18.368,-0.01,-0.09,4.94,4.94
-18.358,-0.01,-0.09,4.94,4.94
-18.348,-0.01,-0.09,4.94,4.94
-18.338,-0.01,-0.09,4.94,4.94
-18.328,-0.01,-0.09,4.94,4.94
-18.318,-0.01,-0.09,4.94,4.94
-18.308,-0.01,-0.09,4.94,4.94
-18.298,-0.01,-0.09,4.93,4.94
-18.288,-0.01,-0.09,4.93,4.93
-18.278,-0.01,-0.09,4.93,4.93
-18.268,-0.01,-0.09,4.94,4.94
-18.258,-0.01,-0.09,4.94,4.94
-18.248,-0.01,-0.09,4.94,4.94
-18.238,-0.01,-0.09,4.94,4.94
-18.228,-0.01,-0.09,4.94,4.94
-18.218,-0.01,-0.09,4.94,4.94
-18.208,-0.01,-0.09,4.94,4.94
-18.198,-0.01,-0.09,4.94,4.94
-18.188,-0.01,-0.09,4.94,4.94
-18.178,-0.01,-0.09,4.94,4.94
-18.168,-0.01,-0.09,4.94,4.94
-18.158,-0.01,-0.09,4.94,4.94
-18.148,-0.01,-0.09,4.94,4.94
-18.138,-0.01,-0.09,4.94,4.94
-18.128,-0.01,-0.09,4.94,4.94
-18.118,-0.01,-0.09,4.94,4.94
-18.108,-0.01,-0.09,4.94,4.94
-18.098,-0.01,-0.09,4.94,4.94
-18.088,-0.01,-0.09,4.94,4.94
-18.078,-0.01,-0.09,4.94,4.94
-18.068,-0.01,-0.09,4.94,4.94
-18.058,-0.01,-0.09,4.94,4.94
-18.048,-0.01,-0.09,4.94,4.94
-18.038,-0.01,-0.09,4.94,4.94
-18.028,-0.01,-0.09,4.94,4.94
-18.018,-0.01,-0.09,4.94,4.94
-18.008,-0.01,-0.09,4.94,4.94
-17.998,-0.01,-0.09,4.94,4.94
-17.988,-0.01,-0.09,4.93,4.94
-17.978,-0.01,-0.09,4.93,4.93
-17.968,-0.01,-0.09,4.93,4.93
-17.958,-0.01,-0.09,4.93,4.94
-17.948,-0.01,-0.09,4.94,4.94
-17.938,-0.01,-0.09,4.94,4.94
-17.928,-0.01,-0.09,4.94,4.94
-17.918,-0.01,-0.09,4.94,4.94
-17.908,-0.01,-0.09,4.94,4.94
-17.898,-0.01,-0.09,4.94,4.94
-17.888,-0.01,-0.09,4.93,4.93
-17.878,-0.01,-0.09,4.94,4.94
-17.868,-0.01,-0.09,4.94,4.94
-17.858,-0.01,-0.09,4.94,4.94
-17.848,-0.01,-0.09,4.94,4.94
-17.838,-0.01,-0.09,4.94,4.94
-17.828,-0.01,-0.09,4.94,4.94
-17.818,-0.01,-0.09,4.93,4.93
-17.808,-0.01,-0.09,4.93,4.93
-17.798,-0.01,-0.09,4.93,4.93
-17.788,-0.01,-0.09,4.94,4.94
-17.778,-0.01,-0.09,4.94,4.94
-17.768,-0.01,-0.09,4.94,4.94
-17.758,-0.01,-0.09,4.94,4.94
-17.748,-0.01,-0.09,4.94,4.94
-17.738,-0.01,-0.09,4.94,4.94
-17.728,-0.01,-0.09,4.94,4.94
-17.718,-0.01,-0.09,4.94,4.94
-17.708,-0.01,-0.09,4.94,4.94
-17.698,-0.01,-0.09,4.94,4.94
-17.688,-0.01,-0.09,4.94,4.94
-17.678,-0.01,-0.09,4.94,4.94
-17.668,-0.01,-0.09,4.94,4.94
-17.658,-0.01,-0.09,4.94,4.94
-17.648,-0.01,-0.09,4.93,4.94
-17.638,-0.01,-0.09,4.93,4.93
-17.628,-0.01,-0.09,4.94,4.94
-17.618,-0.01,-0.09,4.94,4.94
-17.608,-0.01,-0.09,4.94,4.94
-17.598,-0.01,-0.09,4.94,4.94
-17.588,-0.01,-0.09,4.94,4.94
-17.578,-0.01,-0.09,4.94,4.94
-17.568,-0.01,-0.09,4.94,4.94
-17.558,-0.01,-0.09,4.94,4.94
-17.548,-0.01,-0.09,4.94,4.94
-17.538,-0.01,-0.09,4.94,4.94
-17.528,-0.01,-0.09,4.94,4.94
-17.518,-0.01,-0.09,4.94,4.94
-17.508,-0.01,-0.09,4.94,4.94
-17.498,-0.01,-0.09,4.94,4.94
-17.488,-0.01,-0.09,4.93,4.94
-17.478,-0.01,-0.09,4.93,4.93
-17.468,-0.01,-0.09,4.93,4.94
-17.458,-0.01,-0.09,4.94,4.94
-17.448,-0.01,-0.09,4.94,4.94
-17.438,-0.01,-0.09,4.94,4.94
-17.428,-0.01,-0.09,4.94,4.94
-17.418,-0.01,-0.09,4.94,4.94
-17.408,-0.01,-0.09,4.94,4.94
-17.398,-0.01,-0.09,4.94,4.94
-17.388,-0.01,-0.09,4.94,4.94
-17.378,-0.01,-0.09,4.94,4.94
-17.368,-0.01,-0.09,4.94,4.94
-17.358,-0.01,-0.09,4.94,4.94
-17.348,-0.01,-0.09,4.94,4.94
-17.338,-0.01,-0.09,4.94,4.94
-17.328,-0.01,-0.09,4.94,4.94
-17.318,-0.01,-0.09,4.94,4.94
-17.308,-0.01,-0.09,4.93,4.93
-17.298,-0.01,-0.09,4.94,4.94
-17.288,-0.01,-0.09,4.94,4.94
-17.278,-0.01,-0.09,4.94,4.94
-17.268,-0.01,-0.09,4.94,4.94
-17.258,-0.01,-0.09,4.94,4.95
-17.248,-0.01,-0.09,4.95,4.95
-17.238,-0.01,-0.09,4.94,4.95
-17.228,-0.01,-0.09,4.94,4.95
-17.218,-0.01,-0.09,4.94,4.94
-17.208,-0.01,-0.09,4.94,4.94
-17.198,-0.01,-0.09,4.94,4.94
-17.188,-0.01,-0.09,4.94,4.94
-17.178,-0.01,-0.09,4.94,4.94
-17.168,-0.01,-0.09,4.94,4.94
-17.158,-0.01,-0.09,4.94,4.94
-17.148,-0.01,-0.09,4.94,4.94
-17.138,-0.01,-0.09,4.94,4.94
-17.128,-0.01,-0.09,4.94,4.94
-17.118,-0.01,-0.09,4.94,4.94
-17.108,-0.01,-0.09,4.94,4.94
-17.098,-0.01,-0.09,4.94,4.94
-17.088,-0.01,-0.09,4.94,4.94
-17.078,-0.01,-0.09,4.94,4.94
-17.068,-0.01,-0.09,4.94,4.94
-17.058,-0.01,-0.09,4.94,4.94
-17.048,-0.01,-0.09,4.94,4.95
-17.038,-0.01,-0.09,4.94,4.94
-17.028,-0.01,-0.09,4.94,4.94
-17.018,-0.01,-0.09,4.94,4.95
-17.008,-0.01,-0.09,4.95,4.95
-16.998,-0.01,-0.09,4.94,4.94
-16.988,-0.01,-0.09,4.94,4.95
-16.978,-0.01,-0.09,4.94,4.95
-16.968,-0.01,-0.09,4.94,4.94
-16.958,-0.01,-0.09,4.94,4.94
-16.948,-0.01,-0.09,4.94,4.94
-16.938,-0.01,-0.09,4.94,4.94
-16.928,-0.01,-0.09,4.94,4.94
-16.918,-0.01,-0.09,4.94,4.94
-16.908,-0.01,-0.09,4.95,4.95
-16.898,-0.01,-0.09,4.95,4.95
-16.888,-0.01,-0.09,4.94,4.95
-16.878,-0.01,-0.09,4.94,4.94
-16.868,-0.01,-0.09,4.94,4.94
-16.858,-0.01,-0.09,4.94,4.94
-16.848,-0.01,-0.09,4.94,4.94
-16.838,-0.01,-0.09,4.94,4.94
-16.828,-0.01,-0.09,4.94,4.94
-16.818,-0.01,-0.09,4.94,4.94
-16.808,-0.01,-0.09,4.94,4.94
-16.798,-0.01,-0.09,4.94,4.94
-16.788,-0.01,-0.09,4.94,4.94
-16.778,-0.01,-0.09,4.94,4.94
-16.768,-0.01,-0.09,4.94,4.94
-16.758,-0.01,-0.09,4.94,4.95
-16.748,-0.01,-0.09,4.95,4.95
-16.738,-0.01,-0.09,4.95,4.95
-16.728,-0.01,-0.09,4.95,4.95
-16.718,-0.01,-0.09,4.95,4.95
-16.708,-0.01,-0.09,4.94,4.94
-16.698,-0.01,-0.09,4.94,4.94
-16.688,-0.01,-0.09,4.94,4.94
-16.678,-0.01,-0.09,4.94,4.94
-16.668,-0.01,-0.09,4.94,4.95
-16.658,-0.01,-0.09,4.95,4.95
-16.648,-0.01,-0.09,4.95,4.95
-16.638,-0.01,-0.09,4.94,4.94
-16.628,-0.01,-0.09,4.93,4.93
-16.618,-0.01,-0.09,4.93,4.93
-16.608,-0.01,-0.09,4.93,4.93
-16.598,-0.01,-0.09,4.94,4.94
-16.588,-0.01,-0.09,4.95,4.95
-16.578,-0.01,-0.09,4.95,4.95
-16.568,-0.01,-0.09,4.95,4.95
-16.558,-0.01,-0.09,4.95,4.95
-16.548,-0.01,-0.09,4.95,4.95
-16.538,-0.01,-0.09,4.94,4.94
-16.528,-0.01,-0.09,4.94,4.94
-16.518,-0.01,-0.09,4.94,4.94
-16.508,-0.01,-0.09,4.95,4.95
-16.498,-0.01,-0.09,4.95,4.95
-16.488,-0.01,-0.09,4.95,4.95
-16.478,-0.01,-0.09,4.95,4.95
-16.468,-0.01,-0.09,4.94,4.94
-16.458,-0.01,-0.09,4.94,4.94
-16.448,-0.01,-0.09,4.94,4.94
-16.438,-0.01,-0.09,4.94,4.94
-16.428,-0.01,-0.09,4.94,4.94
-16.418,-0.01,-0.09,4.94,4.94
-16.408,-0.01,-0.09,4.95,4.95
-16.398,-0.01,-0.09,4.94,4.94
-16.388,-0.01,-0.09,4.94,4.94
-16.378,-0.01,-0.09,4.94,4.94
-16.368,-0.01,-0.09,4.94,4.94
-16.358,-0.01,-0.09,4.94,4.94
-16.348,-0.01,-0.09,4.94,4.94
-16.338,-0.01,-0.09,4.94,4.95
-16.328,-0.01,-0.09,4.94,4.94
-16.318,-0.01,-0.09,4.94,4.94
-16.308,-0.01,-0.09,4.93,4.93
-16.298,-0.01,-0.09,4.93,4.93
-16.288,-0.01,-0.09,4.93,4.93
-16.278,-0.01,-0.09,4.93,4.93
-16.268,-0.01,-0.09,4.94,4.94
-16.258,-0.01,-0.09,4.94,4.94
-16.248,-0.01,-0.09,4.94,4.94
-16.238,-0.01,-0.09,4.94,4.94
-16.228,-0.01,-0.09,4.94,4.94
-16.218,-0.01,-0.09,4.94,4.94
-16.208,-0.01,-0.09,4.94,4.94
-16.198,-0.01,-0.09,4.94,4.94
-16.188,-0.01,-0.09,4.95,4.95
-16.178,-0.01,-0.09,4.95,4.95
-16.168,-0.01,-0.09,4.94,4.95
-16.158,-0.01,-0.09,4.94,4.94
-16.148,-0.01,-0.09,4.94,4.94
-16.138,-0.01,-0.09,4.93,4.93
-16.128,-0.01,-0.09,4.94,4.94
-16.118,-0.01,-0.09,4.94,4.94
-16.108,-0.01,-0.09,4.94,4.94
-16.098,-0.01,-0.09,4.94,4.94
-16.088,-0.01,-0.09,4.94,4.94
-16.078,-0.01,-0.09,4.94,4.94
-16.068,-0.01,-0.09,4.94,4.94
-16.058,-0.01,-0.09,4.94,4.94
-16.048,-0.01,-0.09,4.94,4.94
-16.038,-0.01,-0.09,4.95,4.95
-16.028,-0.01,-0.09,4.95,4.95
-16.018,-0.01,-0.09,4.94,4.94
-16.008,-0.01,-0.09,4.94,4.94
-15.998,-0.01,-0.09,4.94,4.94
-15.988,-0.01,-0.09,4.93,4.93
-15.978,-0.01,-0.09,4.93,4.93
-15.968,-0.01,-0.09,4.94,4.94
-15.958,-0.01,-0.09,4.94,4.94
-15.948,-0.01,-0.09,4.94,4.95
-15.938,-0.01,-0.09,4.94,4.95
-15.928,-0.01,-0.09,4.94,4.94
-15.918,-0.01,-0.09,4.94,4.94
-15.908,-0.01,-0.09,4.94,4.94
-15.898,-0.01,-0.09,4.94,4.94
-15.888,-0.01,-0.09,4.94,4.94
-15.878,-0.01,-0.09,4.94,4.95
-15.868,-0.01,-0.09,4.95,4.95
-15.858,-0.01,-0.09,4.95,4.95
-15.848,-0.01,-0.09,4.95,4.95
-15.838,-0.01,-0.09,4.94,4.94
-15.828,-0.01,-0.09,4.93,4.93
-15.818,-0.01,-0.09,4.93,4.93
-15.808,-0.01,-0.09,4.93,4.93
-15.798,-0.01,-0.09,4.93,4.93
-15.788,-0.01,-0.09,4.94,4.94
-15.778,-0.01,-0.09,4.95,4.95
-15.768,-0.01,-0.09,4.95,4.95
-15.758,-0.01,-0.09,4.94,4.94
-15.748,-0.01,-0.09,4.94,4.94
-15.738,-0.01,-0.09,4.94,4.94
-15.728,-0.01,-0.09,4.94,4.94
-15.718,-0.01,-0.09,4.94,4.94
-15.708,-0.01,-0.09,4.95,4.95
-15.698,-0.01,-0.09,4.95,4.95
-15.688,-0.01,-0.09,4.95,4.95
-15.678,-0.01,-0.09,4.95,4.95
-15.668,-0.01,-0.09,4.94,4.94
-15.658,-0.01,-0.09,4.94,4.94
-15.648,-0.01,-0.09,4.93,4.93
-15.638,-0.01,-0.09,4.93,4.93
-15.628,-0.01,-0.09,4.93,4.93
-15.618,-0.01,-0.09,4.94,4.94
-15.608,-0.01,-0.09,4.94,4.94
-15.598,-0.01,-0.09,4.94,4.94
-15.588,-0.01,-0.09,4.94,4.94
-15.578,-0.01,-0.09,4.94,4.94
-15.568,-0.01,-0.09,4.94,4.94
-15.558,-0.01,-0.09,4.94,4.94
-15.548,-0.01,-0.09,4.94,4.94
-15.538,-0.01,-0.09,4.94,4.94
-15.528,-0.01,-0.09,4.94,4.95
-15.518,-0.01,-0.09,4.95,4.95
-15.508,-0.01,-0.09,4.95,4.95
-15.498,-0.01,-0.09,4.94,4.94
-15.488,-0.01,-0.09,4.94,4.94
-15.478,-0.01,-0.09,4.93,4.93
-15.468,-0.01,-0.09,4.93,4.93
-15.458,-0.01,-0.09,4.94,4.94
-15.448,-0.01,-0.09,4.94,4.94
-15.438,-0.01,-0.09,4.94,4.94
-15.428,-0.01,-0.09,4.94,4.94
-15.418,-0.01,-0.09,4.94,4.94
-15.408,-0.01,-0.09,4.94,4.94
-15.398,-0.01,-0.09,4.94,4.94
-15.388,-0.01,-0.09,4.94,4.94
-15.378,-0.01,-0.09,4.94,4.94
-15.368,-0.01,-0.09,4.94,4.94
-15.358,-0.01,-0.09,4.94,4.94
-15.348,-0.01,-0.09,4.94,4.94
-15.338,-0.01,-0.09,4.94,4.94
-15.328,-0.01,-0.09,4.94,4.94
-15.318,-0.01,-0.09,4.94,4.94
-15.308,-0.01,-0.09,4.93,4.93
-15.298,-0.01,-0.09,4.93,4.93
-15.288,-0.01,-0.09,4.93,4.93
-15.278,-0.01,-0.09,4.93,4.94
-15.268,-0.01,-0.09,4.94,4.94
-15.258,-0.01,-0.09,4.94,4.94
-15.248,-0.01,-0.09,4.94,4.94
-15.238,-0.01,-0.09,4.94,4.94
-15.228,-0.01,-0.09,4.94,4.94
-15.218,-0.01,-0.09,4.94,4.94
-15.208,-0.01,-0.09,4.94,4.94
-15.198,-0.01,-0.09,4.94,4.94
-15.188,-0.01,-0.09,4.94,4.94
-15.178,-0.01,-0.09,4.94,4.95
-15.168,-0.01,-0.09,4.94,4.95
-15.158,-0.01,-0.09,4.94,4.94
-15.148,-0.01,-0.09,4.94,4.94
-15.138,-0.01,-0.09,4.94,4.94
-15.128,-0.01,-0.09,4.94,4.94
-15.118,-0.01,-0.09,4.94,4.94
-15.108,-0.01,-0.09,4.94,4.94
-15.098,-0.01,-0.09,4.94,4.94
-15.088,-0.01,-0.09,4.94,4.94
-15.078,-0.01,-0.09,4.95,4.95
-15.068,-0.01,-0.09,4.95,4.95
-15.058,-0.01,-0.09,4.94,4.94
-15.048,-0.01,-0.09,4.94,4.94
-15.038,-0.01,-0.09,4.94,4.94
-15.028,-0.01,-0.09,4.94,4.94
-15.018,-0.01,-0.09,4.94,4.94
-15.008,-0.01,-0.09,4.94,4.94
-14.998,-0.01,-0.09,4.94,4.94
-14.988,-0.01,-0.09,4.94,4.94
-14.978,-0.01,-0.09,4.94,4.94
-14.968,-0.01,-0.09,4.94,4.94
-14.958,-0.01,-0.09,4.94,4.94
-14.948,-0.01,-0.09,4.94,4.94
-14.938,-0.01,-0.09,4.94,4.94
-14.928,-0.01,-0.09,4.94,4.94
-14.918,-0.01,-0.09,4.94,4.95
-14.908,-0.01,-0.09,4.94,4.95
-14.898,-0.01,-0.09,4.95,4.95
-14.888,-0.01,-0.09,4.94,4.94
-14.878,-0.01,-0.09,4.94,4.94
-14.868,-0.01,-0.09,4.95,4.95
-14.858,-0.01,-0.09,4.94,4.95
-14.848,-0.01,-0.09,4.95,4.95
-14.838,-0.01,-0.09,4.95,4.95
-14.828,-0.01,-0.09,4.95,4.95
-14.818,-0.01,-0.09,4.94,4.94
-14.808,-0.01,-0.09,4.94,4.94
-14.798,-0.01,-0.09,4.94,4.94
-14.788,-0.01,-0.09,4.94,4.94
-14.778,-0.01,-0.09,4.94,4.94
-14.768,-0.01,-0.09,4.94,4.94
-14.758,-0.01,-0.09,4.94,4.94
-14.748,-0.01,-0.09,4.95,4.95
-14.738,-0.01,-0.09,4.95,4.95
-14.728,-0.01,-0.09,4.94,4.94
-14.718,-0.01,-0.09,4.94,4.94
-14.708,-0.01,-0.09,4.94,4.94
-14.698,-0.01,-0.09,4.94,4.94
-14.688,-0.01,-0.09,4.94,4.94
-14.678,-0.01,-0.09,4.94,4.95
-14.668,-0.01,-0.09,4.95,4.95
-14.658,-0.01,-0.09,4.94,4.94
-14.648,-0.01,-0.09,4.94,4.94
-14.638,-0.01,-0.09,4.93,4.93
-14.628,-0.01,-0.09,4.92,4.93
-14.618,-0.01,-0.09,4.93,4.93
-14.608,-0.01,-0.09,4.93,4.93
-14.598,-0.01,-0.09,4.94,4.94
-14.588,-0.01,-0.09,4.94,4.94
-14.578,-0.01,-0.09,4.94,4.94
-14.568,-0.01,-0.09,4.94,4.94
-14.558,-0.01,-0.09,4.93,4.94
-14.548,-0.01,-0.09,4.94,4.94
-14.538,-0.01,-0.09,4.94,4.94
-14.528,-0.01,-0.09,4.94,4.94
-14.518,-0.01,-0.09,4.94,4.94
-14.508,-0.01,-0.09,4.95,4.95
-14.498,-0.01,-0.09,4.95,4.95
-14.488,-0.01,-0.09,4.94,4.94
-14.478,-0.01,-0.09,4.93,4.93
-14.468,-0.01,-0.09,4.93,4.93
-14.458,-0.01,-0.09,4.93,4.93
-14.448,-0.01,-0.09,4.93,4.93
-14.438,-0.01,-0.09,4.94,4.94
-14.428,-0.01,-0.09,4.95,4.95
-14.418,-0.01,-0.09,4.95,4.95
-14.408,-0.01,-0.09,4.95,4.95
-14.398,-0.01,-0.09,4.94,4.94
-14.388,-0.01,-0.09,4.94,4.94
-14.378,-0.01,-0.09,4.94,4.94
-14.368,-0.01,-0.09,4.94,4.94
-14.358,-0.01,-0.09,4.94,4.94
-14.348,-0.01,-0.09,4.95,4.95
-14.338,-0.01,-0.09,4.95,4.95
-14.328,-0.01,-0.09,4.94,4.94
-14.318,-0.01,-0.09,4.93,4.94
-14.308,-0.01,-0.09,4.93,4.93
-14.298,-0.01,-0.09,4.92,4.92
-14.288,-0.01,-0.09,4.92,4.92
-14.278,-0.01,-0.09,4.93,4.93
-14.268,-0.01,-0.09,4.94,4.94
-14.258,-0.01,-0.09,4.95,4.95
-14.248,-0.01,-0.09,4.95,4.95
-14.238,-0.01,-0.09,4.95,4.95
-14.228,-0.01,-0.09,4.94,4.94
-14.218,-0.01,-0.09,4.94,4.94
-14.208,-0.01,-0.09,4.94,4.94
-14.198,-0.01,-0.09,4.94,4.94
-14.188,-0.01,-0.09,4.94,4.94
-14.178,-0.01,-0.09,4.95,4.95
-14.168,-0.01,-0.09,4.95,4.95
-14.158,-0.01,-0.09,4.94,4.94
-14.148,-0.01,-0.09,4.94,4.94
-14.138,-0.01,-0.09,4.94,4.94
-14.128,-0.01,-0.09,4.94,4.94
-14.118,-0.01,-0.09,4.94,4.94
-14.108,-0.01,-0.09,4.94,4.94
-14.098,-0.01,-0.09,4.94,4.94
-14.088,-0.01,-0.09,4.94,4.95
-14.078,-0.01,-0.09,4.94,4.94
-14.068,-0.01,-0.09,4.94,4.94
-14.058,-0.01,-0.09,4.94,4.94
-14.048,-0.01,-0.09,4.94,4.94
-14.038,-0.01,-0.09,4.94,4.94
-14.028,-0.01,-0.09,4.94,4.94
-14.018,-0.01,-0.09,4.94,4.94
-14.008,-0.01,-0.09,4.94,4.94
-13.998,-0.01,-0.09,4.94,4.94
-13.988,-0.01,-0.09,4.94,4.94
-13.978,-0.01,-0.09,4.94,4.94
-13.968,-0.01,-0.09,4.94,4.94
-13.958,-0.01,-0.09,4.94,4.94
-13.948,-0.01,-0.09,4.94,4.94
-13.938,-0.01,-0.09,4.94,4.94
-13.928,-0.01,-0.09,4.94,4.95
-13.918,-0.01,-0.09,4.94,4.94
-13.908,-0.01,-0.09,4.94,4.95
-13.898,-0.01,-0.09,4.94,4.95
-13.888,-0.01,-0.09,4.94,4.94
-13.878,-0.01,-0.09,4.94,4.94
-13.868,-0.01,-0.09,4.94,4.94
-13.858,-0.01,-0.09,4.94,4.94
-13.848,-0.01,-0.09,4.94,4.94
-13.838,-0.01,-0.09,4.94,4.95
-13.828,-0.01,-0.09,4.94,4.94
-13.818,-0.01,-0.09,4.94,4.94
-13.808,-0.01,-0.09,4.94,4.94
-13.798,-0.01,-0.09,4.94,4.94
-13.788,-0.01,-0.09,4.94,4.94
-13.778,-0.01,-0.09,4.94,4.94
-13.768,-0.01,-0.09,4.94,4.94
-13.758,-0.01,-0.09,4.94,4.95
-13.748,-0.01,-0.09,4.95,4.95
-13.738,-0.01,-0.09,4.95,4.95
-13.728,-0.01,-0.09,4.95,4.95
-13.718,-0.01,-0.09,4.94,4.94
-13.708,-0.01,-0.09,4.94,4.94
-13.698,-0.01,-0.09,4.94,4.94
-13.688,-0.01,-0.09,4.94,4.94
-13.678,-0.01,-0.09,4.94,4.94
-13.668,-0.01,-0.09,4.94,4.95
-13.658,-0.01,-0.09,4.95,4.95
-13.648,-0.01,-0.09,4.94,4.94
-13.638,-0.01,-0.09,4.94,4.94
-13.628,-0.01,-0.09,4.94,4.94
-13.618,-0.01,-0.09,4.94,4.94
-13.608,-0.01,-0.09,4.94,4.94
-13.598,-0.01,-0.09,4.94,4.94
-13.588,-0.01,-0.09,4.95,4.95
-13.578,-0.01,-0.09,4.95,4.95
-13.568,-0.01,-0.09,4.95,4.95
-13.558,-0.01,-0.09,4.94,4.94
-13.548,-0.01,-0.09,4.94,4.94
-13.538,-0.01,-0.09,4.94,4.94
-13.528,-0.01,-0.09,4.93,4.94
-13.518,-0.01,-0.09,4.94,4.94
-13.508,-0.01,-0.09,4.94,4.94
-13.498,-0.01,-0.09,4.94,4.94
-13.488,-0.01,-0.09,4.94,4.94
-13.478,-0.01,-0.09,4.94,4.94
-13.468,-0.01,-0.09,4.94,4.94
-13.458,-0.01,-0.09,4.94,4.94
-13.448,-0.01,-0.09,4.94,4.94
-13.438,-0.01,-0.09,4.94,4.94
-13.428,-0.01,-0.09,4.94,4.94
-13.418,-0.01,-0.09,4.94,4.94
-13.408,-0.01,-0.09,4.94,4.94
-13.398,-0.01,-0.09,4.94,4.94
-13.388,-0.01,-0.09,4.94,4.94
-13.378,-0.01,-0.09,4.94,4.94
-13.368,-0.01,-0.09,4.94,4.94
-13.358,-0.01,-0.09,4.94,4.94
-13.348,-0.01,-0.09,4.94,4.94
-13.338,-0.01,-0.09,4.94,4.94
-13.328,-0.01,-0.09,4.94,4.94
-13.318,-0.01,-0.09,4.94,4.94
-13.308,-0.01,-0.09,4.94,4.94
-13.298,-0.01,-0.09,4.94,4.94
-13.288,-0.01,-0.09,4.94,4.94
-13.278,-0.01,-0.09,4.95,4.95
-13.268,-0.01,-0.09,4.95,4.95
-13.258,-0.01,-0.09,4.95,4.95
-13.248,-0.01,-0.09,4.95,4.95
-13.238,-0.01,-0.09,4.94,4.95
-13.228,-0.01,-0.09,4.94,4.94
-13.218,-0.01,-0.09,4.94,4.94
-13.208,-0.01,-0.09,4.94,4.94
-13.198,-0.01,-0.09,4.94,4.94
-13.188,-0.01,-0.09,4.94,4.94
-13.178,-0.01,-0.09,4.94,4.94
-13.168,-0.01,-0.09,4.94,4.94
-13.158,-0.01,-0.09,4.94,4.94
-13.148,-0.01,-0.09,4.94,4.94
-13.138,-0.01,-0.09,4.94,4.94
-13.128,-0.01,-0.09,4.94,4.94
-13.118,-0.01,-0.09,4.94,4.94
-13.108,-0.01,-0.09,4.94,4.94
-13.098,-0.01,-0.09,4.95,4.95
-13.088,-0.01,-0.09,4.95,4.95
-13.078,-0.01,-0.09,4.95,4.95
-13.068,-0.01,-0.09,4.95,4.95
-13.058,-0.01,-0.09,4.94,4.94
-13.048,-0.01,-0.09,4.94,4.94
-13.038,-0.01,-0.09,4.94,4.94
-13.028,-0.01,-0.09,4.94,4.94
-13.018,-0.01,-0.09,4.94,4.95
-13.008,-0.01,-0.09,4.95,4.95
-12.998,-0.01,-0.09,4.95,4.95
-12.988,-0.01,-0.09,4.95,4.95
-12.978,-0.01,-0.09,4.95,4.95
-12.968,-0.01,-0.09,4.94,4.94
-12.958,-0.01,-0.09,4.94,4.94
-12.948,-0.01,-0.09,4.94,4.94
-12.938,-0.01,-0.09,4.94,4.94
-12.928,-0.01,-0.09,4.94,4.94
-12.918,-0.01,-0.09,4.94,4.95
-12.908,-0.01,-0.09,4.94,4.94
-12.898,-0.01,-0.09,4.94,4.94
-12.888,-0.01,-0.09,4.94,4.94
-12.878,-0.01,-0.09,4.94,4.94
-12.868,-0.01,-0.09,4.94,4.94
-12.858,-0.01,-0.09,4.94,4.94
-12.848,-0.01,-0.09,4.94,4.94
-12.838,-0.01,-0.09,4.94,4.94
-12.828,-0.01,-0.09,4.94,4.94
-12.818,-0.01,-0.09,4.95,4.95
-12.808,-0.01,-0.09,4.94,4.95
-12.798,-0.01,-0.09,4.94,4.94
-12.788,-0.01,-0.09,4.94,4.94
-12.778,-0.01,-0.09,4.94,4.94
-12.768,-0.01,-0.09,4.94,4.94
-12.758,-0.01,-0.09,4.94,4.94
-12.748,-0.01,-0.09,4.95,4.95
-12.738,-0.01,-0.09,4.95,4.95
-12.728,-0.01,-0.09,4.94,4.94
-12.718,-0.01,-0.09,4.94,4.94
-12.708,-0.01,-0.09,4.94,4.94
-12.698,-0.01,-0.09,4.94,4.94
-12.688,-0.01,-0.09,4.94,4.94
-12.678,-0.01,-0.09,4.94,4.94
-12.668,-0.01,-0.09,4.94,4.95
-12.658,-0.01,-0.09,4.94,4.94
-12.648,-0.01,-0.09,4.94,4.94
-12.638,-0.01,-0.09,4.94,4.94
-12.628,-0.01,-0.09,4.94,4.94
-12.618,-0.01,-0.09,4.94,4.94
-12.608,-0.01,-0.09,4.94,4.94
-12.597,-0.01,-0.09,4.94,4.94
-12.587,-0.01,-0.09,4.94,4.94
-12.578,-0.01,-0.09,4.94,4.94
-12.566,-0.01,-0.09,4.94,4.94
-12.557,-0.01,-0.09,4.94,4.94
-12.547,-0.01,-0.09,4.94,4.94
-12.538,-0.01,-0.09,4.94,4.94
-12.525,-0.01,-0.09,4.94,4.94
-12.518,-0.01,-0.09,4.94,4.94
-12.508,-0.01,-0.09,4.94,4.94
-12.498,-0.01,-0.09,4.94,4.94
-12.488,-0.01,-0.09,4.94,4.94
-12.478,-0.01,-0.09,4.94,4.94
-12.468,-0.01,-0.09,4.94,4.94
-12.458,-0.01,-0.09,4.94,4.94
-12.448,-0.01,-0.09,4.94,4.94
-12.438,-0.01,-0.09,4.94,4.94
-12.428,-0.01,-0.09,4.94,4.94
-12.418,-0.01,-0.09,4.94,4.94
-12.408,-0.01,-0.09,4.94,4.94
-12.398,-0.01,-0.09,4.94,4.94
-12.388,-0.01,-0.09,4.94,4.94
-12.378,-0.01,-0.09,4.94,4.94
-12.368,-0.01,-0.09,4.94,4.94
-12.358,-0.01,-0.09,4.94,4.94
-12.348,-0.01,-0.09,4.94,4.94
-12.338,-0.01,-0.09,4.94,4.94
-12.328,-0.01,-0.09,4.94,4.94
-12.318,-0.01,-0.09,4.94,4.94
-12.308,-0.01,-0.09,4.94,4.94
-12.298,-0.01,-0.09,4.94,4.94
-12.288,-0.01,-0.09,4.94,4.94
-12.278,-0.01,-0.09,4.94,4.94
-12.268,-0.01,-0.09,4.94,4.94
-12.258,-0.01,-0.09,4.94,4.94
-12.248,-0.01,-0.09,4.94,4.94
-12.238,-0.01,-0.09,4.94,4.94
-12.228,-0.01,-0.09,4.94,4.94
-12.218,-0.01,-0.09,4.94,4.94
-12.208,-0.01,-0.09,4.94,4.94
-12.198,-0.01,-0.09,4.94,4.94
-12.188,-0.01,-0.09,4.94,4.94
-12.178,-0.01,-0.09,4.94,4.94
-12.168,-0.01,-0.09,4.94,4.94
-12.158,-0.01,-0.09,4.94,4.94
-12.148,-0.01,-0.09,4.94,4.94
-12.138,-0.01,-0.09,4.94,4.94
-12.128,-0.01,-0.09,4.95,4.95
-12.118,-0.01,-0.09,4.95,4.95
-12.108,-0.01,-0.09,4.94,4.95
-12.098,-0.01,-0.09,4.94,4.94
-12.088,-0.01,-0.09,4.94,4.94
-12.078,-0.01,-0.09,4.94,4.94
-12.068,-0.01,-0.09,4.95,4.95
-12.058,-0.01,-0.09,4.95,4.95
-12.048,-0.01,-0.09,4.94,4.95
-12.038,-0.01,-0.09,4.94,4.94
-12.028,-0.01,-0.09,4.94,4.94
-12.018,-0.01,-0.09,4.94,4.94
-12.008,-0.01,-0.09,4.94,4.94
-11.998,-0.01,-0.09,4.94,4.94
-11.988,-0.01,-0.09,4.94,4.94
-11.978,-0.01,-0.09,4.95,4.95
-11.968,-0.01,-0.09,4.95,4.95
-11.958,-0.01,-0.09,4.94,4.95
-11.948,-0.01,-0.09,4.94,4.94
-11.938,-0.01,-0.09,4.94,4.94
-11.928,-0.01,-0.09,4.94,4.94
-11.918,-0.01,-0.09,4.94,4.94
-11.908,-0.01,-0.09,4.94,4.94
-11.898,-0.01,-0.09,4.94,4.94
-11.888,-0.01,-0.09,4.94,4.95
-11.878,-0.01,-0.09,4.94,4.94
-11.868,-0.01,-0.09,4.94,4.94
-11.858,-0.01,-0.09,4.94,4.94
-11.848,-0.01,-0.09,4.94,4.94
-11.838,-0.01,-0.09,4.94,4.94
-11.828,-0.01,-0.09,4.94,4.94
-11.818,-0.01,-0.09,4.94,4.94
-11.808,-0.01,-0.09,4.95,4.95
-11.798,-0.01,-0.09,4.95,4.95
-11.788,-0.01,-0.09,4.94,4.94
-11.778,-0.01,-0.09,4.94,4.94
-11.768,-0.01,-0.09,4.93,4.93
-11.758,-0.01,-0.09,4.93,4.94
-11.747,-0.01,-0.09,4.94,4.94
-11.738,-0.01,-0.09,4.94,4.94
-11.728,-0.01,-0.09,4.94,4.95
-11.718,-0.01,-0.09,4.94,4.94
-11.708,-0.01,-0.09,4.94,4.94
-11.698,-0.01,-0.09,4.94,4.94
-11.684,-0.01,-0.09,4.94,4.94
-11.678,-0.01,-0.09,4.93,4.94
-11.666,-0.01,-0.09,4.94,4.94
-11.658,-0.01,-0.09,4.94,4.94
-11.648,-0.01,-0.09,4.94,4.94
-11.638,-0.01,-0.09,4.94,4.94
-11.628,-0.01,-0.09,4.94,4.94
-11.618,-0.01,-0.09,4.94,4.94
-11.608,-0.01,-0.09,4.94,4.94
-11.598,-0.01,-0.09,4.94,4.94
-11.588,-0.01,-0.09,4.94,4.94
-11.578,-0.01,-0.09,4.94,4.94
-11.568,-0.01,-0.09,4.94,4.94
-11.558,-0.01,-0.09,4.94,4.94
-11.548,-0.01,-0.09,4.94,4.94
-11.538,-0.01,-0.09,4.94,4.94
-11.528,-0.01,-0.09,4.94,4.94
-11.518,-0.01,-0.09,4.93,4.94
-11.508,-0.01,-0.09,4.93,4.93
-11.498,-0.01,-0.09,4.94,4.94
-11.488,-0.01,-0.09,4.94,4.94
-11.478,-0.01,-0.09,4.94,4.94
-11.468,-0.01,-0.09,4.95,4.95
-11.458,-0.01,-0.09,4.95,4.95
-11.448,-0.01,-0.09,4.94,4.94
-11.438,-0.01,-0.09,4.94,4.94
-11.428,-0.01,-0.09,4.93,4.93
-11.418,-0.01,-0.09,4.94,4.94
-11.408,-0.01,-0.09,4.94,4.94
-11.398,-0.01,-0.09,4.94,4.94
-11.388,-0.01,-0.09,4.94,4.95
-11.378,-0.01,-0.09,4.95,4.95
-11.368,-0.01,-0.09,4.94,4.94
-11.358,-0.01,-0.09,4.94,4.94
-11.348,-0.01,-0.09,4.94,4.94
-11.338,-0.01,-0.09,4.94,4.94
-11.328,-0.01,-0.09,4.94,4.94
-11.318,-0.01,-0.09,4.94,4.94
-11.308,-0.01,-0.09,4.94,4.94
-11.298,-0.01,-0.09,4.94,4.94
-11.288,-0.01,-0.09,4.94,4.94
-11.278,-0.01,-0.09,4.94,4.94
-11.268,-0.01,-0.09,4.94,4.94
-11.258,-0.01,-0.09,4.94,4.94
-11.248,-0.01,-0.09,4.94,4.94
-11.238,-0.01,-0.09,4.94,4.94
-11.228,-0.01,-0.09,4.94,4.94
-11.218,-0.01,-0.09,4.94,4.94
-11.208,-0.01,-0.09,4.94,4.94
-11.198,-0.01,-0.09,4.94,4.94
-11.188,-0.01,-0.09,4.94,4.94
-11.178,-0.01,-0.09,4.94,4.94
-11.168,-0.01,-0.09,4.94,4.94
-11.158,-0.01,-0.09,4.94,4.94
-11.148,-0.01,-0.09,4.93,4.94
-11.138,-0.01,-0.09,4.93,4.94
-11.128,-0.01,-0.09,4.94,4.94
-11.118,-0.01,-0.09,4.94,4.94
-11.108,-0.01,-0.09,4.94,4.94
-11.098,-0.01,-0.09,4.95,4.95
-11.088,-0.01,-0.09,4.95,4.95
-11.078,-0.01,-0.09,4.94,4.94
-11.068,-0.01,-0.09,4.94,4.94
-11.058,-0.01,-0.09,4.94,4.94
-11.048,-0.01,-0.09,4.94,4.94
-11.038,-0.01,-0.09,4.94,4.94
-11.028,-0.01,-0.09,4.94,4.94
-11.018,-0.01,-0.09,4.95,4.95
-11.008,-0.01,-0.09,4.95,4.95
-10.998,-0.01,-0.09,4.95,4.95
-10.988,-0.01,-0.09,4.94,4.94
-10.978,-0.01,-0.09,4.94,4.94
-10.968,-0.01,-0.09,4.94,4.94
-10.958,-0.01,-0.09,4.94,4.94
-10.948,-0.01,-0.09,4.94,4.94
-10.938,-0.01,-0.09,4.94,4.94
-10.928,-0.01,-0.09,4.95,4.95
-10.918,-0.01,-0.09,4.94,4.95
-10.908,-0.01,-0.09,4.94,4.94
-10.898,-0.01,-0.09,4.94,4.94
-10.888,-0.01,-0.09,4.94,4.94
-10.878,-0.01,-0.09,4.94,4.94
-10.868,-0.01,-0.09,4.94,4.94
-10.858,-0.01,-0.09,4.94,4.94
-10.848,-0.01,-0.09,4.94,4.94
-10.838,-0.01,-0.09,4.95,4.95
-10.828,-0.01,-0.09,4.95,4.95
-10.818,-0.01,-0.09,4.95,4.95
-10.808,-0.01,-0.09,4.94,4.94
-10.798,-0.01,-0.09,4.94,4.94
-10.788,-0.01,-0.09,4.94,4.94
-10.778,-0.01,-0.09,4.94,4.94
-10.768,-0.01,-0.09,4.94,4.94
-10.758,-0.01,-0.09,4.95,4.95
-10.748,-0.01,-0.09,4.95,4.95
-10.738,-0.01,-0.09,4.95,4.95
-10.728,-0.01,-0.09,4.95,4.95
-10.718,-0.01,-0.09,4.94,4.94
-10.708,-0.01,-0.09,4.94,4.94
-10.698,-0.01,-0.09,4.94,4.94
-10.688,-0.01,-0.09,4.94,4.94
-10.678,-0.01,-0.09,4.94,4.94
-10.668,-0.01,-0.09,4.95,4.95
-10.658,-0.01,-0.09,4.94,4.94
-10.648,-0.01,-0.09,4.94,4.94
-10.639,-0.01,-0.09,4.94,4.94
-10.628,-0.01,-0.09,4.93,4.93
-10.618,-0.01,-0.09,4.93,4.93
-10.608,-0.01,-0.09,4.93,4.94
-10.598,-0.01,-0.09,4.94,4.94
-10.588,-0.01,-0.09,4.94,4.94
-10.578,-0.01,-0.09,4.94,4.94
-10.568,-0.01,-0.09,4.94,4.94
-10.558,-0.01,-0.09,4.94,4.94
-10.548,-0.01,-0.09,4.94,4.94
-10.538,-0.01,-0.09,4.94,4.94
-10.528,-0.01,-0.09,4.94,4.94
-10.518,-0.01,-0.09,4.94,4.94
-10.508,-0.01,-0.09,4.94,4.94
-10.498,-0.01,-0.09,4.94,4.94
-10.488,-0.01,-0.09,4.94,4.94
-10.478,-0.01,-0.09,4.94,4.94
-10.468,-0.01,-0.09,4.94,4.94
-10.458,-0.01,-0.09,4.94,4.94
-10.448,-0.01,-0.09,4.94,4.94
-10.438,-0.01,-0.09,4.94,4.94
-10.428,-0.01,-0.09,4.94,4.94
-10.418,-0.01,-0.09,4.94,4.94
-10.408,-0.01,-0.09,4.94,4.94
-10.398,-0.01,-0.09,4.94,4.94
-10.388,-0.01,-0.09,4.94,4.94
-10.378,-0.01,-0.09,4.94,4.94
-10.368,-0.01,-0.09,4.94,4.94
-10.358,-0.01,-0.09,4.94,4.94
-10.348,-0.01,-0.09,4.94,4.94
-10.338,-0.01,-0.09,4.94,4.94
-10.328,-0.01,-0.09,4.94,4.94
-10.318,-0.01,-0.09,4.93,4.93
-10.308,-0.01,-0.09,4.93,4.93
-10.298,-0.01,-0.09,4.93,4.93
-10.288,-0.01,-0.09,4.93,4.93
-10.278,-0.01,-0.09,4.93,4.94
-10.268,-0.01,-0.09,4.94,4.94
-10.258,-0.01,-0.09,4.94,4.94
-10.248,-0.01,-0.09,4.93,4.93
-10.238,-0.01,-0.09,4.93,4.93
-10.228,-0.01,-0.09,4.93,4.93
-10.218,-0.01,-0.09,4.93,4.93
-10.208,-0.01,-0.09,4.94,4.94
-10.198,-0.01,-0.09,4.94,4.94
-10.188,-0.01,-0.09,4.94,4.94
-10.178,-0.01,-0.09,4.94,4.94
-10.168,-0.01,-0.09,4.94,4.94
-10.158,-0.01,-0.09,4.93,4.93
-10.148,-0.01,-0.09,4.93,4.93
-10.138,-0.01,-0.09,4.94,4.94
-10.128,-0.01,-0.09,4.94,4.94
-10.118,-0.01,-0.09,4.94,4.94
-10.108,-0.01,-0.09,4.94,4.94
-10.098,-0.01,-0.09,4.94,4.94
-10.088,-0.01,-0.09,4.94,4.94
-10.078,-0.01,-0.09,4.94,4.94
-10.068,-0.01,-0.09,4.94,4.94
-10.058,-0.01,-0.09,4.94,4.94
-10.048,-0.01,-0.09,4.94,4.94
-10.038,-0.01,-0.09,4.94,4.94
-10.028,-0.01,-0.09,4.94,4.95
-10.018,-0.01,-0.09,4.94,4.94
-10.008,-0.01,-0.09,4.94,4.94
-9.998,-0.01,-0.09,4.93,4.93
-9.988,-0.01,-0.09,4.93,4.93
-9.978,-0.01,-0.09,4.93,4.93
-9.968,-0.01,-0.09,4.93,4.94
-9.958,-0.01,-0.09,4.94,4.94
-9.948,-0.01,-0.09,4.94,4.94
-9.938,-0.01,-0.09,4.95,4.95
-9.928,-0.01,-0.09,4.94,4.94
-9.918,-0.01,-0.09,4.94,4.94
-9.908,-0.01,-0.09,4.94,4.94
-9.898,-0.01,-0.09,4.94,4.94
-9.888,-0.01,-0.09,4.94,4.94
-9.878,-0.01,-0.09,4.94,4.94
-9.868,-0.01,-0.09,4.94,4.94
-9.858,-0.01,-0.09,4.94,4.94
-9.848,-0.01,-0.09,4.94,4.94
-9.838,-0.01,-0.09,4.94,4.94
-9.828,-0.01,-0.09,4.93,4.94
-9.818,-0.01,-0.09,4.93,4.93
-9.808,-0.01,-0.09,4.94,4.94
-9.798,-0.01,-0.09,4.94,4.94
-9.788,-0.01,-0.09,4.94,4.94
-9.778,-0.01,-0.09,4.94,4.94
-9.768,-0.01,-0.09,4.94,4.94
-9.758,-0.01,-0.09,4.94,4.94
-9.748,-0.01,-0.09,4.94,4.94
-9.738,-0.01,-0.09,4.94,4.94
-9.728,-0.01,-0.09,4.94,4.94
-9.718,-0.01,-0.09,4.94,4.94
-9.708,-0.01,-0.09,4.94,4.94
-9.698,-0.01,-0.09,4.94,4.94
-9.688,-0.01,-0.09,4.94,4.94
-9.678,-0.01,-0.09,4.94,4.94
-9.668,-0.01,-0.09,4.94,4.94
-9.658,-0.01,-0.09,4.94,4.94
-9.648,-0.01,-0.09,4.94,4.94
-9.638,-0.01,-0.09,4.94,4.94
-9.628,-0.01,-0.09,4.94,4.94
-9.618,-0.01,-0.09,4.94,4.94
-9.608,-0.01,-0.09,4.94,4.95
-9.598,-0.01,-0.09,4.95,4.95
-9.588,-0.01,-0.09,4.94,4.94
-9.578,-0.01,-0.09,4.94,4.94
-9.568,-0.01,-0.09,4.94,4.94
-9.558,-0.01,-0.09,4.94,4.94
-9.548,-0.01,-0.09,4.94,4.94
-9.538,-0.01,-0.09,4.94,4.94
-9.528,-0.01,-0.09,4.94,4.94
-9.518,-0.01,-0.09,4.94,4.94
-9.508,-0.01,-0.09,4.94,4.94
-9.498,-0.01,-0.09,4.94,4.94
-9.488,-0.01,-0.09,4.94,4.94
-9.478,-0.01,-0.09,4.94,4.94
-9.468,-0.01,-0.09,4.95,4.95
-9.458,-0.01,-0.09,4.94,4.95
-9.448,-0.01,-0.09,4.94,4.94
-9.438,-0.01,-0.09,4.94,4.94
-9.428,-0.01,-0.09,4.94,4.94
-9.418,-0.01,-0.09,4.94,4.94
-9.408,-0.01,-0.09,4.94,4.94
-9.398,-0.01,-0.09,4.94,4.94
-9.388,-0.01,-0.09,4.94,4.94
-9.378,-0.01,-0.09,4.94,4.94
-9.368,-0.01,-0.09,4.93,4.94
-9.358,-0.01,-0.09,4.93,4.94
-9.348,-0.01,-0.09,4.93,4.93
-9.338,-0.01,-0.09,4.93,4.94
-9.328,-0.01,-0.09,4.94,4.94
-9.318,-0.01,-0.09,4.94,4.94
-9.308,-0.01,-0.09,4.94,4.94
-9.298,-0.01,-0.09,4.94,4.94
-9.288,-0.01,-0.09,4.94,4.94
-9.278,-0.01,-0.09,4.94,4.94
-9.268,-0.01,-0.09,4.94,4.94
-9.258,-0.01,-0.09,4.94,4.94
-9.248,-0.01,-0.09,4.94,4.94
-9.238,-0.01,-0.09,4.94,4.94
-9.228,-0.01,-0.09,4.94,4.94
-9.218,-0.01,-0.09,4.94,4.94
-9.208,-0.01,-0.09,4.94,4.94
-9.198,-0.01,-0.09,4.94,4.94
-9.188,-0.01,-0.09,4.94,4.94
-9.178,-0.01,-0.09,4.94,4.94
-9.168,-0.01,-0.09,4.94,4.94
-9.158,-0.01,-0.09,4.94,4.94
-9.148,-0.01,-0.09,4.94,4.94
-9.138,-0.01,-0.09,4.94,4.94
-9.128,-0.01,-0.09,4.94,4.94
-9.118,-0.01,-0.09,4.94,4.94
-9.108,-0.01,-0.09,4.94,4.94
-9.098,-0.01,-0.09,4.94,4.94
-9.088,-0.01,-0.09,4.94,4.94
-9.078,-0.01,-0.09,4.94,4.94
-9.068,-0.01,-0.09,4.94,4.94
-9.058,-0.01,-0.09,4.94,4.94
-9.048,-0.01,-0.09,4.94,4.94
-9.038,-0.01,-0.09,4.94,4.94
-9.028,-0.01,-0.09,4.94,4.94
-9.018,-0.01,-0.09,4.94,4.94
-9.008,-0.01,-0.09,4.94,4.94
-8.998,-0.01,-0.09,4.94,4.94
-8.988,-0.01,-0.09,4.94,4.94
-8.978,-0.01,-0.09,4.94,4.94
-8.968,-0.01,-0.09,4.94,4.94
-8.958,-0.01,-0.09,4.94,4.94
-8.948,-0.01,-0.09,4.94,4.94
-8.938,-0.01,-0.09,4.94,4.94
-8.928,-0.01,-0.09,4.94,4.94
-8.918,-0.01,-0.09,4.94,4.94
-8.908,-0.01,-0.09,4.94,4.94
-8.898,-0.01,-0.09,4.94,4.94
-8.888,-0.01,-0.09,4.94,4.94
-8.878,-0.01,-0.09,4.94,4.94
-8.868,-0.01,-0.09,4.94,4.94
-8.858,-0.01,-0.09,4.94,4.94
-8.848,-0.01,-0.09,4.94,4.94
-8.838,-0.01,-0.09,4.94,4.94
-8.828,-0.01,-0.09,4.94,4.94
-8.818,-0.01,-0.09,4.94,4.94
-8.808,-0.01,-0.09,4.94,4.94
-8.798,-0.01,-0.09,4.94,4.94
-8.788,-0.01,-0.09,4.94,4.94
-8.778,-0.01,-0.09,4.94,4.94
-8.768,-0.01,-0.09,4.94,4.94
-8.758,-0.01,-0.09,4.94,4.94
-8.748,-0.01,-0.09,4.94,4.94
-8.738,-0.01,-0.09,4.94,4.94
-8.728,-0.01,-0.09,4.94,4.94
-8.718,-0.01,-0.09,4.94,4.94
-8.708,-0.01,-0.09,4.94,4.94
-8.698,-0.01,-0.09,4.94,4.94
-8.688,-0.01,-0.09,4.94,4.94
-8.678,-0.01,-0.09,4.94,4.94
-8.668,-0.01,-0.09,4.94,4.94
-8.658,-0.01,-0.09,4.94,4.94
-8.648,-0.01,-0.09,4.95,4.95
-8.638,-0.01,-0.09,4.94,4.94
-8.628,-0.01,-0.09,4.94,4.94
-8.618,-0.01,-0.09,4.94,4.94
-8.608,-0.01,-0.09,4.93,4.94
-8.598,-0.01,-0.09,4.94,4.94
-8.588,-0.01,-0.09,4.94,4.94
-8.578,-0.01,-0.09,4.94,4.94
-8.568,-0.01,-0.09,4.94,4.94
-8.558,-0.01,-0.09,4.94,4.94
-8.548,-0.01,-0.09,4.94,4.94
-8.538,-0.01,-0.09,4.93,4.93
-8.528,-0.01,-0.09,4.93,4.93
-8.518,-0.01,-0.09,4.93,4.93
-8.508,-0.01,-0.09,4.94,4.94
-8.498,-0.01,-0.09,4.94,4.94
-8.488,-0.01,-0.09,4.95,4.95
-8.478,-0.01,-0.09,4.95,4.95
-8.468,-0.01,-0.09,4.94,4.94
-8.458,-0.01,-0.09,4.94,4.94
-8.448,-0.01,-0.09,4.93,4.93
-8.438,-0.01,-0.09,4.93,4.94
-8.428,-0.01,-0.09,4.94,4.94
-8.418,-0.01,-0.09,4.94,4.94
-8.408,-0.01,-0.09,4.94,4.94
-8.398,-0.01,-0.09,4.94,4.94
-8.388,-0.01,-0.09,4.94,4.94
-8.378,-0.01,-0.09,4.94,4.94
-8.368,-0.01,-0.09,4.93,4.93
-8.358,-0.01,-0.09,4.93,4.93
-8.348,-0.01,-0.09,4.93,4.94
-8.338,-0.01,-0.09,4.94,4.94
-8.328,-0.01,-0.09,4.94,4.94
-8.318,-0.01,-0.09,4.94,4.94
-8.308,-0.01,-0.09,4.94,4.94
-8.298,-0.01,-0.09,4.94,4.94
-8.288,-0.01,-0.09,4.93,4.93
-8.278,-0.01,-0.09,4.93,4.93
-8.268,-0.01,-0.09,4.93,4.94
-8.258,-0.01,-0.09,4.94,4.94
-8.248,-0.01,-0.09,4.94,4.94
-8.238,-0.01,-0.09,4.94,4.94
-8.228,-0.01,-0.09,4.94,4.94
-8.218,-0.01,-0.09,4.94,4.94
-8.208,-0.01,-0.09,4.94,4.94
-8.198,-0.01,-0.09,4.94,4.94
-8.188,-0.01,-0.09,4.94,4.94
-8.178,-0.01,-0.09,4.94,4.94
-8.168,-0.01,-0.09,4.94,4.94
-8.158,-0.01,-0.09,4.94,4.95
-8.148,-0.01,-0.09,4.94,4.94
-8.138,-0.01,-0.09,4.94,4.94
-8.128,-0.01,-0.09,4.94,4.94
-8.118,-0.01,-0.09,4.94,4.94
-8.108,-0.01,-0.09,4.94,4.94
-8.098,-0.01,-0.09,4.94,4.94
-8.088,-0.01,-0.09,4.94,4.94
-8.078,-0.01,-0.09,4.94,4.94
-8.068,-0.01,-0.09,4.94,4.94
-8.058,-0.01,-0.09,4.94,4.94
-8.048,-0.01,-0.09,4.94,4.94
-8.038,-0.01,-0.09,4.94,4.94
-8.028,-0.01,-0.09,4.94,4.94
-8.018,-0.01,-0.09,4.94,4.94
-8.008,-0.01,-0.09,4.95,4.95
-7.998,-0.01,-0.09,4.94,4.95
-7.988,-0.01,-0.09,4.94,4.94
-7.978,-0.01,-0.09,4.94,4.94
-7.968,-0.01,-0.09,4.94,4.94
-7.958,-0.01,-0.09,4.94,4.94
-7.948,-0.01,-0.09,4.94,4.94
-7.938,-0.01,-0.09,4.94,4.94
-7.928,-0.01,-0.09,4.94,4.94
-7.918,-0.01,-0.09,4.94,4.94
-7.908,-0.01,-0.09,4.94,4.94
-7.898,-0.01,-0.09,4.94,4.94
-7.888,-0.01,-0.09,4.94,4.94
-7.878,-0.01,-0.09,4.94,4.94
-7.868,-0.01,-0.09,4.95,4.95
-7.858,-0.01,-0.09,4.95,4.95
-7.848,-0.01,-0.09,4.95,4.95
-7.838,-0.01,-0.09,4.95,4.95
-7.828,-0.01,-0.09,4.95,4.95
-7.818,-0.01,-0.09,4.94,4.95
-7.808,-0.01,-0.09,4.95,4.95
-7.798,-0.01,-0.09,4.95,4.95
-7.788,-0.01,-0.09,4.95,4.95
-7.778,-0.01,-0.09,4.95,4.95
-7.768,-0.01,-0.09,4.94,4.94
-7.758,-0.01,-0.09,4.94,4.94
-7.748,-0.01,-0.09,4.94,4.94
-7.738,-0.01,-0.09,4.94,4.94
-7.728,-0.01,-0.09,4.94,4.94
-7.718,-0.01,-0.09,4.94,4.94
-7.708,-0.01,-0.09,4.94,4.95
-7.698,-0.01,-0.09,4.94,4.94
-7.688,-0.01,-0.09,4.94,4.94
-7.678,-0.01,-0.09,4.94,4.94
-7.668,-0.01,-0.09,4.94,4.94
-7.658,-0.01,-0.09,4.94,4.94
-7.648,-0.01,-0.09,4.94,4.94
-7.638,-0.01,-0.09,4.94,4.94
-7.628,-0.01,-0.09,4.94,4.94
-7.618,-0.01,-0.09,4.94,4.95
-7.608,-0.01,-0.09,4.94,4.94
-7.598,-0.01,-0.09,4.94,4.94
-7.588,-0.01,-0.09,4.94,4.94
-7.578,-0.01,-0.09,4.94,4.94
-7.568,-0.01,-0.09,4.94,4.94
-7.558,-0.01,-0.09,4.94,4.94
-7.548,-0.01,-0.09,4.95,4.95
-7.538,-0.01,-0.09,4.95,4.95
-7.528,-0.01,-0.09,4.95,4.95
-7.518,-0.01,-0.09,4.94,4.94
-7.508,-0.01,-0.09,4.94,4.94
-7.498,-0.01,-0.09,4.94,4.94
-7.488,-0.01,-0.09,4.94,4.94
-7.478,-0.01,-0.09,4.94,4.94
-7.468,-0.01,-0.09,4.94,4.94
-7.458,-0.01,-0.09,4.94,4.94
-7.448,-0.01,-0.09,4.94,4.94
-7.438,-0.01,-0.09,4.94,4.94
-7.428,-0.01,-0.09,4.94,4.94
-7.418,-0.01,-0.09,4.94,4.94
-7.408,-0.01,-0.09,4.94,4.94
-7.398,-0.01,-0.09,4.94,4.94
-7.388,-0.01,-0.09,4.94,4.94
-7.378,-0.01,-0.09,4.94,4.94
-7.368,-0.01,-0.09,4.94,4.94
-7.358,-0.01,-0.09,4.94,4.94
-7.348,-0.01,-0.09,4.94,4.94
-7.338,-0.01,-0.09,4.94,4.94
-7.328,-0.01,-0.09,4.94,4.94
-7.318,-0.01,-0.09,4.94,4.94
-7.308,-0.01,-0.09,4.94,4.94
-7.298,-0.01,-0.09,4.94,4.94
-7.288,-0.01,-0.09,4.94,4.94
-7.278,-0.01,-0.09,4.94,4.94
-7.268,-0.01,-0.09,4.94,4.94
-7.258,-0.01,-0.09,4.94,4.94
-7.248,-0.01,-0.09,4.94,4.94
-7.238,-0.01,-0.09,4.94,4.94
-7.228,-0.01,-0.09,4.94,4.94
-7.218,-0.01,-0.09,4.94,4.94
-7.208,-0.01,-0.09,4.94,4.94
-7.198,-0.01,-0.09,4.95,4.95
-7.188,-0.01,-0.09,4.95,4.95
-7.178,-0.01,-0.09,4.94,4.95
-7.168,-0.01,-0.09,4.94,4.95
-7.158,-0.01,-0.09,4.94,4.94
-7.148,-0.01,-0.09,4.94,4.94
-7.138,-0.01,-0.09,4.94,4.94
-7.128,-0.01,-0.09,4.94,4.94
-7.118,-0.01,-0.09,4.94,4.94
-7.108,-0.01,-0.09,4.94,4.94
-7.098,-0.01,-0.09,4.94,4.94
-7.088,-0.01,-0.09,4.94,4.94
-7.078,-0.01,-0.09,4.94,4.94
-7.068,-0.01,-0.09,4.94,4.94
-7.058,-0.01,-0.09,4.94,4.94
-7.048,-0.01,-0.09,4.94,4.94
-7.038,-0.01,-0.09,4.93,4.94
-7.028,-0.01,-0.09,4.93,4.94
-7.018,-0.01,-0.09,4.94,4.94
-7.008,-0.01,-0.09,4.94,4.94
-6.998,-0.01,-0.09,4.94,4.94
-6.988,-0.01,-0.09,4.94,4.94
-6.978,-0.01,-0.09,4.94,4.94
-6.968,-0.01,-0.09,4.94,4.94
-6.958,-0.01,-0.09,4.94,4.94
-6.948,-0.01,-0.09,4.94,4.94
-6.938,-0.01,-0.09,4.94,4.94
-6.928,-0.01,-0.09,4.94,4.94
-6.918,-0.01,-0.09,4.94,4.94
-6.908,-0.01,-0.09,4.94,4.94
-6.898,-0.01,-0.09,4.94,4.94
-6.888,-0.01,-0.09,4.94,4.94
-6.878,-0.01,-0.09,4.94,4.94
-6.868,-0.01,-0.09,4.94,4.94
-6.858,-0.01,-0.09,4.94,4.94
-6.848,-0.01,-0.09,4.94,4.94
-6.838,-0.01,-0.09,4.94,4.94
-6.828,-0.01,-0.09,4.94,4.94
-6.818,-0.01,-0.09,4.94,4.94
-6.808,-0.01,-0.09,4.94,4.94
-6.798,-0.01,-0.09,4.94,4.94
-6.788,-0.01,-0.09,4.94,4.94
-6.778,-0.01,-0.09,4.94,4.94
-6.768,-0.01,-0.09,4.94,4.94
-6.758,-0.01,-0.09,4.94,4.94
-6.748,-0.01,-0.09,4.93,4.93
-6.738,-0.01,-0.09,4.93,4.93
-6.728,-0.01,-0.09,4.93,4.94
-6.718,-0.01,-0.09,4.93,4.93
-6.708,-0.01,-0.09,4.94,4.94
-6.698,-0.01,-0.09,4.94,4.94
-6.688,-0.01,-0.09,4.94,4.94
-6.678,-0.01,-0.09,4.94,4.94
-6.668,-0.01,-0.09,4.94,4.94
-6.658,-0.01,-0.09,4.94,4.94
-6.648,-0.01,-0.09,4.94,4.94
-6.638,-0.01,-0.09,4.94,4.94
-6.628,-0.01,-0.09,4.94,4.94
-6.618,-0.01,-0.09,4.94,4.94
-6.608,-0.01,-0.09,4.94,4.94
-6.598,-0.01,-0.09,4.94,4.94
-6.588,-0.01,-0.09,4.93,4.94
-6.578,-0.01,-0.09,4.93,4.93
-6.568,-0.01,-0.09,4.93,4.93
-6.558,-0.01,-0.09,4.93,4.93
-6.548,-0.01,-0.09,4.94,4.94
-6.538,-0.01,-0.09,4.94,4.94
-6.528,-0.01,-0.09,4.95,4.95
-6.518,-0.01,-0.09,4.95,4.95
-6.508,-0.01,-0.09,4.94,4.94
-6.498,-0.01,-0.09,4.94,4.94
-6.488,-0.01,-0.09,4.93,4.93
-6.478,-0.01,-0.09,4.93,4.93
-6.468,-0.01,-0.09,4.94,4.94
-6.458,-0.01,-0.09,4.94,4.94
-6.448,-0.01,-0.09,4.94,4.94
-6.438,-0.01,-0.09,4.94,4.94
-6.428,-0.01,-0.09,4.94,4.94
-6.418,-0.01,-0.09,4.93,4.94
-6.408,-0.01,-0.09,4.93,4.93
-6.398,-0.01,-0.09,4.93,4.93
-6.388,-0.01,-0.09,4.93,4.94
-6.378,-0.01,-0.09,4.94,4.94
-6.368,-0.01,-0.09,4.94,4.94
-6.358,-0.01,-0.09,4.94,4.94
-6.348,-0.01,-0.09,4.94,4.94
-6.338,-0.01,-0.09,4.94,4.94
-6.328,-0.01,-0.09,4.94,4.94
-6.318,-0.01,-0.09,4.93,4.93
-6.308,-0.01,-0.09,4.93,4.93
-6.298,-0.01,-0.09,4.93,4.94
-6.288,-0.01,-0.09,4.94,4.94
-6.278,-0.01,-0.09,4.94,4.94
-6.268,-0.01,-0.09,4.94,4.94
-6.258,-0.01,-0.09,4.94,4.94
-6.248,-0.01,-0.09,4.94,4.94
-6.238,-0.01,-0.09,4.94,4.94
-6.228,-0.01,-0.09,4.94,4.94
-6.218,-0.01,-0.09,4.94,4.94
-6.208,-0.01,-0.09,4.94,4.94
-6.198,-0.01,-0.09,4.94,4.94
-6.188,-0.01,-0.09,4.94,4.94
-6.178,-0.01,-0.09,4.94,4.94
-6.168,-0.01,-0.09,4.94,4.94
-6.158,-0.01,-0.09,4.94,4.94
-6.148,-0.01,-0.09,4.94,4.94
-6.138,-0.01,-0.09,4.94,4.94
-6.128,-0.01,-0.09,4.94,4.94
-6.118,-0.01,-0.09,4.93,4.93
-6.108,-0.01,-0.09,4.93,4.93
-6.098,-0.01,-0.09,4.93,4.93
-6.088,-0.01,-0.09,4.94,4.94
-6.078,-0.01,-0.09,4.94,4.94
-6.068,-0.01,-0.09,4.94,4.95
-6.058,-0.01,-0.09,4.94,4.94
-6.048,-0.01,-0.09,4.94,4.94
-6.038,-0.01,-0.09,4.93,4.93
-6.028,-0.01,-0.09,4.93,4.93
-6.018,-0.01,-0.09,4.94,4.94
-6.008,-0.01,-0.09,4.94,4.94
-5.998,-0.01,-0.09,4.94,4.94
-5.988,-0.01,-0.09,4.94,4.94
-5.978,-0.01,-0.09,4.94,4.94
-5.968,-0.01,-0.09,4.94,4.94
-5.958,-0.01,-0.09,4.93,4.93
-5.948,-0.01,-0.09,4.93,4.93
-5.938,-0.01,-0.09,4.93,4.93
-5.928,-0.01,-0.09,4.94,4.94
-5.918,-0.01,-0.09,4.94,4.94
-5.908,-0.01,-0.09,4.94,4.94
-5.898,-0.01,-0.09,4.94,4.94
-5.888,-0.01,-0.09,4.94,4.94
-5.878,-0.01,-0.09,4.93,4.93
-5.868,-0.01,-0.09,4.93,4.93
-5.858,-0.01,-0.09,4.94,4.94
-5.848,-0.01,-0.09,4.94,4.94
-5.838,-0.01,-0.09,4.94,4.95
-5.828,-0.01,-0.09,4.94,4.94
-5.818,-0.01,-0.09,4.94,4.94
-5.808,-0.01,-0.09,4.93,4.94
-5.798,-0.01,-0.09,4.93,4.93
-5.788,-0.01,-0.09,4.93,4.93
-5.778,-0.01,-0.09,4.93,4.93
-5.768,-0.01,-0.09,4.93,4.93
-5.758,-0.01,-0.09,4.94,4.94
-5.748,-0.01,-0.09,4.94,4.94
-5.738,-0.01,-0.09,4.94,4.94
-5.728,-0.01,-0.09,4.94,4.94
-5.718,-0.01,-0.09,4.93,4.93
-5.708,-0.01,-0.09,4.93,4.93
-5.698,-0.01,-0.09,4.93,4.93
-5.688,-0.01,-0.09,4.94,4.94
-5.678,-0.01,-0.09,4.94,4.94
-5.668,-0.01,-0.09,4.94,4.94
-5.658,-0.01,-0.09,4.94,4.94
-5.648,-0.01,-0.09,4.94,4.94
-5.638,-0.01,-0.09,4.93,4.93
-5.628,-0.01,-0.09,4.93,4.93
-5.618,-0.01,-0.09,4.93,4.93
-5.608,-0.01,-0.09,4.93,4.94
-5.598,-0.01,-0.09,4.94,4.94
-5.588,-0.01,-0.09,4.94,4.94
-5.578,-0.01,-0.09,4.94,4.94
-5.568,-0.01,-0.09,4.93,4.94
-5.558,-0.01,-0.09,4.94,4.94
-5.548,-0.01,-0.09,4.94,4.94
-5.538,-0.01,-0.09,4.94,4.94
-5.528,-0.01,-0.09,4.94,4.94
-5.518,-0.01,-0.09,4.94,4.94
-5.508,-0.01,-0.09,4.94,4.94
-5.498,-0.01,-0.09,4.93,4.94
-5.488,-0.01,-0.09,4.93,4.94
-5.478,-0.01,-0.09,4.93,4.94
-5.468,-0.01,-0.09,4.94,4.94
-5.458,-0.01,-0.09,4.94,4.94
-5.448,-0.01,-0.09,4.94,4.94
-5.438,-0.01,-0.09,4.94,4.94
-5.428,-0.01,-0.09,4.94,4.94
-5.418,-0.01,-0.09,4.94,4.94
-5.408,-0.01,-0.09,4.94,4.94
-5.398,-0.01,-0.09,4.94,4.94
-5.388,-0.01,-0.09,4.94,4.94
-5.378,-0.01,-0.09,4.94,4.94
-5.368,-0.01,-0.09,4.94,4.94
-5.358,-0.01,-0.09,4.94,4.94
-5.348,-0.01,-0.09,4.93,4.94
-5.338,-0.01,-0.09,4.93,4.94
-5.328,-0.01,-0.09,4.93,4.94
-5.318,-0.01,-0.09,4.93,4.94
-5.308,-0.01,-0.09,4.93,4.93
-5.298,-0.01,-0.09,4.94,4.94
-5.288,-0.01,-0.09,4.94,4.94
-5.278,-0.01,-0.09,4.94,4.94
-5.268,-0.01,-0.09,4.93,4.93
-5.258,-0.01,-0.09,4.93,4.94
-5.248,-0.01,-0.09,4.93,4.94
-5.238,-0.01,-0.09,4.94,4.94
-5.228,-0.01,-0.09,4.94,4.94
-5.218,-0.01,-0.09,4.94,4.94
-5.208,-0.01,-0.09,4.95,4.95
-5.198,-0.01,-0.09,4.95,4.95
-5.188,-0.01,-0.09,4.94,4.94
-5.178,-0.01,-0.09,4.94,4.94
-5.168,-0.01,-0.09,4.93,4.94
-5.158,-0.01,-0.09,4.94,4.94
-5.148,-0.01,-0.09,4.94,4.94
-5.138,-0.01,-0.09,4.94,4.94
-5.128,-0.01,-0.09,4.94,4.94
-5.118,-0.01,-0.09,4.94,4.94
-5.108,-0.01,-0.09,4.94,4.94
-5.098,-0.01,-0.09,4.94,4.94
-5.088,-0.01,-0.09,4.94,4.94
-5.078,-0.01,-0.09,4.93,4.94
-5.068,-0.01,-0.09,4.94,4.94
-5.058,-0.01,-0.09,4.94,4.94
-5.048,-0.01,-0.09,4.94,4.94
-5.038,-0.01,-0.09,4.94,4.94
-5.028,-0.01,-0.09,4.94,4.94
-5.018,-0.01,-0.09,4.94,4.94
-5.008,-0.01,-0.09,4.94,4.94
-4.998,-0.01,-0.09,4.94,4.94
-4.988,-0.01,-0.09,4.94,4.94
-4.978,-0.01,-0.09,4.94,4.94
-4.968,-0.01,-0.09,4.94,4.94
-4.958,-0.01,-0.09,4.94,4.94
-4.948,-0.01,-0.09,4.94,4.94
-4.938,-0.01,-0.09,4.94,4.94
-4.928,-0.01,-0.09,4.94,4.94
-4.918,-0.01,-0.09,4.94,4.94
-4.908,-0.01,-0.09,4.94,4.94
-4.898,-0.01,-0.09,4.94,4.94
-4.888,-0.01,-0.09,4.94,4.94
-4.878,-0.01,-0.09,4.94,4.94
-4.868,-0.01,-0.09,4.94,4.94
-4.858,-0.01,-0.09,4.94,4.94
-4.848,-0.01,-0.09,4.94,4.94
-4.838,-0.01,-0.09,4.94,4.94
-4.828,-0.01,-0.09,4.94,4.94
-4.818,-0.01,-0.09,4.94,4.94
-4.808,-0.01,-0.09,4.94,4.94
-4.798,-0.01,-0.09,4.94,4.94
-4.788,-0.01,-0.09,4.94,4.94
-4.778,-0.01,-0.09,4.94,4.94
-4.768,-0.01,-0.09,4.94,4.94
-4.758,-0.01,-0.09,4.94,4.94
-4.748,-0.01,-0.09,4.93,4.94
-4.738,-0.01,-0.09,4.94,4.94
-4.728,-0.01,-0.09,4.94,4.94
-4.718,-0.01,-0.09,4.94,4.94
-4.708,-0.01,-0.09,4.94,4.94
-4.698,-0.01,-0.09,4.94,4.94
-4.688,-0.01,-0.09,4.94,4.94
-4.678,-0.01,-0.09,4.94,4.94
-4.668,-0.01,-0.09,4.94,4.94
-4.658,-0.01,-0.09,4.93,4.94
-4.648,-0.01,-0.09,4.94,4.94
-4.638,-0.01,-0.09,4.94,4.94
-4.628,-0.01,-0.09,4.94,4.94
-4.618,-0.01,-0.09,4.94,4.94
-4.608,-0.01,-0.09,4.94,4.94
-4.598,-0.01,-0.09,4.94,4.94
-4.588,-0.01,-0.09,4.94,4.94
-4.578,-0.01,-0.09,4.94,4.94
-4.568,-0.01,-0.09,4.94,4.94
-4.558,-0.01,-0.09,4.94,4.94
-4.548,-0.01,-0.09,4.94,4.94
-4.538,-0.01,-0.09,4.94,4.94
-4.528,-0.01,-0.09,4.94,4.94
-4.518,-0.01,-0.09,4.94,4.94
-4.508,-0.01,-0.09,4.94,4.94
-4.498,-0.01,-0.09,4.94,4.94
-4.488,-0.01,-0.09,4.94,4.94
-4.478,-0.01,-0.09,4.93,4.94
-4.468,-0.01,-0.09,4.93,4.93
-4.458,-0.01,-0.09,4.93,4.93
-4.448,-0.01,-0.09,4.93,4.93
-4.438,-0.01,-0.09,4.93,4.94
-4.428,-0.01,-0.09,4.93,4.94
-4.418,-0.01,-0.09,4.94,4.94
-4.408,-0.01,-0.09,4.94,4.94
-4.398,-0.01,-0.09,4.94,4.94
-4.388,-0.01,-0.09,4.94,4.94
-4.378,-0.01,-0.09,4.93,4.94
-4.368,-0.01,-0.09,4.94,4.94
-4.358,-0.01,-0.09,4.94,4.94
-4.348,-0.01,-0.09,4.94,4.94
-4.338,-0.01,-0.09,4.94,4.94
-4.328,-0.01,-0.09,4.94,4.94
-4.318,-0.01,-0.09,4.93,4.94
-4.308,-0.01,-0.09,4.93,4.93
-4.298,-0.01,-0.09,4.93,4.93
-4.288,-0.01,-0.09,4.93,4.94
-4.278,-0.01,-0.09,4.94,4.94
-4.268,-0.01,-0.09,4.94,4.94
-4.258,-0.01,-0.09,4.94,4.94
-4.248,-0.01,-0.09,4.94,4.94
-4.238,-0.01,-0.09,4.94,4.94
-4.228,-0.01,-0.09,4.94,4.94
-4.218,-0.01,-0.09,4.94,4.94
-4.208,-0.01,-0.09,4.94,4.94
-4.198,-0.01,-0.09,4.94,4.94
-4.188,-0.01,-0.09,4.94,4.94
-4.178,-0.01,-0.09,4.94,4.94
-4.168,-0.01,-0.09,4.94,4.94
-4.158,-0.01,-0.09,4.94,4.94
-4.148,-0.01,-0.09,4.94,4.94
-4.138,-0.01,-0.09,4.94,4.94
-4.128,-0.01,-0.09,4.94,4.94
-4.118,-0.01,-0.09,4.94,4.94
-4.108,-0.01,-0.09,4.94,4.94
-4.098,-0.01,-0.09,4.94,4.94
-4.088,-0.01,-0.09,4.94,4.94
-4.078,-0.01,-0.09,4.94,4.94
-4.068,-0.01,-0.09,4.94,4.94
-4.058,-0.01,-0.09,4.94,4.94
-4.048,-0.01,-0.09,4.94,4.94
-4.038,-0.01,-0.09,4.94,4.94
-4.028,-0.01,-0.09,4.94,4.94
-4.018,-0.01,-0.09,4.94,4.94
-4.008,-0.01,-0.09,4.94,4.94
-3.998,-0.01,-0.09,4.94,4.94
-3.988,-0.01,-0.09,4.94,4.94
-3.978,-0.01,-0.09,4.94,4.94
-3.968,-0.01,-0.09,4.94,4.94
-3.958,-0.01,-0.09,4.94,4.94
-3.948,-0.01,-0.09,4.94,4.94
-3.938,-0.01,-0.09,4.95,4.95
-3.928,-0.01,-0.09,4.95,4.95
-3.918,-0.01,-0.09,4.95,4.95
-3.908,-0.01,-0.09,4.94,4.94
-3.898,-0.01,-0.09,4.94,4.94
-3.888,-0.01,-0.09,4.94,4.94
-3.878,-0.01,-0.09,4.93,4.93
-3.868,-0.01,-0.09,4.94,4.94
-3.858,-0.01,-0.09,4.94,4.94
-3.848,-0.01,-0.09,4.95,4.95
-3.838,-0.01,-0.09,4.95,4.95
-3.828,-0.01,-0.09,4.95,4.95
-3.818,-0.01,-0.09,4.94,4.94
-3.808,-0.01,-0.09,4.93,4.93
-3.798,-0.01,-0.09,4.92,4.92
-3.788,-0.01,-0.09,4.92,4.92
-3.778,-0.01,-0.09,4.93,4.93
-3.768,-0.01,-0.09,4.94,4.94
-3.758,-0.01,-0.09,4.95,4.95
-3.748,-0.01,-0.09,4.96,4.96
-3.738,-0.01,-0.09,4.95,4.96
-3.728,-0.01,-0.09,4.95,4.95
-3.718,-0.01,-0.09,4.94,4.94
-3.708,-0.01,-0.09,4.93,4.93
-3.698,-0.01,-0.09,4.93,4.93
-3.688,-0.01,-0.09,4.93,4.93
-3.678,-0.01,-0.09,4.94,4.94
-3.668,-0.01,-0.09,4.94,4.94
-3.658,-0.01,-0.09,4.95,4.95
-3.648,-0.01,-0.09,4.95,4.95
-3.638,-0.01,-0.09,4.94,4.95
-3.628,-0.01,-0.09,4.94,4.94
-3.618,-0.01,-0.09,4.93,4.93
-3.608,-0.01,-0.09,4.93,4.93
-3.598,-0.01,-0.09,4.93,4.93
-3.588,-0.01,-0.09,4.93,4.93
-3.578,-0.01,-0.09,4.94,4.94
-3.568,-0.01,-0.09,4.94,4.95
-3.558,-0.01,-0.09,4.95,4.95
-3.548,-0.01,-0.09,4.95,4.95
-3.538,-0.01,-0.09,4.94,4.94
-3.528,-0.01,-0.09,4.94,4.94
-3.518,-0.01,-0.09,4.93,4.93
-3.508,-0.01,-0.09,4.93,4.93
-3.498,-0.01,-0.09,4.93,4.93
-3.488,-0.01,-0.09,4.94,4.94
-3.478,-0.01,-0.09,4.94,4.94
-3.468,-0.01,-0.09,4.94,4.94
-3.458,-0.01,-0.09,4.94,4.94
-3.448,-0.01,-0.09,4.94,4.94
-3.438,-0.01,-0.09,4.93,4.94
-3.428,-0.01,-0.09,4.94,4.94
-3.418,-0.01,-0.09,4.94,4.94
-3.408,-0.01,-0.09,4.94,4.94
-3.398,-0.01,-0.09,4.94,4.95
-3.388,-0.01,-0.09,4.94,4.94
-3.378,-0.01,-0.09,4.94,4.94
-3.368,-0.01,-0.09,4.93,4.93
-3.358,-0.01,-0.09,4.93,4.93
-3.348,-0.01,-0.09,4.93,4.93
-3.338,-0.01,-0.09,4.94,4.94
-3.328,-0.01,-0.09,4.94,4.94
-3.318,-0.01,-0.09,4.94,4.94
-3.308,-0.01,-0.09,4.94,4.94
-3.298,-0.01,-0.09,4.93,4.94
-3.288,-0.01,-0.09,4.93,4.93
-3.278,-0.01,-0.09,4.93,4.93
-3.268,-0.01,-0.09,4.93,4.93
-3.258,-0.01,-0.09,4.94,4.94
-3.248,-0.01,-0.09,4.95,4.95
-3.238,-0.01,-0.09,4.95,4.95
-3.228,-0.01,-0.09,4.95,4.95
-3.218,-0.01,-0.09,4.95,4.95
-3.208,-0.01,-0.09,4.94,4.94
-3.198,-0.01,-0.09,4.93,4.93
-3.188,-0.01,-0.09,4.93,4.93
-3.178,-0.01,-0.09,4.93,4.93
-3.168,-0.01,-0.09,4.93,4.93
-3.158,-0.01,-0.09,4.94,4.94
-3.148,-0.01,-0.09,4.95,4.95
-3.138,-0.01,-0.09,4.95,4.95
-3.128,-0.01,-0.09,4.94,4.94
-3.118,-0.01,-0.09,4.94,4.94
-3.108,-0.01,-0.09,4.94,4.94
-3.098,-0.01,-0.09,4.94,4.94
-3.088,-0.01,-0.09,4.94,4.94
-3.078,-0.01,-0.09,4.95,4.95
-3.068,-0.01,-0.09,4.95,4.95
-3.058,-0.01,-0.09,4.95,4.95
-3.048,-0.01,-0.09,4.94,4.94
-3.038,-0.01,-0.09,4.94,4.94
-3.028,-0.01,-0.09,4.94,4.94
-3.018,-0.01,-0.09,4.94,4.94
-3.008,-0.01,-0.09,4.94,4.94
-2.998,-0.01,-0.09,4.94,4.94
-2.988,-0.01,-0.09,4.94,4.94
-2.978,-0.01,-0.09,4.94,4.94
-2.968,-0.01,-0.09,4.94,4.94
-2.958,-0.01,-0.09,4.93,4.94
-2.948,-0.01,-0.09,4.93,4.94
-2.938,-0.01,-0.09,4.93,4.94
-2.928,-0.01,-0.09,4.94,4.94
-2.918,-0.01,-0.09,4.94,4.94
-2.908,-0.01,-0.09,4.94,4.94
-2.898,-0.01,-0.09,4.95,4.95
-2.888,-0.01,-0.09,4.94,4.94
-2.878,-0.01,-0.09,4.94,4.94
-2.868,-0.01,-0.09,4.94,4.94
-2.858,-0.01,-0.09,4.93,4.93
-2.848,-0.01,-0.09,4.93,4.93
-2.838,-0.01,-0.09,4.94,4.94
-2.828,-0.01,-0.09,4.94,4.94
-2.818,-0.01,-0.09,4.94,4.94
-2.808,-0.01,-0.09,4.94,4.94
-2.798,-0.01,-0.09,4.94,4.94
-2.788,-0.01,-0.09,4.94,4.94
-2.778,-0.01,-0.09,4.94,4.94
-2.768,-0.01,-0.09,4.94,4.94
-2.758,-0.01,-0.09,4.94,4.94
-2.748,-0.01,-0.09,4.94,4.94
-2.738,-0.01,-0.09,4.94,4.95
-2.728,-0.01,-0.09,4.95,4.95
-2.718,-0.01,-0.09,4.95,4.95
-2.708,-0.01,-0.09,4.95,4.95
-2.698,-0.01,-0.09,4.94,4.95
-2.688,-0.01,-0.09,4.94,4.94
-2.678,-0.01,-0.09,4.94,4.94
-2.668,-0.01,-0.09,4.94,4.94
-2.658,-0.01,-0.09,4.93,4.94
-2.648,-0.01,-0.09,4.94,4.94
-2.638,-0.01,-0.09,4.94,4.94
-2.628,-0.01,-0.09,4.94,4.94
-2.614,-0.01,-0.09,4.94,4.94
-2.608,-0.01,-0.09,4.94,4.94
-2.598,-0.01,-0.09,4.94,4.94
-2.588,-0.01,-0.09,4.94,4.94
-2.578,-0.01,-0.09,4.94,4.94
-2.568,-0.01,-0.09,4.94,4.94
-2.558,-0.01,-0.09,4.94,4.94
-2.548,-0.01,-0.09,4.95,4.95
-2.538,-0.01,-0.09,4.94,4.95
-2.528,-0.01,-0.09,4.94,4.94
-2.518,-0.01,-0.09,4.94,4.94
-2.508,-0.01,-0.09,4.93,4.94
-2.498,-0.01,-0.09,4.93,4.93
-2.488,-0.01,-0.09,4.93,4.94
-2.478,-0.01,-0.09,4.94,4.94
-2.468,-0.01,-0.09,4.94,4.94
-2.458,-0.01,-0.09,4.94,4.94
-2.448,-0.01,-0.09,4.93,4.93
-2.438,-0.01,-0.09,4.93,4.93
-2.428,-0.01,-0.09,4.93,4.93
-2.418,-0.01,-0.09,4.93,4.93
-2.408,-0.01,-0.09,4.94,4.94
-2.398,-0.01,-0.09,4.94,4.94
-2.388,-0.01,-0.09,4.94,4.95
-2.378,-0.01,-0.09,4.95,4.95
-2.368,-0.01,-0.09,4.94,4.94
-2.358,-0.01,-0.09,4.94,4.94
-2.348,-0.01,-0.09,4.93,4.94
-2.338,-0.01,-0.09,4.93,4.93
-2.328,-0.01,-0.09,4.93,4.93
-2.318,-0.01,-0.09,4.94,4.94
-2.308,-0.01,-0.09,4.94,4.94
-2.298,-0.01,-0.09,4.94,4.94
-2.288,-0.01,-0.09,4.93,4.93
-2.278,-0.01,-0.09,4.93,4.93
-2.268,-0.01,-0.09,4.93,4.93
-2.258,-0.01,-0.09,4.93,4.93
-2.248,-0.01,-0.09,4.93,4.93
-2.238,-0.01,-0.09,4.94,4.94
-2.228,-0.01,-0.09,4.94,4.94
-2.218,-0.01,-0.09,4.95,4.95
-2.208,-0.01,-0.09,4.94,4.95
-2.198,-0.01,-0.09,4.94,4.94
-2.188,-0.01,-0.09,4.94,4.94
-2.178,-0.01,-0.09,4.93,4.93
-2.168,-0.01,-0.09,4.93,4.93
-2.158,-0.01,-0.09,4.94,4.94
-2.148,-0.01,-0.09,4.94,4.94
-2.138,-0.01,-0.09,4.94,4.94
-2.128,-0.01,-0.09,4.94,4.94
-2.118,-0.01,-0.09,4.94,4.94
-2.108,-0.01,-0.09,4.93,4.94
-2.098,-0.01,-0.09,4.94,4.94
-2.088,-0.01,-0.09,4.94,4.94
-2.078,-0.01,-0.09,4.94,4.94
-2.068,-0.01,-0.09,4.94,4.94
-2.058,-0.01,-0.09,4.94,4.94
-2.048,-0.01,-0.09,4.94,4.94
-2.038,-0.01,-0.09,4.94,4.94
-2.028,-0.01,-0.09,4.94,4.94
-2.018,-0.01,-0.09,4.94,4.94
-2.008,-0.01,-0.09,4.94,4.94
-1.998,-0.01,-0.09,4.94,4.94
-1.988,-0.01,-0.09,4.94,4.94
-1.978,-0.01,-0.09,4.94,4.94
-1.968,-0.01,-0.09,4.94,4.94
-1.958,-0.01,-0.09,4.94,4.94
-1.948,-0.01,-0.09,4.94,4.94
-1.938,-0.01,-0.09,4.94,4.94
-1.928,-0.01,-0.09,4.94,4.94
-1.918,-0.01,-0.09,4.94,4.94
-1.908,-0.01,-0.09,4.94,4.94
-1.898,-0.01,-0.09,4.93,4.94
-1.888,-0.01,-0.09,4.94,4.94
-1.878,-0.01,-0.09,4.94,4.94
-1.868,-0.01,-0.09,4.94,4.94
-1.858,-0.01,-0.09,4.94,4.94
-1.848,-0.01,-0.09,4.94,4.94
-1.838,-0.01,-0.09,4.94,4.94
-1.828,-0.01,-0.09,4.94,4.94
-1.818,-0.01,-0.09,4.94,4.94
-1.808,-0.01,-0.09,4.94,4.94
-1.798,-0.01,-0.09,4.94,4.94
-1.788,-0.01,-0.09,4.94,4.94
-1.778,-0.01,-0.09,4.95,4.95
-1.768,-0.01,-0.09,4.95,4.95
-1.758,-0.01,-0.09,4.96,4.96
-1.748,-0.01,-0.09,4.95,4.95
-1.738,-0.01,-0.09,4.94,4.95
-1.728,-0.01,-0.09,4.94,4.94
-1.718,-0.01,-0.09,4.94,4.94
-1.708,-0.01,-0.09,4.94,4.94
-1.698,-0.01,-0.09,4.94,4.94
-1.688,-0.01,-0.09,4.95,4.95
-1.678,-0.01,-0.09,4.95,4.95
-1.668,-0.01,-0.09,4.94,4.94
-1.658,-0.01,-0.09,4.93,4.93
-1.648,-0.01,-0.09,4.93,4.93
-1.638,-0.01,-0.09,4.93,4.93
-1.628,-0.01,-0.09,4.93,4.93
-1.618,-0.01,-0.09,4.94,4.94
-1.608,-0.01,-0.09,4.94,4.94
-1.598,-0.01,-0.09,4.94,4.94
-1.588,-0.01,-0.09,4.94,4.94
-1.578,-0.01,-0.09,4.94,4.94
-1.568,-0.01,-0.09,4.94,4.94
-1.558,-0.01,-0.09,4.94,4.95
-1.548,-0.01,-0.09,4.94,4.95
-1.538,-0.01,-0.09,4.95,4.95
-1.528,-0.01,-0.09,4.94,4.95
-1.518,-0.01,-0.09,4.94,4.94
-1.508,-0.01,-0.09,4.94,4.94
-1.498,-0.01,-0.09,4.94,4.94
-1.488,-0.01,-0.09,4.93,4.94
-1.478,-0.01,-0.09,4.94,4.94
-1.468,-0.01,-0.09,4.94,4.94
-1.458,-0.01,-0.09,4.94,4.94
-1.448,-0.01,-0.09,4.94,4.94
-1.438,-0.01,-0.09,4.94,4.94
-1.428,-0.01,-0.09,4.94,4.94
-1.418,-0.01,-0.09,4.94,4.94
-1.408,-0.01,-0.09,4.94,4.94
-1.398,-0.01,-0.09,4.94,4.94
-1.388,-0.01,-0.09,4.95,4.95
-1.378,-0.01,-0.09,4.94,4.94
-1.368,-0.01,-0.09,4.94,4.94
-1.358,-0.01,-0.09,4.94,4.94
-1.348,-0.01,-0.09,4.94,4.94
-1.338,-0.01,-0.09,4.94,4.94
-1.328,-0.01,-0.09,4.94,4.94
-1.318,-0.01,-0.09,4.94,4.94
-1.308,-0.01,-0.09,4.94,4.94
-1.298,-0.01,-0.09,4.94,4.95
-1.288,-0.01,-0.09,4.95,4.95
-1.278,-0.01,-0.09,4.94,4.95
-1.268,-0.01,-0.09,4.94,4.94
-1.258,-0.01,-0.09,4.94,4.94
-1.248,-0.01,-0.09,4.94,4.94
-1.238,-0.01,-0.09,4.94,4.94
-1.228,-0.01,-0.09,4.95,4.95
-1.218,-0.01,-0.09,4.95,4.95
-1.208,-0.01,-0.09,4.95,4.95
-1.198,-0.01,-0.09,4.95,4.95
-1.188,-0.01,-0.09,4.94,4.94
-1.178,-0.01,-0.09,4.94,4.94
-1.168,-0.01,-0.09,4.94,4.94
-1.158,-0.01,-0.09,4.94,4.94
-1.148,-0.01,-0.09,4.94,4.94
-1.138,-0.01,-0.09,4.94,4.95
-1.128,-0.01,-0.09,4.94,4.94
-1.118,-0.01,-0.09,4.94,4.94
-1.108,-0.01,-0.09,4.94,4.94
-1.098,-0.01,-0.09,4.94,4.94
-1.088,-0.01,-0.09,4.94,4.94
-1.078,-0.01,-0.09,4.94,4.94
-1.068,-0.01,-0.09,4.94,4.94
-1.058,-0.01,-0.09,4.94,4.94
-1.048,-0.01,-0.09,4.95,4.95
-1.038,-0.01,-0.09,4.95,4.95
-1.027,-0.01,-0.09,4.95,4.95
-1.018,-0.01,-0.09,4.95,4.95
-1.008,-0.01,-0.09,4.94,4.95
-0.998,-0.01,-0.09,4.95,4.95
-0.988,-0.01,-0.09,4.95,4.95
-0.978,-0.01,-0.09,4.95,4.95
-0.968,-0.01,-0.09,4.96,4.96
-0.958,-0.01,-0.09,4.95,4.95
-0.948,-0.01,-0.09,4.95,4.95
-0.938,-0.01,-0.09,4.94,4.94
-0.928,-0.01,-0.09,4.94,4.94
-0.918,-0.01,-0.09,4.94,4.94
-0.908,-0.01,-0.09,4.93,4.93
-0.898,-0.01,-0.09,4.93,4.93
-0.888,-0.01,-0.09,4.94,4.94
-0.878,-0.01,-0.09,4.94,4.94
-0.868,-0.01,-0.09,4.94,4.94
-0.858,-0.01,-0.09,4.94,4.94
-0.848,-0.01,-0.09,4.94,4.94
-0.838,-0.01,-0.09,4.94,4.94
-0.828,-0.01,-0.09,4.93,4.93
-0.818,-0.01,-0.09,4.94,4.94
-0.808,-0.01,-0.09,4.94,4.94
-0.798,-0.01,-0.09,4.94,4.94
-0.788,-0.01,-0.09,4.95,4.95
-0.778,-0.01,-0.09,4.95,4.95
-0.768,-0.01,-0.09,4.95,4.95
-0.758,-0.01,-0.09,4.94,4.94
-0.748,-0.01,-0.09,4.94,4.94
-0.738,-0.01,-0.09,4.94,4.94
-0.728,-0.01,-0.09,4.94,4.94
-0.718,-0.01,-0.09,4.94,4.94
-0.708,-0.01,-0.09,4.94,4.94
-0.698,-0.01,-0.09,4.94,4.94
-0.688,-0.01,-0.09,4.94,4.94
-0.678,-0.01,-0.09,4.94,4.94
-0.668,-0.01,-0.09,4.94,4.94
-0.658,-0.01,-0.09,4.94,4.94
-0.648,-0.01,-0.09,4.94,4.94
-0.638,-0.01,-0.09,4.94,4.95
-0.628,-0.01,-0.09,4.95,4.95
-0.618,-0.01,-0.09,4.95,4.95
-0.608,-0.01,-0.09,4.95,4.95
-0.598,-0.01,-0.09,4.94,4.94
-0.588,-0.01,-0.09,4.94,4.94
-0.578,-0.01,-0.09,4.94,4.94
-0.568,-0.01,-0.09,4.94,4.94
-0.558,-0.01,-0.09,4.94,4.94
-0.548,-0.01,-0.09,4.94,4.95
-0.538,-0.01,-0.09,4.94,4.95
-0.528,-0.01,-0.09,4.94,4.94
-0.518,-0.01,-0.09,4.94,4.94
-0.508,-0.01,-0.09,4.94,4.94
-0.498,-0.01,-0.09,4.94,4.94
-0.488,-0.01,-0.09,4.94,4.94
-0.478,-0.01,-0.09,4.94,4.94
-0.468,-0.01,-0.09,4.94,4.95
-0.458,-0.01,-0.09,4.94,4.94
-0.448,-0.01,-0.09,4.94,4.94
-0.438,-0.01,-0.09,4.94,4.94
-0.428,-0.01,-0.09,4.94,4.94
-0.418,-0.01,-0.09,4.93,4.93
-0.408,-0.01,-0.09,4.93,4.93
-0.398,-0.01,-0.09,4.94,4.94
-0.388,-0.01,-0.09,4.94,4.94
-0.378,-0.01,-0.09,4.94,4.94
-0.368,-0.01,-0.09,4.94,4.94
-0.358,-0.01,-0.09,4.94,4.94
-0.348,-0.01,-0.09,4.94,4.94
-0.338,-0.01,-0.09,4.94,4.94
-0.328,-0.01,-0.09,4.94,4.94
-0.318,-0.01,-0.09,4.94,4.94
-0.308,-0.01,-0.09,4.94,4.94
-0.298,-0.01,-0.09,4.94,4.94
-0.288,-0.01,-0.09,4.94,4.94
-0.278,-0.01,-0.09,4.94,4.94
-0.268,-0.01,-0.09,4.94,4.94
-0.258,-0.01,-0.09,4.94,4.94
-0.248,-0.01,-0.09,4.94,4.94
-0.238,-0.01,-0.09,4.93,4.94
-0.228,-0.01,-0.09,4.93,4.94
-0.218,-0.01,-0.09,4.94,4.94
-0.208,-0.01,-0.09,4.94,4.94
-0.198,-0.01,-0.09,4.94,4.94
-0.187,-0.01,-0.09,4.94,4.94
-0.178,-0.01,-0.09,4.94,4.94
-0.168,-0.01,-0.09,4.94,4.94
-0.158,-0.01,-0.09,4.94,4.94
-0.148,-0.01,-0.09,4.95,4.95
-0.138,-0.01,-0.09,4.94,4.94
-0.128,-0.01,-0.09,4.94,4.94
-0.116,-0.01,-0.09,4.94,4.94
-0.108,-0.01,-0.09,4.94,4.94
-0.098,-0.01,-0.09,4.95,4.95
-0.088,-0.01,-0.09,4.94,4.95
-0.078,-0.01,-0.09,4.94,4.94
-0.068,-0.01,-0.09,4.94,4.94
-0.058,-0.01,-0.09,4.94,4.94
-0.048,-0.01,-0.09,4.93,4.94
-0.038,-0.01,-0.09,4.94,4.94
-0.028,-0.01,-0.09,4.94,4.94
-0.018,-0.01,-0.09,4.94,4.94
-0.008,-0.01,-0.09,4.94,4.94
0.002,-0.01,-0.09,4.94,4.94
0.012,-0.01,-0.09,4.94,4.94
0.022,-0.01,-0.09,4.94,4.94
0.032,-0.01,-0.09,4.94,4.94
0.042,-0.01,-0.09,4.94,4.94
0.052,-0.01,-0.09,4.94,4.94
0.062,-0.01,-0.09,4.98,4.98
0.072,-0.01,-0.09,5.08,5.08
0.082,-0.00,-0.10,5.27,5.27
0.092,0.00,-0.09,5.07,5.07
0.102,0.00,-0.09,4.87,4.87
0.112,0.01,-0.08,4.70,4.70
0.122,0.01,-0.08,4.60,4.60
0.132,0.01,-0.08,4.62,4.62
0.142,0.01,-0.08,4.65,4.65
0.152,0.02,-0.08,4.66,4.66
0.162,0.02,-0.08,4.55,4.55
0.172,0.02,-0.08,4.58,4.58
0.182,0.03,-0.08,4.63,4.63
0.192,0.03,-0.08,4.76,4.76
0.202,0.03,-0.08,4.86,4.87
0.212,0.04,-0.08,4.96,4.96
0.222,0.04,-0.08,4.96,4.96
0.232,0.05,-0.08,4.97,4.97
0.242,0.05,-0.08,4.91,4.92
0.252,0.05,-0.08,4.90,4.90
0.262,0.05,-0.08,4.85,4.85
0.272,0.05,-0.08,4.84,4.84
0.282,0.05,-0.08,4.78,4.78
0.292,0.05,-0.08,4.77,4.77
0.302,0.06,-0.08,4.85,4.85
0.312,0.05,-0.08,4.83,4.83
0.322,0.05,-0.08,4.72,4.72
0.332,0.05,-0.08,4.68,4.68
0.342,0.05,-0.08,4.61,4.61
0.352,0.04,-0.08,4.52,4.52
0.362,0.04,-0.08,4.18,4.19
0.372,0.04,-0.08,4.13,4.13
0.382,0.04,-0.08,4.22,4.22
0.392,0.04,-0.08,4.45,4.45
0.402,0.04,-0.09,4.57,4.57
0.412,0.05,-0.09,4.67,4.67
0.422,0.05,-0.09,4.73,4.73
0.432,0.05,-0.09,4.82,4.82
0.442,0.05,-0.10,4.86,4.86
0.452,0.04,-0.09,4.83,4.83
0.462,0.04,-0.09,4.84,4.85
0.472,0.04,-0.09,4.84,4.84
0.482,0.03,-0.09,4.83,4.83
0.492,0.03,-0.09,4.75,4.75
0.502,0.03,-0.09,4.75,4.75
0.512,0.02,-0.09,4.75,4.75
0.522,0.02,-0.09,4.74,4.74
0.532,0.02,-0.09,4.84,4.85
0.542,0.01,-0.09,4.89,4.89
0.552,0.01,-0.09,4.91,4.91
0.562,0.01,-0.09,4.87,4.87
0.572,0.00,-0.09,4.82,4.82
0.582,0.00,-0.09,4.78,4.78
0.592,-0.00,-0.09,4.77,4.77
0.602,-0.00,-0.09,4.72,4.73
0.612,-0.01,-0.09,4.70,4.70
0.622,-0.01,-0.09,4.61,4.61
0.632,-0.01,-0.09,4.72,4.72
0.642,-0.01,-0.09,4.77,4.77
0.652,-0.02,-0.09,4.85,4.86
0.662,-0.02,-0.09,4.89,4.89
0.672,-0.02,-0.09,4.87,4.87
0.682,-0.02,-0.09,4.78,4.78
0.692,-0.02,-0.08,4.41,4.41
0.702,-0.02,-0.08,4.41,4.41
0.712,-0.03,-0.09,4.57,4.57
0.722,-0.03,-0.09,4.78,4.78
0.732,-0.04,-0.09,4.98,4.98
0.742,-0.05,-0.09,5.12,5.12
0.752,-0.05,-0.09,5.29,5.29
0.762,-0.06,-0.09,5.30,5.30
0.772,-0.06,-0.08,5.19,5.19
0.782,-0.06,-0.08,5.01,5.01
0.792,-0.06,-0.07,4.87,4.87
0.802,-0.07,-0.07,4.79,4.79
0.812,-0.07,-0.07,4.81,4.81
0.822,-0.07,-0.06,4.64,4.64
0.832,-0.07,-0.06,4.53,4.53
0.842,-0.08,-0.06,4.57,4.57
0.852,-0.09,-0.06,4.75,4.75
0.862,-0.10,-0.06,4.94,4.94
0.872,-0.10,-0.06,5.02,5.02
0.882,-0.11,-0.06,5.08,5.09
0.892,-0.11,-0.06,4.96,4.96
0.902,-0.11,-0.05,4.78,4.78
0.912,-0.12,-0.06,4.89,4.90
0.922,-0.12,-0.06,5.12,5.12
0.932,-0.13,-0.06,5.23,5.23
0.942,-0.14,-0.06,5.29,5.29
0.952,-0.14,-0.06,5.40,5.40
0.962,-0.15,-0.07,5.57,5.57
0.972,-0.15,-0.07,5.62,5.62
0.982,-0.16,-0.07,5.58,5.59
0.992,-0.16,-0.07,5.48,5.48
1.002,-0.15,-0.07,5.27,5.27
1.012,-0.15,-0.07,5.19,5.19
1.022,-0.16,-0.07,5.21,5.21
1.032,-0.17,-0.08,5.42,5.43
1.042,-0.17,-0.08,5.36,5.36
1.052,-0.17,-0.07,5.30,5.31
1.062,-0.17,-0.07,5.17,5.18
1.072,-0.17,-0.07,5.04,5.05
1.082,-0.17,-0.06,4.95,4.96
1.092,-0.17,-0.06,4.85,4.85
1.102,-0.18,-0.06,4.79,4.79
1.112,-0.18,-0.06,4.85,4.85
1.122,-0.19,-0.06,4.96,4.96
1.132,-0.20,-0.06,5.09,5.10
1.142,-0.21,-0.06,5.20,5.21
1.152,-0.22,-0.06,5.32,5.33
1.162,-0.22,-0.06,5.36,5.37
1.172,-0.23,-0.06,5.44,5.45
1.182,-0.24,-0.06,5.50,5.51
1.192,-0.24,-0.06,5.51,5.52
1.202,-0.24,-0.06,5.47,5.47
1.212,-0.25,-0.05,5.50,5.50
1.222,-0.26,-0.05,5.60,5.60
1.232,-0.27,-0.05,5.72,5.73
1.242,-0.27,-0.05,5.71,5.71
1.252,-0.27,-0.05,5.63,5.63
1.262,-0.26,-0.04,5.52,5.53
1.272,-0.26,-0.04,5.48,5.48
1.282,-0.26,-0.04,5.42,5.43
1.292,-0.26,-0.04,5.27,5.27
1.302,-0.26,-0.03,5.25,5.26
1.312,-0.26,-0.03,5.34,5.34
1.322,-0.27,-0.03,5.46,5.47
1.332,-0.28,-0.03,5.59,5.60
1.342,-0.29,-0.03,5.65,5.65
1.352,-0.30,-0.03,5.68,5.68
1.362,-0.29,-0.03,5.59,5.60
1.372,-0.29,-0.03,5.59,5.60
1.382,-0.30,-0.02,5.66,5.67
1.392,-0.30,-0.02,5.65,5.66
1.402,-0.30,-0.02,5.67,5.68
1.412,-0.30,-0.01,5.65,5.66
1.422,-0.29,-0.01,5.65,5.65
1.432,-0.30,-0.01,5.71,5.72
1.442,-0.30,-0.01,5.70,5.71
1.452,-0.30,-0.01,5.64,5.65
1.462,-0.30,-0.00,5.59,5.60
1.472,-0.30,-0.00,5.52,5.53
1.482,-0.30,-0.00,5.41,5.42
1.492,-0.30,-0.00,5.30,5.31
1.502,-0.30,0.00,5.30,5.31
1.512,-0.30,0.00,5.33,5.34
1.522,-0.30,0.01,5.33,5.34
1.532,-0.30,0.01,5.33,5.34
1.542,-0.30,0.02,5.35,5.36
1.552,-0.30,0.02,5.41,5.42
1.562,-0.30,0.03,5.52,5.53
1.572,-0.31,0.03,5.59,5.60
1.582,-0.31,0.03,5.61,5.61
1.592,-0.31,0.04,5.59,5.60
1.602,-0.31,0.04,5.51,5.52
1.612,-0.30,0.04,5.43,5.44
1.622,-0.30,0.04,5.30,5.30
1.632,-0.29,0.04,5.12,5.13
1.642,-0.29,0.05,5.16,5.17
1.652,-0.30,0.05,5.29,5.30
1.662,-0.30,0.06,5.44,5.45
1.672,-0.31,0.06,5.61,5.62
1.682,-0.31,0.07,5.77,5.78
1.692,-0.32,0.08,5.99,6.00
1.702,-0.32,0.08,5.96,5.97
1.712,-0.31,0.08,5.83,5.84
1.722,-0.31,0.08,5.79,5.80
1.732,-0.31,0.09,5.75,5.76
1.742,-0.31,0.09,5.66,5.67
1.752,-0.31,0.09,5.57,5.58
1.762,-0.30,0.09,5.46,5.47
1.772,-0.30,0.09,5.39,5.40
1.782,-0.30,0.10,5.38,5.39
1.792,-0.29,0.10,5.39,5.40
1.802,-0.29,0.11,5.42,5.43
1.812,-0.29,0.11,5.45,5.46
1.822,-0.29,0.12,5.51,5.51
1.832,-0.29,0.12,5.52,5.52
1.842,-0.28,0.12,5.45,5.46
1.852,-0.28,0.13,5.44,5.44
1.862,-0.29,0.13,5.49,5.50
1.872,-0.29,0.13,5.56,5.56
1.882,-0.30,0.14,5.57,5.58
1.892,-0.30,0.14,5.49,5.50
1.902,-0.29,0.14,5.39,5.40
1.912,-0.29,0.14,5.36,5.37
1.922,-0.28,0.14,5.33,5.34
1.932,-0.29,0.15,5.39,5.40
1.942,-0.29,0.16,5.52,5.53
1.952,-0.29,0.17,5.65,5.66
1.962,-0.30,0.17,5.76,5.77
1.972,-0.29,0.18,5.75,5.76
1.982,-0.29,0.18,5.74,5.75
1.992,-0.29,0.18,5.73,5.74
2.002,-0.29,0.19,5.69,5.70
2.012,-0.29,0.19,5.65,5.66
2.022,-0.29,0.18,5.49,5.50
2.032,-0.27,0.18,5.26,5.27
2.042,-0.27,0.18,5.25,5.26
2.052,-0.28,0.18,5.38,5.39
2.062,-0.29,0.18,5.48,5.49
2.072,-0.29,0.19,5.62,5.63
2.082,-0.30,0.19,5.69,5.70
2.092,-0.30,0.19,5.74,5.75
2.102,-0.30,0.19,5.69,5.70
2.112,-0.30,0.19,5.63,5.64
2.122,-0.30,0.18,5.61,5.62
2.132,-0.30,0.18,5.58,5.59
2.142,-0.30,0.18,5.56,5.57
2.152,-0.30,0.17,5.51,5.52
2.162,-0.29,0.17,5.35,5.36
2.172,-0.29,0.16,5.26,5.27
2.182,-0.28,0.16,5.19,5.20
2.192,-0.28,0.16,5.20,5.21
2.202,-0.28,0.16,5.17,5.18
2.212,-0.28,0.16,5.20,5.21
2.222,-0.29,0.17,5.32,5.33
2.232,-0.30,0.17,5.49,5.50
2.242,-0.30,0.17,5.48,5.49
2.252,-0.29,0.17,5.31,5.32
2.262,-0.29,0.16,5.16,5.17
2.272,-0.29,0.16,5.12,5.13
2.282,-0.29,0.16,5.14,5.15
2.292,-0.29,0.16,5.01,5.02
2.302,-0.29,0.16,5.01,5.02
2.312,-0.30,0.16,5.09,5.10
2.322,-0.30,0.16,5.18,5.19
2.332,-0.31,0.17,5.31,5.32
2.342,-0.32,0.17,5.47,5.48
2.352,-0.32,0.18,5.61,5.62
2.362,-0.31,0.17,5.35,5.36
2.372,-0.30,0.16,5.28,5.29
2.382,-0.31,0.16,5.36,5.37
2.392,-0.31,0.16,5.47,5.48
2.402,-0.32,0.17,5.64,5.65
2.412,-0.33,0.17,5.73,5.74
2.422,-0.34,0.17,5.88,5.89
2.432,-0.34,0.17,5.92,5.93
2.442,-0.33,0.16,5.78,5.79
2.452,-0.31,0.16,5.58,5.59
2.462,-0.30,0.15,5.42,5.43
2.472,-0.30,0.15,5.33,5.34
2.482,-0.29,0.14,5.26,5.27
2.492,-0.30,0.15,5.49,5.50
2.502,-0.30,0.15,5.50,5.51
2.512,-0.29,0.15,5.39,5.40
2.522,-0.28,0.14,5.24,5.25
2.532,-0.28,0.14,5.13,5.13
2.542,-0.27,0.14,5.07,5.08
2.552,-0.27,0.14,5.06,5.07
2.562,-0.27,0.14,5.15,5.16
2.572,-0.27,0.14,5.16,5.17
2.582,-0.27,0.14,5.14,5.15
2.592,-0.27,0.14,5.10,5.10
2.602,-0.27,0.14,5.10,5.11
2.612,-0.27,0.14,5.12,5.13
2.622,-0.26,0.14,5.08,5.09
2.632,-0.26,0.14,5.03,5.04
2.642,-0.26,0.14,5.07,5.08
2.652,-0.27,0.14,5.18,5.19
2.662,-0.27,0.15,5.29,5.30
2.672,-0.28,0.15,5.38,5.39
2.682,-0.28,0.15,5.35,5.36
2.692,-0.27,0.14,5.22,5.23
2.702,-0.27,0.14,5.11,5.12
2.712,-0.27,0.14,5.16,5.17
2.722,-0.28,0.14,5.28,5.29
2.732,-0.28,0.14,5.43,5.44
2.742,-0.29,0.14,5.56,5.57
2.752,-0.29,0.15,5.67,5.68
2.762,-0.30,0.15,5.81,5.82
2.772,-0.30,0.15,5.85,5.86
2.782,-0.29,0.14,5.71,5.72
2.792,-0.28,0.14,5.56,5.57
2.802,-0.27,0.14,5.41,5.42
2.812,-0.27,0.13,5.29,5.30
2.822,-0.26,0.13,5.27,5.27
2.832,-0.27,0.13,5.37,5.38
2.842,-0.27,0.13,5.36,5.37
2.852,-0.26,0.13,5.25,5.26
2.862,-0.25,0.13,5.09,5.10
2.872,-0.25,0.12,4.94,4.95
2.882,-0.24,0.12,4.83,4.84
2.892,-0.24,0.12,4.72,4.73
2.902,-0.24,0.12,4.72,4.73
2.912,-0.24,0.12,4.86,4.87
2.922,-0.25,0.12,4.99,5.00
2.932,-0.25,0.13,5.15,5.16
2.942,-0.26,0.13,5.26,5.27
2.952,-0.26,0.13,5.31,5.31
2.962,-0.26,0.14,5.40,5.40
2.972,-0.26,0.14,5.33,5.34
2.982,-0.25,0.13,5.20,5.21
2.992,-0.25,0.13,5.12,5.13
3.002,-0.25,0.13,5.19,5.20
3.012,-0.26,0.13,5.27,5.28
3.022,-0.25,0.13,5.17,5.17
3.032,-0.25,0.13,4.99,5.00
3.042,-0.24,0.12,4.89,4.90
3.052,-0.24,0.12,4.87,4.88
3.062,-0.25,0.12,4.90,4.90
3.072,-0.25,0.12,4.98,4.99
3.082,-0.26,0.12,5.07,5.08
3.092,-0.26,0.12,5.14,5.14
3.102,-0.27,0.13,5.24,5.25
3.112,-0.27,0.12,5.25,5.26
3.122,-0.27,0.12,5.18,5.19
3.132,-0.26,0.12,5.07,5.08
3.142,-0.26,0.12,5.02,5.03
3.152,-0.26,0.12,4.98,4.99
3.162,-0.27,0.12,5.04,5.05
3.172,-0.27,0.12,5.11,5.12
3.182,-0.27,0.12,5.09,5.10
3.192,-0.27,0.11,5.06,5.07
3.202,-0.28,0.12,5.17,5.18
3.212,-0.29,0.12,5.35,5.36
3.222,-0.29,0.12,5.34,5.35
3.232,-0.29,0.12,5.25,5.26
3.242,-0.28,0.11,5.08,5.09
3.252,-0.27,0.11,4.93,4.93
3.262,-0.27,0.11,4.83,4.84
3.272,-0.27,0.11,4.75,4.76
3.282,-0.27,0.11,4.72,4.72
3.292,-0.27,0.10,4.67,4.67
3.302,-0.27,0.11,4.79,4.80
3.312,-0.27,0.11,4.69,4.70
3.322,-0.25,0.10,4.26,4.27
3.332,-0.21,0.08,3.66,3.66
3.342,-0.18,0.07,3.07,3.08
3.352,-0.15,0.06,2.63,2.64
3.362,-0.13,0.05,2.27,2.28
3.372,-0.10,0.04,1.77,1.77
3.382,-0.07,0.02,1.11,1.11
3.392,-0.02,0.01,0.39,0.40
3.402,0.00,0.00,0.00,0.00
3.412,0.00,0.00,0.00,0.00
3.422,0.00,0.00,0.00,0.00
3.432,0.00,0.00,0.00,0.00
3.442,0.00,0.00,0.00,0.00
3.452,0.00,0.00,0.00,0.00
3.462,0.02,-0.01,-0.27,0.27
3.472,0.06,-0.02,-0.97,0.97
3.482,0.11,-0.04,-1.71,1.71
3.492,0.16,-0.06,-2.48,2.49
3.502,0.20,-0.07,-3.18,3.19
3.512,0.25,-0.09,-3.94,3.95
3.522,0.31,-0.11,-4.79,4.80
3.532,0.37,-0.13,-5.62,5.63
3.542,0.43,-0.15,-6.43,6.44
3.552,0.49,-0.18,-7.28,7.30
3.562,0.55,-0.20,-8.13,8.15
3.572,0.61,-0.22,-8.95,8.98
3.582,0.67,-0.24,-9.80,9.82
3.592,0.74,-0.27,-10.76,10.79
3.702,0.74,-0.27,-10.76,10.79
3.712,0.74,-0.27,-10.76,10.79
3.722,0.74,-0.27,-10.76,10.79
3.732,0.74,-0.27,-10.76,10.79
3.742,0.74,-0.27,-10.76,10.79
3.752,0.74,-0.27,-10.76,10.79
3.762,0.74,-0.27,-10.76,10.79
3.772,0.74,-0.27,-10.76,10.79
3.782,0.74,-0.27,-10.76,10.79
3.792,0.74,-0.27,-10.76,10.79
3.802,0.74,-0.27,-10.76,10.79
3.812,0.74,-0.27,-10.76,10.79
3.822,0.74,-0.27,-10.76,10.79
3.832,0.74,-0.27,-10.76,10.79
3.842,0.74,-0.27,-10.76,10.79
3.852,0.74,-0.27,-10.76,10.79
3.862,0.74,-0.27,-10.76,10.79
3.872,0.74,-0.27,-10.76,10.79
3.882,0.74,-0.27,-10.76,10.79
3.892,0.74,-0.27,-10.76,10.79
3.902,0.74,-0.27,-10.76,10.79
3.912,0.74,-0.27,-10.76,10.79
3.922,0.74,-0.27,-10.76,10.79
3.932,0.74,-0.27,-10.76,10.79
3.942,0.74,-0.27,-10.76,10.79
3.952,0.74,-0.27,-10.76,10.79
3.962,0.74,-0.27,-10.76,10.79
3.972,0.74,-0.27,-10.76,10.79
3.982,0.74,-0.27,-10.76,10.79
3.992,0.74,-0.27,-10.76,10.79
4.002,0.74,-0.27,-10.76,10.79
4.012,0.74,-0.27,-10.76,10.79
4.022,0.74,-0.27,-10.76,10.79
4.032,0.74,-0.27,-10.76,10.79
4.042,0.74,-0.27,-10.76,10.79
4.052,0.74,-0.27,-10.76,10.79
4.062,0.74,-0.27,-10.76,10.79
4.072,0.74,-0.27,-10.76,10.79
4.082,0.74,-0.27,-10.76,10.79
4.092,0.74,-0.27,-10.76,10.79
4.102,0.74,-0.27,-10.76,10.79
4.112,0.74,-0.27,-10.76,10.79
4.122,0.74,-0.27,-10.76,10.79
4.132,0.74,-0.27,-10.76,10.79
4.142,0.74,-0.27,-10.76,10.79
4.152,0.74,-0.27,-10.76,10.79
4.162,0.74,-0.27,-10.76,10.79
4.172,0.74,-0.27,-10.76,10.79
4.182,0.74,-0.27,-10.76,10.79
4.192,0.74,-0.27,-10.76,10.79
4.202,0.74,-0.27,-10.76,10.79
4.212,0.74,-0.27,-10.76,10.79
4.222,0.74,-0.27,-10.76,10.79
4.232,0.74,-0.27,-10.76,10.79
4.242,0.74,-0.27,-10.76,10.79
4.252,0.74,-0.27,-10.76,10.79
4.262,0.74,-0.27,-10.76,10.79
4.272,0.74,-0.27,-10.76,10.79
4.282,0.74,-0.27,-10.76,10.79
4.292,0.74,-0.27,-10.76,10.79
4.302,0.74,-0.27,-10.76,10.79
4.312,0.74,-0.27,-10.76,10.79
4.322,0.74,-0.27,-10.76,10.79
4.332,0.74,-0.27,-10.76,10.79
4.342,0.74,-0.27,-10.76,10.79
4.352,0.74,-0.27,-10.76,10.79
4.362,0.74,-0.27,-10.76,10.79
4.372,0.74,-0.27,-10.76,10.79
4.382,0.74,-0.27,-10.76,10.79
4.392,0.74,-0.27,-10.76,10.79
4.402,0.74,-0.27,-10.76,10.79
4.412,0.74,-0.27,-10.76,10.79
4.422,0.74,-0.27,-10.76,10.79
4.432,0.74,-0.27,-10.76,10.79
4.442,0.74,-0.27,-10.76,10.79
4.452,0.74,-0.27,-10.76,10.79
4.462,0.74,-0.27,-10.76,10.79
4.472,0.74,-0.27,-10.76,10.79
4.482,0.74,-0.27,-10.76,10.79
4.492,0.74,-0.27,-10.76,10.79
4.502,0.74,-0.27,-10.76,10.79
4.512,0.74,-0.27,-10.76,10.79
4.522,0.74,-0.27,-10.76,10.79
4.532,0.74,-0.27,-10.76,10.79
4.542,0.74,-0.27,-10.76,10.79
4.552,0.74,-0.27,-10.76,10.79
4.562,0.74,-0.27,-10.76,10.79
4.572,0.74,-0.27,-10.76,10.79
4.582,0.74,-0.27,-10.76,10.79
4.592,0.74,-0.27,-10.76,10.79
4.602,0.74,-0.27,-10.76,10.79
4.612,0.74,-0.27,-10.76,10.79
4.622,0.74,-0.27,-10.76,10.79
4.632,0.74,-0.27,-10.76,10.79
4.642,0.74,-0.27,-10.76,10.79
4.652,0.74,-0.27,-10.76,10.79
4.662,0.74,-0.27,-10.76,10.79
4.672,0.74,-0.27,-10.76,10.79
4.682,0.74,-0.27,-10.76,10.79
4.692,0.74,-0.27,-10.76,10.79
4.702,0.74,-0.27,-10.76,10.79
4.712,0.74,-0.27,-10.76,10.79
4.722,0.74,-0.27,-10.76,10.79
4.732,0.74,-0.27,-10.76,10.79
4.742,0.74,-0.27,-10.76,10.79
4.752,0.74,-0.27,-10.76,10.79
4.762,0.74,-0.27,-10.76,10.79
4.772,0.74,-0.27,-10.76,10.79
4.782,0.74,-0.27,-10.76,10.79
4.792,0.74,-0.27,-10.76,10.79
4.802,0.74,-0.27,-10.76,10.79
4.812,0.74,-0.27,-10.76,10.79
4.822,0.74,-0.27,-10.76,10.79
4.832,0.74,-0.27,-10.76,10.79
4.842,0.74,-0.27,-10.76,10.79
4.852,0.74,-0.27,-10.76,10.79
4.862,0.74,-0.27,-10.76,10.79
4.872,0.74,-0.27,-10.76,10.79
4.882,0.74,-0.27,-10.76,10.79
4.892,0.74,-0.27,-10.76,10.79
4.902,0.74,-0.27,-10.76,10.79
4.912,0.74,-0.27,-10.76,10.79
4.922,0.74,-0.27,-10.76,10.79
4.932,0.74,-0.27,-10.76,10.79
4.942,0.74,-0.27,-10.76,10.79
4.952,0.74,-0.27,-10.76,10.79
4.962,0.74,-0.27,-10.76,10.79
4.972,0.74,-0.27,-10.76,10.79
4.982,0.74,-0.27,-10.76,10.79
4.992,0.74,-0.27,-10.76,10.79
5.002,0.74,-0.27,-10.76,10.79
5.012,0.74,-0.27,-10.76,10.79
5.022,0.74,-0.27,-10.76,10.79
5.032,0.74,-0.27,-10.76,10.79
5.042,0.74,-0.27,-10.76,10.79
5.052,0.74,-0.27,-10.76,10.79
5.062,0.74,-0.27,-10.76,10.79
5.072,0.74,-0.27,-10.76,10.79
5.082,0.74,-0.27,-10.76,10.79
5.092,0.74,-0.27,-10.76,10.79
5.102,0.74,-0.27,-10.76,10.79
5.112,0.74,-0.27,-10.76,10.79
5.122,0.74,-0.27,-10.76,10.79
5.132,0.74,-0.27,-10.76,10.79
5.142,0.74,-0.27,-10.76,10.79
5.152,0.74,-0.27,-10.76,10.79
5.162,0.74,-0.27,-10.76,10.79
5.172,0.74,-0.27,-10.76,10.79
5.182,0.74,-0.27,-10.76,10.79
5.192,0.74,-0.27,-10.76,10.79
5.202,0.74,-0.27,-10.76,10.79
5.212,0.74,-0.27,-10.76,10.79
5.222,0.74,-0.27,-10.76,10.79
5.232,0.74,-0.27,-10.76,10.79
5.242,0.74,-0.27,-10.76,10.79
5.252,0.74,-0.27,-10.76,10.79
5.262,0.74,-0.27,-10.76,10.79
5.272,0.74,-0.27,-10.76,10.79
5.282,0.74,-0.27,-10.76,10.79
5.292,0.74,-0.27,-10.76,10.79
5.302,0.74,-0.27,-10.76,10.79
5.312,0.74,-0.27,-10.76,10.79
5.322,0.74,-0.27,-10.76,10.79
5.332,0.74,-0.27,-10.76,10.79
5.342,0.74,-0.27,-10.76,10.79
5.352,0.74,-0.27,-10.76,10.79
5.362,0.74,-0.27,-10.76,10.79
5.372,0.74,-0.27,-10.76,10.79
5.382,0.74,-0.27,-10.76,10.79
5.392,0.74,-0.27,-10.76,10.79
5.402,0.74,-0.27,-10.76,10.79
5.412,0.74,-0.27,-10.76,10.79
5.422,0.74,-0.27,-10.76,10.79
5.432,0.74,-0.27,-10.76,10.79
5.442,0.74,-0.27,-10.76,10.79
5.452,0.74,-0.27,-10.76,10.79
5.462,0.74,-0.27,-10.76,10.79
5.472,0.74,-0.27,-10.76,10.79
5.482,0.74,-0.27,-10.76,10.79
5.492,0.74,-0.27,-10.76,10.79
5.502,0.74,-0.27,-10.76,10.79
5.512,0.74,-0.27,-10.76,10.79
5.522,0.74,-0.27,-10.76,10.79
5.532,0.74,-0.27,-10.76,10.79
5.542,0.74,-0.27,-10.76,10.79
5.552,0.74,-0.27,-10.76,10.79
5.562,0.74,-0.27,-10.76,10.79
5.572,0.74,-0.27,-10.76,10.79
5.582,0.74,-0.27,-10.76,10.79
5.592,0.74,-0.27,-10.76,10.79
5.602,0.74,-0.27,-10.76,10.79
5.612,0.74,-0.27,-10.76,10.79
5.622,0.74,-0.27,-10.76,10.79
5.632,0.74,-0.27,-10.76,10.79
5.642,0.74,-0.27,-10.76,10.79
5.652,0.74,-0.27,-10.76,10.79
5.662,0.74,-0.27,-10.76,10.79
5.672,0.74,-0.27,-10.76,10.79
5.682,0.74,-0.27,-10.76,10.79
5.692,0.74,-0.27,-10.76,10.79
5.702,0.74,-0.27,-10.76,10.79
5.712,0.74,-0.27,-10.76,10.79
5.722,0.74,-0.27,-10.76,10.79
5.732,0.74,-0.27,-10.76,10.79
5.742,0.74,-0.27,-10.76,10.79
5.752,0.74,-0.27,-10.76,10.79
5.762,0.74,-0.27,-10.76,10.79
5.772,0.74,-0.27,-10.76,10.79
5.782,0.74,-0.27,-10.76,10.79
5.792,0.74,-0.27,-10.76,10.79
5.802,0.74,-0.27,-10.76,10.79
5.812,0.74,-0.27,-10.76,10.79
5.822,0.74,-0.27,-10.76,10.79
5.832,0.74,-0.27,-10.76,10.79
5.842,0.74,-0.27,-10.76,10.79
5.852,0.74,-0.27,-10.76,10.79
5.862,0.74,-0.27,-10.76,10.79
5.872,0.74,-0.27,-10.76,10.79
5.882,0.74,-0.27,-10.76,10.79
5.892,0.74,-0.27,-10.76,10.79
5.902,0.74,-0.27,-10.76,10.79
5.912,0.74,-0.27,-10.76,10.79
5.922,0.74,-0.27,-10.76,10.79
5.932,0.74,-0.27,-10.76,10.79
5.942,0.74,-0.27,-10.76,10.79
5.952,0.74,-0.27,-10.76,10.79
5.962,0.74,-0.27,-10.76,10.79
5.972,0.74,-0.27,-10.76,10.79
5.982,0.74,-0.27,-10.76,10.79
5.992,0.74,-0.27,-10.76,10.79
6.002,0.74,-0.27,-10.76,10.79
6.012,0.74,-0.27,-10.76,10.79
6.022,0.74,-0.27,-10.76,10.79
6.032,0.74,-0.27,-10.76,10.79
6.042,0.74,-0.27,-10.76,10.79
6.052,0.74,-0.27,-10.76,10.79
6.062,0.74,-0.27,-10.76,10.79
6.072,0.74,-0.27,-10.76,10.79
6.082,0.74,-0.27,-10.76,10.79
6.092,0.74,-0.27,-10.76,10.79
6.102,0.74,-0.27,-10.76,10.79
6.112,0.74,-0.27,-10.76,10.79
6.122,0.74,-0.27,-10.76,10.79
6.132,0.74,-0.27,-10.76,10.79
6.142,0.74,-0.27,-10.76,10.79
6.152,0.74,-0.27,-10.76,10.79
6.162,0.74,-0.27,-10.76,10.79
6.172,0.74,-0.27,-10.76,10.79
6.182,0.74,-0.27,-10.76,10.79
6.192,0.74,-0.27,-10.76,10.79
6.202,0.74,-0.27,-10.76,10.79
6.212,0.74,-0.27,-10.76,10.79
6.222,0.74,-0.27,-10.76,10.79
6.232,0.74,-0.27,-10.76,10.79
6.242,0.74,-0.27,-10.76,10.79
6.252,0.74,-0.27,-10.76,10.79
6.262,0.74,-0.27,-10.76,10.79
6.272,0.74,-0.27,-10.76,10.79
6.282,0.74,-0.27,-10.76,10.79
6.292,0.74,-0.27,-10.76,10.79
6.302,0.74,-0.27,-10.76,10.79
6.312,0.74,-0.27,-10.76,10.79
6.322,0.74,-0.27,-10.76,10.79
6.332,0.74,-0.27,-10.76,10.79
6.342,0.74,-0.27,-10.76,10.79
6.352,0.74,-0.27,-10.76,10.79
6.362,0.74,-0.27,-10.76,10.79
6.372,0.74,-0.27,-10.76,10.79
6.382,0.74,-0.27,-10.76,10.79
6.392,0.74,-0.27,-10.76,10.79
6.402,0.74,-0.27,-10.76,10.79
6.412,0.74,-0.27,-10.76,10.79
6.422,0.74,-0.27,-10.76,10.79
6.432,0.74,-0.27,-10.76,10.79
6.442,0.74,-0.27,-10.76,10.79
6.452,0.74,-0.27,-10.76,10.79
6.462,0.74,-0.27,-10.76,10.79
6.472,0.74,-0.27,-10.76,10.79
6.482,0.74,-0.27,-10.76,10.79
6.492,0.74,-0.27,-10.76,10.79
6.502,0.74,-0.27,-10.76,10.79
6.512,0.74,-0.27,-10.76,10.79
6.522,0.74,-0.27,-10.76,10.79
6.532,0.74,-0.27,-10.76,10.79
6.542,0.74,-0.27,-10.76,10.79
6.552,0.74,-0.27,-10.76,10.79
6.562,0.74,-0.27,-10.76,10.79
6.572,0.74,-0.27,-10.76,10.79
6.582,0.74,-0.27,-10.76,10.79
6.592,0.74,-0.27,-10.76,10.79
6.602,0.74,-0.27,-10.76,10.79
6.612,0.74,-0.27,-10.76,10.79
6.622,0.74,-0.27,-10.76,10.79
6.632,0.74,-0.27,-10.76,10.79
6.642,0.74,-0.27,-10.76,10.79
6.652,0.74,-0.27,-10.76,10.79
6.662,0.74,-0.27,-10.76,10.79
6.672,0.74,-0.27,-10.76,10.79
6.682,0.74,-0.27,-10.76,10.79
6.692,0.74,-0.27,-10.76,10.79
6.702,0.74,-0.27,-10.76,10.79
6.712,0.74,-0.27,-10.76,10.79
6.722,0.74,-0.27,-10.76,10.79
6.732,0.74,-0.27,-10.76,10.79
6.742,0.74,-0.27,-10.76,10.79
6.752,0.74,-0.27,-10.76,10.79
6.762,0.74,-0.27,-10.76,10.79
6.772,0.74,-0.27,-10.76,10.79
6.782,0.74,-0.27,-10.76,10.79
6.792,0.74,-0.27,-10.76,10.79
6.802,0.74,-0.27,-10.76,10.79
6.812,0.74,-0.27,-10.76,10.79
6.822,0.74,-0.27,-10.76,10.79
6.832,0.74,-0.27,-10.76,10.79
6.842,0.74,-0.27,-10.76,10.79
6.852,0.74,-0.27,-10.76,10.79
6.862,0.74,-0.27,-10.76,10.79
6.872,0.74,-0.27,-10.76,10.79
6.882,0.74,-0.27,-10.76,10.79
6.892,0.74,-0.27,-10.76,10.79
6.902,0.74,-0.27,-10.76,10.79
6.912,0.74,-0.27,-10.76,10.79
6.922,0.74,-0.27,-10.76,10.79
6.932,0.74,-0.27,-10.76,10.79
6.942,0.74,-0.27,-10.76,10.79
6.952,0.74,-0.27,-10.76,10.79
6.962,0.74,-0.27,-10.76,10.79
6.972,0.74,-0.27,-10.76,10.79
6.982,0.74,-0.27,-10.76,10.79
6.992,0.74,-0.27,-10.76,10.79
7.002,0.74,-0.27,-10.76,10.79
7.012,0.74,-0.27,-10.76,10.79
7.022,0.74,-0.27,-10.76,10.79
7.032,0.74,-0.27,-10.76,10.79
7.042,0.74,-0.27,-10.76,10.79
7.052,0.74,-0.27,-10.76,10.79
7.062,0.74,-0.27,-10.76,10.79
7.072,0.74,-0.27,-10.76,10.79
7.082,0.74,-0.27,-10.76,10.79
7.092,0.74,-0.27,-10.76,10.79
7.102,0.74,-0.27,-10.76,10.79
7.112,0.74,-0.27,-10.76,10.79
7.122,0.74,-0.27,-10.76,10.79
7.132,0.74,-0.27,-10.76,10.79
7.142,0.74,-0.27,-10.76,10.79
7.152,0.74,-0.27,-10.76,10.79
7.162,0.74,-0.27,-10.76,10.79
7.172,0.74,-0.27,-10.76,10.79
7.182,0.74,-0.27,-10.76,10.79
7.192,0.74,-0.27,-10.76,10.79
7.202,0.74,-0.27,-10.76,10.79
7.212,0.74,-0.27,-10.76,10.79
7.222,0.74,-0.27,-10.76,10.79
7.232,0.74,-0.27,-10.76,10.79
7.242,0.74,-0.27,-10.76,10.79
7.252,0.74,-0.27,-10.76,10.79
7.262,0.74,-0.27,-10.76,10.79
7.272,0.74,-0.27,-10.76,10.79
7.282,0.74,-0.27,-10.76,10.79
7.292,0.74,-0.27,-10.76,10.79
7.302,0.74,-0.27,-10.76,10.79
7.312,0.74,-0.27,-10.76,10.79
7.322,0.74,-0.27,-10.76,10.79
7.332,0.74,-0.27,-10.76,10.79
7.342,0.74,-0.27,-10.76,10.79
7.352,0.74,-0.27,-10.76,10.79
7.362,0.74,-0.27,-10.76,10.79
7.372,0.74,-0.27,-10.76,10.79
7.382,0.74,-0.27,-10.76,10.79
7.392,0.74,-0.27,-10.76,10.79
7.402,0.74,-0.27,-10.76,10.79
7.412,0.74,-0.27,-10.76,10.79
7.422,0.74,-0.27,-10.76,10.79
7.432,0.74,-0.27,-10.76,10.79
7.442,0.74,-0.27,-10.76,10.79
7.452,0.74,-0.27,-10.76,10.79
7.462,0.74,-0.27,-10.76,10.79
7.472,0.74,-0.27,-10.76,10.79
7.482,0.74,-0.27,-10.76,10.79
7.492,0.74,-0.27,-10.76,10.79
7.502,0.74,-0.27,-10.76,10.79
7.512,0.74,-0.27,-10.76,10.79
7.522,0.74,-0.27,-10.76,10.79
7.532,0.74,-0.27,-10.76,10.79
7.542,0.74,-0.27,-10.76,10.79
7.552,0.74,-0.27,-10.76,10.79
7.562,0.74,-0.27,-10.76,10.79
7.572,0.74,-0.27,-10.76,10.79
7.582,0.74,-0.27,-10.76,10.79
7.592,0.74,-0.27,-10.76,10.79
7.602,0.74,-0.27,-10.76,10.79
7.612,0.74,-0.27,-10.76,10.79
7.622,0.74,-0.27,-10.76,10.79
7.632,0.74,-0.27,-10.76,10.79
7.642,0.74,-0.27,-10.76,10.79
7.652,0.74,-0.27,-10.76,10.79
7.662,0.74,-0.27,-10.76,10.79
7.672,0.74,-0.27,-10.76,10.79
7.682,0.74,-0.27,-10.76,10.79
7.692,0.74,-0.27,-10.76,10.79
7.702,0.74,-0.27,-10.76,10.79
7.712,0.74,-0.27,-10.76,10.79
7.722,0.74,-0.27,-10.76,10.79
7.732,0.74,-0.27,-10.76,10.79
7.742,0.74,-0.27,-10.76,10.79
7.752,0.74,-0.27,-10.76,10.79
7.762,0.74,-0.27,-10.76,10.79
7.772,0.74,-0.27,-10.76,10.79
7.782,0.74,-0.27,-10.76,10.79
7.792,0.74,-0.27,-10.76,10.79
7.802,0.74,-0.27,-10.76,10.79
7.812,0.74,-0.27,-10.76,10.79
7.822,0.74,-0.27,-10.76,10.79
7.832,0.74,-0.27,-10.76,10.79
7.842,0.74,-0.27,-10.76,10.79
7.852,0.74,-0.27,-10.76,10.79
7.862,0.74,-0.27,-10.76,10.79
7.872,0.74,-0.27,-10.76,10.79
7.882,0.74,-0.27,-10.76,10.79
7.892,0.74,-0.27,-10.76,10.79
7.902,0.74,-0.27,-10.76,10.79
7.912,0.74,-0.27,-10.76,10.79
7.922,0.74,-0.27,-10.76,10.79
7.932,0.74,-0.27,-10.76,10.79
7.942,0.74,-0.27,-10.76,10.79
7.952,0.74,-0.27,-10.76,10.79
7.962,0.74,-0.27,-10.76,10.79
7.972,0.74,-0.27,-10.76,10.79
7.982,0.74,-0.27,-10.76,10.79
7.992,0.74,-0.27,-10.76,10.79
8.002,0.74,-0.27,-10.76,10.79
8.012,0.74,-0.27,-10.76,10.79
8.022,0.74,-0.27,-10.76,10.79
8.032,0.74,-0.27,-10.76,10.79
8.042,0.74,-0.27,-10.76,10.79
8.052,0.74,-0.27,-10.76,10.79
8.061,0.74,-0.27,-10.76,10.79
8.072,0.74,-0.27,-10.76,10.79
8.082,0.74,-0.27,-10.76,10.79
8.092,0.74,-0.27,-10.76,10.79
8.102,0.74,-0.27,-10.76,10.79
8.112,0.74,-0.27,-10.76,10.79
8.122,0.74,-0.27,-10.76,10.79
8.132,0.74,-0.27,-10.76,10.79
8.142,0.74,-0.27,-10.76,10.79
8.152,0.74,-0.27,-10.76,10.79
8.162,0.74,-0.27,-10.76,10.79
8.172,0.74,-0.27,-10.76,10.79
8.182,0.74,-0.27,-10.76,10.79
8.192,0.74,-0.27,-10.76,10.79
8.202,0.74,-0.27,-10.76,10.79
8.212,0.74,-0.27,-10.76,10.79
8.222,0.74,-0.27,-10.76,10.79
8.232,0.74,-0.27,-10.76,10.79
8.242,0.74,-0.27,-10.76,10.79
8.252,0.74,-0.27,-10.76,10.79
8.262,0.74,-0.27,-10.76,10.79
8.272,0.74,-0.27,-10.76,10.79
8.282,0.74,-0.27,-10.76,10.79
8.292,0.74,-0.27,-10.76,10.79
8.302,0.74,-0.27,-10.76,10.79
8.312,0.74,-0.27,-10.76,10.79
8.322,0.74,-0.27,-10.76,10.79
8.332,0.74,-0.27,-10.76,10.79
8.342,0.74,-0.27,-10.76,10.79
8.352,0.74,-0.27,-10.76,10.79
8.362,0.74,-0.27,-10.76,10.79
8.372,0.74,-0.27,-10.76,10.79
8.382,0.74,-0.27,-10.76,10.79
8.392,0.74,-0.27,-10.76,10.79
8.402,0.74,-0.27,-10.76,10.79
8.412,0.74,-0.27,-10.76,10.79
8.422,0.74,-0.27,-10.76,10.79
8.432,0.74,-0.27,-10.76,10.79
8.442,0.74,-0.27,-10.76,10.79
8.452,0.74,-0.27,-10.76,10.79
8.462,0.74,-0.27,-10.76,10.79
8.472,0.74,-0.27,-10.76,10.79
8.482,0.74,-0.27,-10.76,10.79
8.492,0.74,-0.27,-10.76,10.79
8.502,0.74,-0.27,-10.76,10.79
8.512,0.74,-0.27,-10.76,10.79
8.522,0.74,-0.27,-10.76,10.79
8.532,0.74,-0.27,-10.76,10.79
8.542,0.74,-0.27,-10.76,10.79
8.552,0.74,-0.27,-10.76,10.79
8.562,0.74,-0.27,-10.76,10.79
8.572,0.74,-0.27,-10.76,10.79
8.582,0.74,-0.27,-10.76,10.79
8.592,0.74,-0.27,-10.76,10.79
8.602,0.74,-0.27,-10.76,10.79
8.612,0.74,-0.27,-10.76,10.79
8.622,0.74,-0.27,-10.76,10.79
8.632,0.74,-0.27,-10.76,10.79
8.642,0.74,-0.27,-10.76,10.79
8.652,0.74,-0.27,-10.76,10.79
8.662,0.74,-0.27,-10.76,10.79
8.672,0.74,-0.27,-10.76,10.79
8.682,0.74,-0.27,-10.76,10.79
8.692,0.74,-0.27,-10.76,10.79
8.702,0.74,-0.27,-10.76,10.79
8.712,0.74,-0.27,-10.76,10.79
8.722,0.74,-0.27,-10.76,10.79
8.732,0.74,-0.27,-10.76,10.79
8.742,0.74,-0.27,-10.76,10.79
8.752,0.74,-0.27,-10.76,10.79
8.762,0.74,-0.27,-10.76,10.79
8.772,0.74,-0.27,-10.76,10.79
8.782,0.74,-0.27,-10.76,10.79
8.792,0.74,-0.27,-10.76,10.79
8.802,0.74,-0.27,-10.76,10.79
8.812,0.74,-0.27,-10.76,10.79
8.822,0.74,-0.27,-10.76,10.79
8.832,0.74,-0.27,-10.76,10.79
8.842,0.74,-0.27,-10.76,10.79
8.852,0.74,-0.27,-10.76,10.79
8.862,0.74,-0.27,-10.76,10.79
8.872,0.74,-0.27,-10.76,10.79
8.882,0.74,-0.27,-10.76,10.79
8.892,0.74,-0.27,-10.76,10.79
8.902,0.74,-0.27,-10.76,10.79
8.912,0.74,-0.27,-10.76,10.79
8.922,0.74,-0.27,-10.76,10.79
8.932,0.74,-0.27,-10.76,10.79
8.942,0.74,-0.27,-10.76,10.79
8.952,0.74,-0.27,-10.76,10.79
8.962,0.74,-0.27,-10.76,10.79
8.972,0.74,-0.27,-10.76,10.79
8.982,0.74,-0.27,-10.76,10.79
8.992,0.74,-0.27,-10.76,10.79
9.002,0.74,-0.27,-10.76,10.79
9.012,0.74,-0.27,-10.76,10.79
9.022,0.74,-0.27,-10.76,10.79
9.032,0.74,-0.27,-10.76,10.79
9.042,0.74,-0.27,-10.76,10.79
9.052,0.74,-0.27,-10.76,10.79
9.062,0.74,-0.27,-10.76,10.79
9.072,0.74,-0.27,-10.76,10.79
9.082,0.74,-0.27,-10.76,10.79
9.092,0.74,-0.27,-10.76,10.79
9.102,0.74,-0.27,-10.76,10.79
9.112,0.74,-0.27,-10.76,10.79
9.122,0.74,-0.27,-10.76,10.79
9.132,0.74,-0.27,-10.76,10.79
9.142,0.74,-0.27,-10.76,10.79
9.152,0.74,-0.27,-10.76,10.79
9.162,0.74,-0.27,-10.76,10.79
9.172,0.74,-0.27,-10.76,10.79
9.182,0.74,-0.27,-10.76,10.79
9.192,0.74,-0.27,-10.76,10.79
9.202,0.74,-0.27,-10.76,10.79
9.212,0.74,-0.27,-10.76,10.79
9.222,0.74,-0.27,-10.76,10.79
9.232,0.74,-0.27,-10.76,10.79
9.242,0.74,-0.27,-10.76,10.79
9.252,0.74,-0.27,-10.76,10.79
9.261,0.74,-0.27,-10.76,10.79
9.272,0.74,-0.27,-10.76,10.79
9.282,0.74,-0.27,-10.76,10.79
9.292,0.74,-0.27,-10.76,10.79
9.302,0.74,-0.27,-10.76,10.79
9.312,0.74,-0.27,-10.76,10.79
9.322,0.74,-0.27,-10.76,10.79
9.332,0.74,-0.27,-10.76,10.79
9.342,0.74,-0.27,-10.76,10.79
9.352,0.74,-0.27,-10.76,10.79
9.362,0.74,-0.27,-10.76,10.79
9.372,0.74,-0.27,-10.76,10.79
9.382,0.74,-0.27,-10.76,10.79
9.392,0.74,-0.27,-10.76,10.79
9.402,0.74,-0.27,-10.76,10.79
9.412,0.74,-0.27,-10.76,10.79
9.422,0.74,-0.27,-10.76,10.79
9.432,0.74,-0.27,-10.76,10.79
9.442,0.74,-0.27,-10.76,10.79
9.452,0.74,-0.27,-10.76,10.79
9.462,0.74,-0.27,-10.76,10.79
9.472,0.74,-0.27,-10.76,10.79
9.482,0.74,-0.27,-10.76,10.79
9.492,0.74,-0.27,-10.76,10.79
9.502,0.74,-0.27,-10.76,10.79
9.512,0.74,-0.27,-10.76,10.79
9.522,0.74,-0.27,-10.76,10.79
9.532,0.74,-0.27,-10.76,10.79
9.542,0.74,-0.27,-10.76,10.79
9.552,0.74,-0.27,-10.76,10.79
9.562,0.74,-0.27,-10.76,10.79
9.572,0.74,-0.27,-10.76,10.79
9.582,0.74,-0.27,-10.76,10.79
9.592,0.74,-0.27,-10.76,10.79
9.602,0.74,-0.27,-10.76,10.79
9.612,0.74,-0.27,-10.76,10.79
9.622,0.74,-0.27,-10.76,10.79
9.632,0.74,-0.27,-10.76,10.79
9.642,0.74,-0.27,-10.76,10.79
9.652,0.74,-0.27,-10.76,10.79
9.662,0.74,-0.27,-10.76,10.79
9.672,0.74,-0.27,-10.76,10.79
9.682,0.74,-0.27,-10.76,10.79
9.692,0.74,-0.27,-10.76,10.79
9.702,0.74,-0.27,-10.76,10.79
9.712,0.74,-0.27,-10.76,10.79
9.722,0.74,-0.27,-10.76,10.79
9.732,0.74,-0.27,-10.76,10.79
9.742,0.74,-0.27,-10.76,10.79
9.752,0.74,-0.27,-10.76,10.79
9.762,0.74,-0.27,-10.76,10.79
9.772,0.74,-0.27,-10.76,10.79
9.782,0.74,-0.27,-10.76,10.79
9.792,0.74,-0.27,-10.76,10.79
9.802,0.74,-0.27,-10.76,10.79
9.812,0.74,-0.27,-10.76,10.79
9.822,0.74,-0.27,-10.76,10.79
9.832,0.74,-0.27,-10.76,10.79
9.842,0.74,-0.27,-10.76,10.79
9.852,0.74,-0.27,-10.76,10.79
9.862,0.74,-0.27,-10.76,10.79
9.872,0.74,-0.27,-10.76,10.79
9.882,0.74,-0.27,-10.76,10.79
9.892,0.74,-0.27,-10.76,10.79
9.902,0.74,-0.27,-10.76,10.79
9.912,0.74,-0.27,-10.76,10.79
9.922,0.74,-0.27,-10.76,10.79
9.932,0.74,-0.27,-10.76,10.79
9.942,0.74,-0.27,-10.76,10.79
9.952,0.74,-0.27,-10.76,10.79
9.962,0.74,-0.27,-10.76,10.79
9.972,0.74,-0.27,-10.76,10.79
9.982,0.74,-0.27,-10.76,10.79
9.992,0.74,-0.27,-10.76,10.79
10.002,0.74,-0.27,-10.76,10.79
10.012,0.74,-0.27,-10.76,10.79
10.022,0.74,-0.27,-10.76,10.79
10.032,0.74,-0.27,-10.76,10.79
10.042,0.74,-0.27,-10.76,10.79
10.052,0.74,-0.27,-10.76,10.79
10.062,0.74,-0.27,-10.76,10.79
10.072,0.74,-0.27,-10.76,10.79
10.082,0.74,-0.27,-10.76,10.79
10.092,0.74,-0.27,-10.76,10.79
10.102,0.74,-0.27,-10.76,10.79
10.112,0.74,-0.27,-10.76,10.79
10.122,0.74,-0.27,-10.76,10.79
10.132,0.74,-0.27,-10.76,10.79
10.142,0.74,-0.27,-10.76,10.79
10.152,0.74,-0.27,-10.76,10.79
10.162,0.74,-0.27,-10.76,10.79
10.172,0.74,-0.27,-10.76,10.79
10.182,0.74,-0.27,-10.76,10.79
10.192,0.74,-0.27,-10.76,10.79
10.202,0.74,-0.27,-10.76,10.79
10.212,0.74,-0.27,-10.76,10.79
10.222,0.74,-0.27,-10.76,10.79
10.232,0.74,-0.27,-10.76,10.79
10.242,0.74,-0.27,-10.76,10.79
10.252,0.74,-0.27,-10.76,10.79
10.262,0.74,-0.27,-10.76,10.79
10.272,0.74,-0.27,-10.76,10.79
10.282,0.74,-0.27,-10.76,10.79
10.292,0.74,-0.27,-10.76,10.79
10.302,0.74,-0.27,-10.76,10.79
10.312,0.74,-0.27,-10.76,10.79
10.322,0.74,-0.27,-10.76,10.79
10.332,0.74,-0.27,-10.76,10.79
10.342,0.74,-0.27,-10.76,10.79
10.352,0.74,-0.27,-10.76,10.79
10.362,0.74,-0.27,-10.76,10.79
10.372,0.74,-0.27,-10.76,10.79
10.382,0.74,-0.27,-10.76,10.79
10.392,0.74,-0.27,-10.76,10.79
10.402,0.74,-0.27,-10.76,10.79
10.412,0.74,-0.27,-10.76,10.79
10.422,0.74,-0.27,-10.76,10.79
10.432,0.74,-0.27,-10.76,10.79
10.442,0.74,-0.27,-10.76,10.79
10.452,0.74,-0.27,-10.76,10.79
10.462,0.74,-0.27,-10.76,10.79
10.472,0.74,-0.27,-10.76,10.79
10.482,0.74,-0.27,-10.76,10.79
10.492,0.74,-0.27,-10.76,10.79
10.502,0.74,-0.27,-10.76,10.79
10.512,0.74,-0.27,-10.76,10.79
10.522,0.74,-0.27,-10.76,10.79
10.532,0.74,-0.27,-10.76,10.79
10.542,0.74,-0.27,-10.76,10.79
10.552,0.74,-0.27,-10.76,10.79
10.562,0.74,-0.27,-10.76,10.79
10.572,0.74,-0.27,-10.76,10.79
10.582,0.74,-0.27,-10.76,10.79
10.592,0.74,-0.27,-10.76,10.79
10.602,0.74,-0.27,-10.76,10.79
10.612,0.74,-0.27,-10.76,10.79
10.622,0.74,-0.27,-10.76,10.79
10.632,0.74,-0.27,-10.76,10.79
10.642,0.74,-0.27,-10.76,10.79
10.652,0.74,-0.27,-10.76,10.79
10.662,0.74,-0.27,-10.76,10.79
10.672,0.74,-0.27,-10.76,10.79
10.682,0.74,-0.27,-10.76,10.79
10.692,0.74,-0.27,-10.76,10.79
10.702,0.74,-0.27,-10.76,10.79
10.712,0.74,-0.27,-10.76,10.79
10.722,0.74,-0.27,-10.76,10.79
10.732,0.74,-0.27,-10.76,10.79
10.742,0.74,-0.27,-10.76,10.79
10.752,0.74,-0.27,-10.76,10.79
10.762,0.74,-0.27,-10.76,10.79
10.772,0.74,-0.27,-10.76,10.79
10.782,0.74,-0.27,-10.76,10.79
10.792,0.74,-0.27,-10.76,10.79
10.802,0.74,-0.27,-10.76,10.79
10.812,0.74,-0.27,-10.76,10.79
10.822,0.74,-0.27,-10.76,10.79
10.832,0.74,-0.27,-10.76,10.79
10.842,0.74,-0.27,-10.76,10.79
10.852,0.74,-0.27,-10.76,10.79
10.862,0.74,-0.27,-10.76,10.79
10.872,0.74,-0.27,-10.76,10.79
10.882,0.74,-0.27,-10.76,10.79
10.892,0.74,-0.27,-10.76,10.79
10.902,0.74,-0.27,-10.76,10.79
10.912,0.74,-0.27,-10.76,10.79
10.922,0.74,-0.27,-10.76,10.79
10.932,0.74,-0.27,-10.76,10.79
10.942,0.74,-0.27,-10.76,10.79
10.952,0.74,-0.27,-10.76,10.79
10.962,0.74,-0.27,-10.76,10.79
10.972,0.74,-0.27,-10.76,10.79
10.982,0.74,-0.27,-10.76,10.79
10.992,0.74,-0.27,-10.76,10.79
11.002,0.74,-0.27,-10.76,10.79
11.012,0.74,-0.27,-10.76,10.79
11.022,0.74,-0.27,-10.76,10.79
11.032,0.74,-0.27,-10.76,10.79
11.042,0.74,-0.27,-10.76,10.79
11.052,0.74,-0.27,-10.76,10.79
11.062,0.74,-0.27,-10.76,10.79
11.072,0.74,-0.27,-10.76,10.79
11.082,0.74,-0.27,-10.76,10.79
11.092,0.74,-0.27,-10.76,10.79
11.102,0.74,-0.27,-10.76,10.79
11.112,0.74,-0.27,-10.76,10.79
11.122,0.74,-0.27,-10.76,10.79
11.132,0.74,-0.27,-10.76,10.79
11.142,0.74,-0.27,-10.76,10.79
11.152,0.74,-0.27,-10.76,10.79
11.162,0.74,-0.27,-10.76,10.79
11.172,0.74,-0.27,-10.76,10.79
11.182,0.74,-0.27,-10.76,10.79
11.192,0.74,-0.27,-10.76,10.79
11.202,0.74,-0.27,-10.76,10.79
11.212,0.74,-0.27,-10.76,10.79
11.222,0.74,-0.27,-10.76,10.79
11.232,0.74,-0.27,-10.76,10.79
11.242,0.74,-0.27,-10.76,10.79
11.252,0.74,-0.27,-10.76,10.79
11.262,0.74,-0.27,-10.76,10.79
11.272,0.74,-0.27,-10.76,10.79
11.282,0.74,-0.27,-10.76,10.79
11.292,0.74,-0.27,-10.76,10.79
11.302,0.74,-0.27,-10.76,10.79
11.312,0.74,-0.27,-10.76,10.79
11.322,0.74,-0.27,-10.76,10.79
11.332,0.74,-0.27,-10.76,10.79
11.342,0.74,-0.27,-10.76,10.79
11.352,0.74,-0.27,-10.76,10.79
11.362,0.74,-0.27,-10.76,10.79
11.372,0.74,-0.27,-10.76,10.79
11.382,0.74,-0.27,-10.76,10.79
11.392,0.74,-0.27,-10.76,10.79
11.402,0.74,-0.27,-10.76,10.79
11.412,0.74,-0.27,-10.76,10.79
11.422,0.74,-0.27,-10.76,10.79
11.432,0.74,-0.27,-10.76,10.79
11.442,0.74,-0.27,-10.76,10.79
11.452,0.74,-0.27,-10.76,10.79
11.462,0.74,-0.27,-10.76,10.79
11.472,0.74,-0.27,-10.76,10.79
11.482,0.74,-0.27,-10.76,10.79
11.492,0.74,-0.27,-10.76,10.79
11.502,0.74,-0.27,-10.76,10.79
11.512,0.74,-0.27,-10.76,10.79
11.522,0.74,-0.27,-10.76,10.79
11.532,0.74,-0.27,-10.76,10.79
11.542,0.74,-0.27,-10.76,10.79
11.552,0.74,-0.27,-10.76,10.79
11.562,0.74,-0.27,-10.76,10.79
11.572,0.74,-0.27,-10.76,10.79
11.582,0.74,-0.27,-10.76,10.79
11.592,0.74,-0.27,-10.76,10.79
11.602,0.74,-0.27,-10.76,10.79
11.612,0.74,-0.27,-10.76,10.79
11.622,0.74,-0.27,-10.76,10.79
11.632,0.74,-0.27,-10.76,10.79
11.642,0.74,-0.27,-10.76,10.79
11.652,0.74,-0.27,-10.76,10.79
11.662,0.74,-0.27,-10.76,10.79
11.672,0.74,-0.27,-10.76,10.79
11.682,0.74,-0.27,-10.76,10.79
11.692,0.74,-0.27,-10.76,10.79
11.702,0.74,-0.27,-10.76,10.79
11.712,0.74,-0.27,-10.76,10.79
11.722,0.74,-0.27,-10.76,10.79
11.732,0.74,-0.27,-10.76,10.79
11.742,0.74,-0.27,-10.76,10.79
11.752,0.74,-0.27,-10.76,10.79
11.762,0.74,-0.27,-10.76,10.79
11.772,0.74,-0.27,-10.76,10.79
11.782,0.74,-0.27,-10.76,10.79
11.792,0.74,-0.27,-10.76,10.79
11.802,0.74,-0.27,-10.76,10.79
11.812,0.74,-0.27,-10.76,10.79
11.822,0.74,-0.27,-10.76,10.79
11.832,0.74,-0.27,-10.76,10.79
11.842,0.74,-0.27,-10.76,10.79
11.852,0.74,-0.27,-10.76,10.79
11.862,0.74,-0.27,-10.76,10.79
11.872,0.74,-0.27,-10.76,10.79
11.882,0.74,-0.27,-10.76,10.79
11.892,0.74,-0.27,-10.76,10.79
11.902,0.74,-0.27,-10.76,10.79
11.912,0.74,-0.27,-10.76,10.79
11.922,0.74,-0.27,-10.76,10.79
11.932,0.74,-0.27,-10.76,10.79
11.942,0.74,-0.27,-10.76,10.79
11.952,0.74,-0.27,-10.76,10.79
11.962,0.74,-0.27,-10.76,10.79
11.972,0.74,-0.27,-10.76,10.79
11.982,0.74,-0.27,-10.76,10.79
11.992,0.74,-0.27,-10.76,10.79
12.002,0.74,-0.27,-10.76,10.79
12.012,0.74,-0.27,-10.76,10.79
12.022,0.74,-0.27,-10.76,10.79
12.032,0.74,-0.27,-10.76,10.79
12.042,0.74,-0.27,-10.76,10.79
12.052,0.74,-0.27,-10.76,10.79
12.062,0.74,-0.27,-10.76,10.79
12.072,0.74,-0.27,-10.76,10.79
12.082,0.74,-0.27,-10.76,10.79
12.092,0.74,-0.27,-10.76,10.79
12.102,0.74,-0.27,-10.76,10.79
12.112,0.74,-0.27,-10.76,10.79
12.122,0.74,-0.27,-10.76,10.79
12.132,0.74,-0.27,-10.76,10.79
12.142,0.74,-0.27,-10.76,10.79
12.152,0.74,-0.27,-10.76,10.79
12.162,0.74,-0.27,-10.76,10.79
12.172,0.74,-0.27,-10.76,10.79
12.182,0.74,-0.27,-10.76,10.79
12.192,0.74,-0.27,-10.76,10.79
12.202,0.74,-0.27,-10.76,10.79
12.212,0.74,-0.27,-10.76,10.79
12.222,0.74,-0.27,-10.76,10.79
12.232,0.74,-0.27,-10.76,10.79
12.242,0.74,-0.27,-10.76,10.79
12.252,0.74,-0.27,-10.76,10.79
12.262,0.74,-0.27,-10.76,10.79
12.272,0.74,-0.27,-10.76,10.79
12.282,0.74,-0.27,-10.76,10.79
12.292,0.74,-0.27,-10.76,10.79
12.302,0.74,-0.27,-10.76,10.79
12.312,0.74,-0.27,-10.76,10.79
12.322,0.74,-0.27,-10.76,10.79
12.332,0.74,-0.27,-10.76,10.79
12.342,0.74,-0.27,-10.76,10.79
12.352,0.74,-0.27,-10.76,10.79
12.362,0.74,-0.27,-10.76,10.79
12.372,0.74,-0.27,-10.76,10.79
12.382,0.74,-0.27,-10.76,10.79
12.392,0.74,-0.27,-10.76,10.79
12.402,0.74,-0.27,-10.76,10.79
12.412,0.74,-0.27,-10.76,10.79
12.422,0.74,-0.27,-10.76,10.79
12.432,0.74,-0.27,-10.76,10.79
12.442,0.74,-0.27,-10.76,10.79
12.452,0.74,-0.27,-10.76,10.79
12.462,0.74,-0.27,-10.76,10.79
12.472,0.74,-0.27,-10.76,10.79
12.482,0.74,-0.27,-10.76,10.79
12.492,0.74,-0.27,-10.76,10.79
12.502,0.74,-0.27,-10.76,10.79
12.512,0.74,-0.27,-10.76,10.79
12.522,0.74,-0.27,-10.76,10.79
12.532,0.74,-0.27,-10.76,10.79
12.542,0.74,-0.27,-10.76,10.79
12.552,0.74,-0.27,-10.76,10.79
12.562,0.74,-0.27,-10.76,10.79
12.572,0.74,-0.27,-10.76,10.79
12.582,0.74,-0.27,-10.76,10.79
12.592,0.74,-0.27,-10.76,10.79
12.602,0.74,-0.27,-10.76,10.79
12.612,0.74,-0.27,-10.76,10.79
12.622,0.74,-0.27,-10.76,10.79
12.632,0.74,-0.27,-10.76,10.79
12.642,0.74,-0.27,-10.76,10.79
12.652,0.74,-0.27,-10.76,10.79
12.662,0.74,-0.27,-10.76,10.79
12.672,0.74,-0.27,-10.76,10.79
12.682,0.74,-0.27,-10.76,10.79
12.692,0.74,-0.27,-10.76,10.79
12.702,0.74,-0.27,-10.76,10.79
12.712,0.74,-0.27,-10.76,10.79
12.722,0.74,-0.27,-10.76,10.79
12.732,0.74,-0.27,-10.76,10.79
12.742,0.74,-0.27,-10.76,10.79
12.752,0.74,-0.27,-10.76,10.79
12.762,0.74,-0.27,-10.76,10.79
12.772,0.74,-0.27,-10.76,10.79
12.782,0.74,-0.27,-10.76,10.79
12.792,0.74,-0.27,-10.76,10.79
12.802,0.74,-0.27,-10.76,10.79
12.812,0.74,-0.27,-10.76,10.79
12.822,0.74,-0.27,-10.76,10.79
12.832,0.74,-0.27,-10.76,10.79
12.842,0.74,-0.27,-10.76,10.79
12.852,0.74,-0.27,-10.76,10.79
12.862,0.74,-0.27,-10.76,10.79
12.872,0.74,-0.27,-10.76,10.79
12.882,0.74,-0.27,-10.76,10.79
12.892,0.74,-0.27,-10.76,10.79
12.902,0.74,-0.27,-10.76,10.79
12.912,0.74,-0.27,-10.76,10.79
12.922,0.74,-0.27,-10.76,10.79
12.932,0.74,-0.27,-10.76,10.79
12.942,0.74,-0.27,-10.76,10.79
12.952,0.74,-0.27,-10.76,10.79
12.962,0.74,-0.27,-10.76,10.79
12.972,0.74,-0.27,-10.76,10.79
12.982,0.74,-0.27,-10.76,10.79
12.992,0.74,-0.27,-10.76,10.79
13.002,0.74,-0.27,-10.76,10.79
13.012,0.74,-0.27,-10.76,10.79
13.022,0.74,-0.27,-10.76,10.79
13.032,0.74,-0.27,-10.76,10.79
13.042,0.74,-0.27,-10.76,10.79
13.052,0.74,-0.27,-10.76,10.79
13.062,0.74,-0.27,-10.76,10.79
13.072,0.74,-0.27,-10.76,10.79
13.082,0.74,-0.27,-10.76,10.79
13.092,0.74,-0.27,-10.76,10.79
13.102,0.74,-0.27,-10.76,10.79
13.112,0.74,-0.27,-10.76,10.79
13.122,0.74,-0.27,-10.76,10.79
13.132,0.74,-0.27,-10.76,10.79
13.142,0.74,-0.27,-10.76,10.79
13.152,0.74,-0.27,-10.76,10.79
13.162,0.74,-0.27,-10.76,10.79
13.172,0.74,-0.27,-10.76,10.79
13.182,0.74,-0.27,-10.76,10.79
13.192,0.74,-0.27,-10.76,10.79
13.202,0.74,-0.27,-10.76,10.79
13.212,0.74,-0.27,-10.76,10.79
13.222,0.74,-0.27,-10.76,10.79
13.232,0.74,-0.27,-10.76,10.79
13.242,0.74,-0.27,-10.76,10.79
13.252,0.74,-0.27,-10.76,10.79
13.262,0.74,-0.27,-10.76,10.79
13.272,0.74,-0.27,-10.76,10.79
13.282,0.74,-0.27,-10.76,10.79
13.292,0.74,-0.27,-10.76,10.79
13.302,0.74,-0.27,-10.76,10.79
13.312,0.74,-0.27,-10.76,10.79
13.322,0.74,-0.27,-10.76,10.79
13.332,0.74,-0.27,-10.76,10.79
13.342,0.74,-0.27,-10.76,10.79
13.352,0.74,-0.27,-10.76,10.79
13.362,0.74,-0.27,-10.76,10.79
13.372,0.74,-0.27,-10.76,10.79
13.382,0.74,-0.27,-10.76,10.79
13.392,0.74,-0.27,-10.76,10.79
13.402,0.74,-0.27,-10.76,10.79
13.412,0.74,-0.27,-10.76,10.79
13.422,0.74,-0.27,-10.76,10.79
13.432,0.74,-0.27,-10.76,10.79
13.442,0.74,-0.27,-10.76,10.79
13.452,0.74,-0.27,-10.76,10.79
13.462,0.74,-0.27,-10.76,10.79
13.472,0.74,-0.27,-10.76,10.79
13.482,0.74,-0.27,-10.76,10.79
13.492,0.74,-0.27,-10.76,10.79
13.502,0.74,-0.27,-10.76,10.79
13.512,0.74,-0.27,-10.76,10.79
13.522,0.74,-0.27,-10.76,10.79
13.532,0.74,-0.27,-10.76,10.79
13.542,0.74,-0.27,-10.76,10.79
13.552,0.74,-0.27,-10.76,10.79
13.562,0.74,-0.27,-10.76,10.79
13.572,0.74,-0.27,-10.76,10.79
13.582,0.74,-0.27,-10.76,10.79
13.592,0.74,-0.27,-10.76,10.79
13.602,0.74,-0.27,-10.76,10.79
13.612,0.74,-0.27,-10.76,10.79
13.622,0.74,-0.27,-10.76,10.79
13.632,0.74,-0.27,-10.76,10.79
13.642,0.74,-0.27,-10.76,10.79
13.652,0.74,-0.27,-10.76,10.79
13.662,0.74,-0.27,-10.76,10.79
13.672,0.74,-0.27,-10.76,10.79
13.682,0.74,-0.27,-10.76,10.79
13.692,0.74,-0.27,-10.76,10.79
13.702,0.74,-0.27,-10.76,10.79
13.712,0.74,-0.27,-10.76,10.79
13.722,0.74,-0.27,-10.76,10.79
13.732,0.74,-0.27,-10.76,10.79
13.742,0.74,-0.27,-10.76,10.79
13.752,0.74,-0.27,-10.76,10.79
13.762,0.74,-0.27,-10.76,10.79
13.772,0.74,-0.27,-10.76,10.79
13.782,0.74,-0.27,-10.76,10.79
13.792,0.74,-0.27,-10.76,10.79
13.802,0.74,-0.27,-10.76,10.79
13.812,0.74,-0.27,-10.76,10.79
13.822,0.74,-0.27,-10.76,10.79
13.832,0.74,-0.27,-10.76,10.79
13.842,0.74,-0.27,-10.76,10.79
13.852,0.74,-0.27,-10.76,10.79
13.862,0.74,-0.27,-10.76,10.79
13.872,0.74,-0.27,-10.76,10.79
13.882,0.74,-0.27,-10.76,10.79
13.892,0.74,-0.27,-10.76,10.79
13.902,0.74,-0.27,-10.76,10.79
13.912,0.74,-0.27,-10.76,10.79
13.922,0.74,-0.27,-10.76,10.79
13.932,0.74,-0.27,-10.76,10.79
13.942,0.74,-0.27,-10.76,10.79
13.952,0.74,-0.27,-10.76,10.79
13.962,0.74,-0.27,-10.76,10.79
13.972,0.74,-0.27,-10.76,10.79
13.982,0.74,-0.27,-10.76,10.79
13.992,0.74,-0.27,-10.76,10.79
14.002,0.74,-0.27,-10.76,10.79
14.012,0.74,-0.27,-10.76,10.79
14.022,0.74,-0.27,-10.76,10.79
14.032,0.74,-0.27,-10.76,10.79
14.042,0.74,-0.27,-10.76,10.79
14.052,0.74,-0.27,-10.76,10.79
14.062,0.74,-0.27,-10.76,10.79
14.072,0.74,-0.27,-10.76,10.79
14.082,0.74,-0.27,-10.76,10.79
14.092,0.74,-0.27,-10.76,10.79
14.102,0.74,-0.27,-10.76,10.79
14.112,0.74,-0.27,-10.76,10.79
14.122,0.74,-0.27,-10.76,10.79
14.132,0.74,-0.27,-10.76,10.79
14.142,0.74,-0.27,-10.76,10.79
14.152,0.74,-0.27,-10.76,10.79
14.162,0.74,-0.27,-10.76,10.79
14.172,0.74,-0.27,-10.76,10.79
14.182,0.74,-0.27,-10.76,10.79
14.192,0.74,-0.27,-10.76,10.79
14.202,0.74,-0.27,-10.76,10.79
14.212,0.74,-0.27,-10.76,10.79
14.222,0.74,-0.27,-10.76,10.79
14.232,0.74,-0.27,-10.76,10.79
14.242,0.74,-0.27,-10.76,10.79
14.252,0.74,-0.27,-10.76,10.79
14.262,0.74,-0.27,-10.76,10.79
14.272,0.74,-0.27,-10.76,10.79
14.282,0.74,-0.27,-10.76,10.79
14.292,0.74,-0.27,-10.76,10.79
14.302,0.74,-0.27,-10.76,10.79
14.312,0.74,-0.27,-10.76,10.79
14.322,0.74,-0.27,-10.76,10.79
14.332,0.74,-0.27,-10.76,10.79
14.342,0.74,-0.27,-10.76,10.79
14.352,0.74,-0.27,-10.76,10.79
14.362,0.74,-0.27,-10.76,10.79
14.372,0.74,-0.27,-10.76,10.79
14.382,0.74,-0.27,-10.76,10.79
14.392,0.74,-0.27,-10.76,10.79
14.402,0.74,-0.27,-10.76,10.79
14.412,0.74,-0.27,-10.76,10.79
14.422,0.74,-0.27,-10.76,10.79
14.432,0.74,-0.27,-10.76,10.79
14.442,0.74,-0.27,-10.76,10.79
14.452,0.74,-0.27,-10.76,10.79
14.462,0.74,-0.27,-10.76,10.79
14.472,0.74,-0.27,-10.76,10.79
14.482,0.74,-0.27,-10.76,10.79
14.492,0.74,-0.27,-10.76,10.79
14.502,0.74,-0.27,-10.76,10.79
14.512,0.74,-0.27,-10.76,10.79
14.522,0.74,-0.27,-10.76,10.79
14.532,0.74,-0.27,-10.76,10.79
14.542,0.74,-0.27,-10.76,10.79
14.552,0.74,-0.27,-10.76,10.79
14.562,0.74,-0.27,-10.76,10.79
14.572,0.74,-0.27,-10.76,10.79
14.582,0.74,-0.27,-10.76,10.79
14.592,0.74,-0.27,-10.76,10.79
14.602,0.74,-0.27,-10.76,10.79
14.612,0.74,-0.27,-10.76,10.79
14.622,0.74,-0.27,-10.76,10.79
14.632,0.74,-0.27,-10.76,10.79
14.642,0.74,-0.27,-10.76,10.79
14.652,0.74,-0.27,-10.76,10.79
14.662,0.74,-0.27,-10.76,10.79
14.672,0.74,-0.27,-10.76,10.79
14.682,0.74,-0.27,-10.76,10.79
14.692,0.74,-0.27,-10.76,10.79
14.702,0.74,-0.27,-10.76,10.79
14.712,0.74,-0.27,-10.76,10.79
14.722,0.74,-0.27,-10.76,10.79
14.732,0.74,-0.27,-10.76,10.79
14.742,0.74,-0.27,-10.76,10.79
14.752,0.74,-0.27,-10.76,10.79
14.762,0.74,-0.27,-10.76,10.79
14.772,0.74,-0.27,-10.76,10.79
14.782,0.74,-0.27,-10.76,10.79
14.792,0.74,-0.27,-10.76,10.79
14.802,0.74,-0.27,-10.76,10.79
14.812,0.74,-0.27,-10.76,10.79
14.822,0.74,-0.27,-10.76,10.79
14.832,0.74,-0.27,-10.76,10.79
14.842,0.74,-0.27,-10.76,10.79
14.852,0.74,-0.27,-10.76,10.79
14.862,0.74,-0.27,-10.76,10.79
14.872,0.74,-0.27,-10.76,10.79
14.882,0.74,-0.27,-10.76,10.79
14.892,0.74,-0.27,-10.76,10.79
14.902,0.74,-0.27,-10.76,10.79
14.912,0.74,-0.27,-10.76,10.79
14.922,0.74,-0.27,-10.76,10.79
14.932,0.74,-0.27,-10.76,10.79
14.942,0.74,-0.27,-10.76,10.79
14.952,0.74,-0.27,-10.76,10.79
14.962,0.74,-0.27,-10.76,10.79
14.972,0.74,-0.27,-10.76,10.79
14.982,0.74,-0.27,-10.76,10.79
14.992,0.74,-0.27,-10.76,10.79
15.002,0.74,-0.27,-10.76,10.79
15.012,0.74,-0.27,-10.76,10.79
15.022,0.74,-0.27,-10.76,10.79
15.032,0.74,-0.27,-10.76,10.79
15.042,0.74,-0.27,-10.76,10.79
15.052,0.74,-0.27,-10.76,10.79
15.062,0.74,-0.27,-10.76,10.79
15.072,0.74,-0.27,-10.76,10.79
15.082,0.74,-0.27,-10.76,10.79
15.092,0.74,-0.27,-10.76,10.79
15.102,0.74,-0.27,-10.76,10.79
15.112,0.74,-0.27,-10.76,10.79
15.122,0.74,-0.27,-10.76,10.79
15.132,0.74,-0.27,-10.76,10.79
15.142,0.74,-0.27,-10.76,10.79
15.152,0.74,-0.27,-10.76,10.79
15.162,0.74,-0.27,-10.76,10.79
15.172,0.74,-0.27,-10.76,10.79
15.182,0.74,-0.27,-10.76,10.79
15.192,0.74,-0.27,-10.76,10.79
15.202,0.74,-0.27,-10.76,10.79
15.212,0.74,-0.27,-10.76,10.79
15.222,0.74,-0.27,-10.76,10.79
15.232,0.74,-0.27,-10.76,10.79
15.242,0.74,-0.27,-10.76,10.79
15.252,0.74,-0.27,-10.76,10.79
15.262,0.74,-0.27,-10.76,10.79
15.272,0.74,-0.27,-10.76,10.79
15.282,0.74,-0.27,-10.76,10.79
15.292,0.74,-0.27,-10.76,10.79
15.302,0.74,-0.27,-10.76,10.79
15.312,0.74,-0.27,-10.76,10.79
15.322,0.74,-0.27,-10.76,10.79
15.332,0.74,-0.27,-10.76,10.79
15.342,0.74,-0.27,-10.76,10.79
15.352,0.74,-0.27,-10.76,10.79
15.362,0.74,-0.27,-10.76,10.79
15.372,0.74,-0.27,-10.76,10.79
15.382,0.74,-0.27,-10.76,10.79
15.392,0.74,-0.27,-10.76,10.79
15.402,0.74,-0.27,-10.76,10.79
15.412,0.74,-0.27,-10.76,10.79
15.422,0.74,-0.27,-10.76,10.79
15.432,0.74,-0.27,-10.76,10.79
15.442,0.74,-0.27,-10.76,10.79
15.452,0.74,-0.27,-10.76,10.79
15.462,0.74,-0.27,-10.76,10.79
15.472,0.74,-0.27,-10.76,10.79
15.482,0.74,-0.27,-10.76,10.79
15.492,0.74,-0.27,-10.76,10.79
15.502,0.74,-0.27,-10.76,10.79
15.512,0.74,-0.27,-10.76,10.79
15.522,0.74,-0.27,-10.76,10.79
15.532,0.74,-0.27,-10.76,10.79
15.542,0.74,-0.27,-10.76,10.79
